1,1,217,87,26,24,1,-1,-1,-1
1,2,1070,89,23,23,1,-1,-1,-1
1,3,885,100,23,22,1,-1,-1,-1
1,4,974,107,25,26,1,-1,-1,-1
1,5,257,118,24,23,1,-1,-1,-1
1,6,886,123,24,23,1,-1,-1,-1
1,7,270,130,24,22,1,-1,-1,-1
1,8,252,153,23,21,1,-1,-1,-1
1,9,288,159,16,22,1,-1,-1,-1
1,10,245,172,27,23,1,-1,-1,-1
1,11,847,190,22,23,1,-1,-1,-1
1,12,803,220,22,25,1,-1,-1,-1
1,13,272,244,24,36,1,-1,-1,-1
1,14,306,253,23,23,1,-1,-1,-1
1,15,246,261,20,23,1,-1,-1,-1
1,16,282,279,22,22,1,-1,-1,-1
1,17,817,288,21,26,1,-1,-1,-1
1,18,269,350,24,27,1,-1,-1,-1
1,19,294,359,24,22,1,-1,-1,-1
1,20,841,364,22,22,1,-1,-1,-1
1,21,822,388,22,21,1,-1,-1,-1
1,22,284,395,24,24,1,-1,-1,-1
1,23,823,410,22,21,1,-1,-1,-1
1,24,279,446,21,22,1,-1,-1,-1
1,25,840,461,20,23,1,-1,-1,-1
1,26,783,471,21,21,1,-1,-1,-1
1,27,795,486,22,22,1,-1,-1,-1
1,28,280,487,19,23,1,-1,-1,-1
1,29,324,509,22,25,1,-1,-1,-1
1,30,271,530,21,22,1,-1,-1,-1
1,31,299,538,21,27,1,-1,-1,-1
1,32,807,558,20,22,1,-1,-1,-1
1,33,360,574,25,27,1,-1,-1,-1
1,34,798,583,23,23,1,-1,-1,-1
1,35,318,585,21,18,1,-1,-1,-1
1,36,418,593,24,24,1,-1,-1,-1
1,37,728,602,22,23,1,-1,-1,-1
1,38,463,605,24,21,1,-1,-1,-1
1,39,403,606,21,24,1,-1,-1,-1
1,40,567,610,21,23,1,-1,-1,-1
1,41,748,613,22,23,1,-1,-1,-1
1,42,619,615,22,24,1,-1,-1,-1
1,43,687,627,25,22,1,-1,-1,-1
1,44,760,627,24,24,1,-1,-1,-1
1,45,497,628,21,23,1,-1,-1,-1
1,46,549,637,22,4,1,-1,-1,-1
1,47,406,648,22,25,1,-1,-1,-1
2,1,216,87,26,24,1,-1,-1,-1
2,3,884,100,23,23,1,-1,-1,-1
2,4,973,108,25,25,1,-1,-1,-1
2,5,257,118,24,22,1,-1,-1,-1
2,6,886,123,22,23,1,-1,-1,-1
2,7,268,128,23,22,1,-1,-1,-1
2,8,251,152,24,22,1,-1,-1,-1
2,9,288,156,14,22,1,-1,-1,-1
2,10,245,172,25,22,1,-1,-1,-1
2,11,847,192,22,21,1,-1,-1,-1
2,12,803,223,21,25,1,-1,-1,-1
2,13,271,244,25,32,1,-1,-1,-1
2,14,307,252,22,23,1,-1,-1,-1
2,15,246,260,20,23,1,-1,-1,-1
2,16,282,278,22,22,1,-1,-1,-1
2,17,817,294,21,26,1,-1,-1,-1
2,18,269,350,24,27,1,-1,-1,-1
2,19,294,359,24,22,1,-1,-1,-1
2,20,841,364,22,22,1,-1,-1,-1
2,21,822,389,22,21,1,-1,-1,-1
2,22,284,394,24,24,1,-1,-1,-1
2,23,823,410,22,22,1,-1,-1,-1
2,24,279,445,21,22,1,-1,-1,-1
2,25,840,462,19,23,1,-1,-1,-1
2,26,783,472,21,21,1,-1,-1,-1
2,27,795,487,22,22,1,-1,-1,-1
2,28,280,483,18,21,1,-1,-1,-1
2,29,324,509,22,24,1,-1,-1,-1
2,31,300,533,18,27,1,-1,-1,-1
2,32,806,559,20,23,1,-1,-1,-1
2,33,360,574,24,27,1,-1,-1,-1
2,34,797,584,24,23,1,-1,-1,-1
2,35,316,582,22,19,1,-1,-1,-1
2,36,417,593,24,23,1,-1,-1,-1
2,37,728,602,21,23,1,-1,-1,-1
2,38,459,606,24,20,1,-1,-1,-1
2,39,402,606,22,23,1,-1,-1,-1
2,40,566,611,21,22,1,-1,-1,-1
2,41,747,613,22,23,1,-1,-1,-1
2,42,618,616,22,23,1,-1,-1,-1
2,43,686,628,25,21,1,-1,-1,-1
2,44,760,628,23,23,1,-1,-1,-1
2,45,496,628,21,23,1,-1,-1,-1
2,46,539,624,27,17,1,-1,-1,-1
2,47,401,648,23,24,1,-1,-1,-1
3,1,215,87,27,24,1,-1,-1,-1
3,3,884,100,23,23,1,-1,-1,-1
3,4,972,108,24,25,1,-1,-1,-1
3,5,256,117,23,23,1,-1,-1,-1
3,6,886,124,21,22,1,-1,-1,-1
3,7,266,125,24,23,1,-1,-1,-1
3,8,251,152,24,21,1,-1,-1,-1
3,9,287,152,15,23,1,-1,-1,-1
3,10,244,171,25,23,1,-1,-1,-1
3,12,803,225,21,26,1,-1,-1,-1
3,13,271,243,25,27,1,-1,-1,-1
3,14,307,252,22,23,1,-1,-1,-1
3,15,246,259,20,24,1,-1,-1,-1
3,16,282,276,22,23,1,-1,-1,-1
3,17,816,300,22,24,1,-1,-1,-1
3,18,269,350,24,27,1,-1,-1,-1
3,19,294,358,24,22,1,-1,-1,-1
3,20,840,364,23,22,1,-1,-1,-1
3,21,822,389,22,22,1,-1,-1,-1
3,22,284,393,24,23,1,-1,-1,-1
3,23,823,411,22,22,1,-1,-1,-1
3,25,840,463,19,22,1,-1,-1,-1
3,26,782,473,22,21,1,-1,-1,-1
3,27,795,488,22,22,1,-1,-1,-1
3,29,324,508,22,25,1,-1,-1,-1
3,31,299,530,18,25,1,-1,-1,-1
3,32,805,562,21,22,1,-1,-1,-1
3,33,359,573,24,28,1,-1,-1,-1
3,34,797,584,24,23,1,-1,-1,-1
3,35,314,578,22,19,1,-1,-1,-1
3,36,417,593,23,23,1,-1,-1,-1
3,37,727,603,22,22,1,-1,-1,-1
3,38,454,605,24,21,1,-1,-1,-1
3,39,401,606,22,23,1,-1,-1,-1
3,40,566,611,20,22,1,-1,-1,-1
3,41,747,614,22,23,1,-1,-1,-1
3,42,616,616,23,24,1,-1,-1,-1
3,43,685,628,25,22,1,-1,-1,-1
3,44,760,628,23,23,1,-1,-1,-1
3,45,495,628,21,23,1,-1,-1,-1
3,46,534,625,26,16,1,-1,-1,-1
3,47,396,648,24,24,1,-1,-1,-1
3,48,758,119,18,16,1,-1,-1,-1
3,49,757,135,18,21,1,-1,-1,-1
3,50,757,156,15,18,1,-1,-1,-1
3,51,756,174,17,30,1,-1,-1,-1
3,52,793,187,15,13,1,-1,-1,-1
3,53,796,533,22,20,1,-1,-1,-1
4,1,215,87,26,24,1,-1,-1,-1
4,3,883,100,23,23,1,-1,-1,-1
4,4,970,108,25,25,1,-1,-1,-1
4,5,256,117,19,21,1,-1,-1,-1
4,6,885,124,21,22,1,-1,-1,-1
4,7,264,122,24,24,1,-1,-1,-1
4,8,251,151,24,22,1,-1,-1,-1
4,9,287,145,14,28,1,-1,-1,-1
4,10,244,171,24,22,1,-1,-1,-1
4,12,803,228,21,25,1,-1,-1,-1
4,13,270,241,25,24,1,-1,-1,-1
4,14,306,251,23,24,1,-1,-1,-1
4,15,246,259,20,23,1,-1,-1,-1
4,16,282,275,22,23,1,-1,-1,-1
4,17,816,305,22,25,1,-1,-1,-1
4,18,269,350,24,27,1,-1,-1,-1
4,19,294,357,24,22,1,-1,-1,-1
4,20,840,365,23,21,1,-1,-1,-1
4,21,822,390,22,21,1,-1,-1,-1
4,22,283,392,25,23,1,-1,-1,-1
4,23,823,412,22,21,1,-1,-1,-1
4,24,278,444,22,22,1,-1,-1,-1
4,25,840,463,20,23,1,-1,-1,-1
4,26,783,474,21,21,1,-1,-1,-1
4,27,795,489,22,21,1,-1,-1,-1
4,28,279,474,19,21,1,-1,-1,-1
4,29,324,508,22,24,1,-1,-1,-1
4,31,300,525,16,24,1,-1,-1,-1
4,32,804,563,20,22,1,-1,-1,-1
4,33,358,573,25,28,1,-1,-1,-1
4,34,797,584,23,23,1,-1,-1,-1
4,35,312,575,22,20,1,-1,-1,-1
4,36,416,593,24,23,1,-1,-1,-1
4,37,726,603,22,23,1,-1,-1,-1
4,38,448,605,24,21,1,-1,-1,-1
4,39,400,606,22,23,1,-1,-1,-1
4,40,564,611,21,22,1,-1,-1,-1
4,41,746,614,23,23,1,-1,-1,-1
4,42,615,616,23,24,1,-1,-1,-1
4,43,684,628,25,22,1,-1,-1,-1
4,44,760,628,23,23,1,-1,-1,-1
4,45,494,628,22,23,1,-1,-1,-1
4,46,527,624,27,18,1,-1,-1,-1
4,47,391,648,24,24,1,-1,-1,-1
4,48,759,119,17,16,1,-1,-1,-1
4,49,757,135,18,21,1,-1,-1,-1
4,50,757,156,15,18,1,-1,-1,-1
4,51,755,174,18,29,1,-1,-1,-1
4,53,794,537,23,20,1,-1,-1,-1
4,54,1068,121,24,26,1,-1,-1,-1
5,1,214,86,27,25,1,-1,-1,-1
5,2,1050,90,22,23,1,-1,-1,-1
5,3,883,100,23,23,1,-1,-1,-1
5,4,969,108,24,25,1,-1,-1,-1
5,5,255,116,16,21,1,-1,-1,-1
5,6,884,124,22,23,1,-1,-1,-1
5,7,262,119,25,25,1,-1,-1,-1
5,8,250,151,24,21,1,-1,-1,-1
5,9,285,144,14,26,1,-1,-1,-1
5,10,244,170,24,23,1,-1,-1,-1
5,12,802,231,22,25,1,-1,-1,-1
5,13,269,236,26,27,1,-1,-1,-1
5,14,306,250,23,24,1,-1,-1,-1
5,15,246,258,20,24,1,-1,-1,-1
5,16,281,274,23,23,1,-1,-1,-1
5,17,815,311,22,24,1,-1,-1,-1
5,18,269,350,24,26,1,-1,-1,-1
5,19,294,356,23,22,1,-1,-1,-1
5,20,840,364,22,22,1,-1,-1,-1
5,21,822,391,22,21,1,-1,-1,-1
5,22,283,390,25,23,1,-1,-1,-1
5,23,823,412,22,22,1,-1,-1,-1
5,24,279,444,21,21,1,-1,-1,-1
5,25,840,464,20,23,1,-1,-1,-1
5,26,782,474,21,22,1,-1,-1,-1
5,27,794,490,23,21,1,-1,-1,-1
5,28,279,470,18,21,1,-1,-1,-1
5,29,324,507,21,24,1,-1,-1,-1
5,31,299,519,16,25,1,-1,-1,-1
5,32,803,565,21,22,1,-1,-1,-1
5,33,359,573,23,27,1,-1,-1,-1
5,34,797,585,23,23,1,-1,-1,-1
5,35,311,572,20,19,1,-1,-1,-1
5,36,416,593,23,23,1,-1,-1,-1
5,37,726,603,21,23,1,-1,-1,-1
5,38,442,605,24,21,1,-1,-1,-1
5,39,400,606,21,23,1,-1,-1,-1
5,40,563,611,21,22,1,-1,-1,-1
5,41,746,614,22,23,1,-1,-1,-1
5,42,614,616,23,24,1,-1,-1,-1
5,43,684,628,24,22,1,-1,-1,-1
5,44,760,628,23,23,1,-1,-1,-1
5,45,493,628,22,23,1,-1,-1,-1
5,46,522,624,26,18,1,-1,-1,-1
5,47,388,648,24,24,1,-1,-1,-1
5,48,759,118,17,17,1,-1,-1,-1
5,49,757,135,18,39,1,-1,-1,-1
5,53,793,541,23,21,1,-1,-1,-1
5,54,1067,121,24,26,1,-1,-1,-1
6,1,213,86,27,25,1,-1,-1,-1
6,3,882,100,24,23,1,-1,-1,-1
6,4,967,108,25,25,1,-1,-1,-1
6,6,883,124,22,23,1,-1,-1,-1
6,7,254,116,31,27,1,-1,-1,-1
6,8,250,150,24,22,1,-1,-1,-1
6,9,283,143,13,25,1,-1,-1,-1
6,10,243,169,25,23,1,-1,-1,-1
6,12,802,234,21,25,1,-1,-1,-1
6,14,306,250,23,24,1,-1,-1,-1
6,15,246,257,20,25,1,-1,-1,-1
6,16,281,273,22,22,1,-1,-1,-1
6,17,815,317,21,23,1,-1,-1,-1
6,18,269,350,24,27,1,-1,-1,-1
6,19,294,355,23,22,1,-1,-1,-1
6,20,840,364,22,22,1,-1,-1,-1
6,21,822,391,22,21,1,-1,-1,-1
6,22,283,389,25,23,1,-1,-1,-1
6,23,823,413,22,21,1,-1,-1,-1
6,24,278,443,22,21,1,-1,-1,-1
6,25,840,464,20,23,1,-1,-1,-1
6,26,781,475,22,21,1,-1,-1,-1
6,27,794,490,23,22,1,-1,-1,-1
6,28,279,465,17,23,1,-1,-1,-1
6,29,324,506,21,25,1,-1,-1,-1
6,31,298,513,15,26,1,-1,-1,-1
6,32,803,566,20,22,1,-1,-1,-1
6,33,358,572,24,27,1,-1,-1,-1
6,34,796,586,23,23,1,-1,-1,-1
6,35,309,569,21,19,1,-1,-1,-1
6,36,415,593,23,23,1,-1,-1,-1
6,37,725,603,22,23,1,-1,-1,-1
6,38,437,604,24,22,1,-1,-1,-1
6,39,399,605,22,24,1,-1,-1,-1
6,40,562,611,21,22,1,-1,-1,-1
6,41,746,614,22,23,1,-1,-1,-1
6,42,613,616,22,24,1,-1,-1,-1
6,43,683,628,24,22,1,-1,-1,-1
6,44,760,628,23,23,1,-1,-1,-1
6,45,492,628,22,23,1,-1,-1,-1
6,46,514,623,28,20,1,-1,-1,-1
6,47,387,648,20,22,1,-1,-1,-1
6,48,759,119,17,16,1,-1,-1,-1
6,51,755,174,18,30,1,-1,-1,-1
6,53,791,544,22,24,1,-1,-1,-1
6,54,1066,121,25,26,1,-1,-1,-1
6,55,271,239,24,23,1,-1,-1,-1
6,56,268,231,18,22,1,-1,-1,-1
6,57,757,135,18,22,1,-1,-1,-1
6,58,756,157,16,17,1,-1,-1,-1
6,59,1139,104,24,23,1,-1,-1,-1
6,60,763,109,15,12,1,-1,-1,-1
7,1,213,86,27,25,1,-1,-1,-1
7,2,1041,89,22,24,1,-1,-1,-1
7,3,882,100,23,23,1,-1,-1,-1
7,4,966,108,25,26,1,-1,-1,-1
7,6,883,125,21,22,1,-1,-1,-1
7,7,254,116,29,25,1,-1,-1,-1
7,8,250,149,24,22,1,-1,-1,-1
7,9,282,140,13,25,1,-1,-1,-1
7,10,243,169,24,23,1,-1,-1,-1
7,14,306,250,23,23,1,-1,-1,-1
7,15,246,257,19,24,1,-1,-1,-1
7,16,282,272,21,22,1,-1,-1,-1
7,17,815,321,21,24,1,-1,-1,-1
7,18,269,350,24,27,1,-1,-1,-1
7,19,294,355,23,21,1,-1,-1,-1
7,20,840,364,22,22,1,-1,-1,-1
7,21,822,392,22,21,1,-1,-1,-1
7,22,283,388,24,23,1,-1,-1,-1
7,23,823,414,22,21,1,-1,-1,-1
7,24,278,442,22,21,1,-1,-1,-1
7,25,840,465,20,23,1,-1,-1,-1
7,26,781,476,21,21,1,-1,-1,-1
7,27,794,491,23,22,1,-1,-1,-1
7,28,279,463,16,21,1,-1,-1,-1
7,29,324,505,21,24,1,-1,-1,-1
7,31,295,508,18,25,1,-1,-1,-1
7,32,802,567,21,22,1,-1,-1,-1
7,33,357,572,24,27,1,-1,-1,-1
7,34,796,587,23,23,1,-1,-1,-1
7,35,308,565,19,19,1,-1,-1,-1
7,36,414,593,23,23,1,-1,-1,-1
7,37,724,604,22,22,1,-1,-1,-1
7,38,433,604,23,21,1,-1,-1,-1
7,39,398,605,22,24,1,-1,-1,-1
7,40,561,611,21,22,1,-1,-1,-1
7,41,745,615,23,22,1,-1,-1,-1
7,42,612,616,22,24,1,-1,-1,-1
7,43,682,628,25,21,1,-1,-1,-1
7,44,760,628,23,23,1,-1,-1,-1
7,45,491,628,22,23,1,-1,-1,-1
7,46,511,624,24,20,1,-1,-1,-1
7,47,379,648,25,23,1,-1,-1,-1
7,48,758,118,18,17,1,-1,-1,-1
7,51,755,174,18,41,1,-1,-1,-1
7,53,789,548,22,23,1,-1,-1,-1
7,54,1066,122,22,24,1,-1,-1,-1
7,55,271,239,24,22,1,-1,-1,-1
7,56,267,227,19,21,1,-1,-1,-1
7,57,756,135,19,39,1,-1,-1,-1
7,61,792,200,15,10,1,-1,-1,-1
7,62,271,531,20,21,1,-1,-1,-1
8,1,212,87,27,24,1,-1,-1,-1
8,2,1036,90,22,23,1,-1,-1,-1
8,3,881,101,23,22,1,-1,-1,-1
8,4,964,108,25,26,1,-1,-1,-1
8,6,882,125,22,23,1,-1,-1,-1
8,7,254,116,27,23,1,-1,-1,-1
8,8,249,149,24,22,1,-1,-1,-1
8,9,280,138,14,25,1,-1,-1,-1
8,10,243,168,23,23,1,-1,-1,-1
8,14,306,249,23,23,1,-1,-1,-1
8,15,246,257,20,23,1,-1,-1,-1
8,16,282,271,22,22,1,-1,-1,-1
8,17,815,327,21,23,1,-1,-1,-1
8,18,269,350,24,27,1,-1,-1,-1
8,19,294,354,23,21,1,-1,-1,-1
8,20,840,365,23,21,1,-1,-1,-1
8,21,822,393,22,21,1,-1,-1,-1
8,22,283,386,24,24,1,-1,-1,-1
8,23,823,414,22,21,1,-1,-1,-1
8,24,278,440,22,41,1,-1,-1,-1
8,25,840,466,21,22,1,-1,-1,-1
8,26,781,477,21,21,1,-1,-1,-1
8,27,794,492,23,22,1,-1,-1,-1
8,29,324,505,21,24,1,-1,-1,-1
8,31,294,503,19,26,1,-1,-1,-1
8,32,801,569,21,21,1,-1,-1,-1
8,33,357,571,23,28,1,-1,-1,-1
8,34,795,588,24,23,1,-1,-1,-1
8,35,306,561,21,20,1,-1,-1,-1
8,36,413,593,23,23,1,-1,-1,-1
8,37,724,604,21,23,1,-1,-1,-1
8,38,428,604,23,21,1,-1,-1,-1
8,39,398,605,21,24,1,-1,-1,-1
8,40,560,612,21,20,1,-1,-1,-1
8,41,745,615,22,22,1,-1,-1,-1
8,42,611,617,22,23,1,-1,-1,-1
8,43,681,628,25,21,1,-1,-1,-1
8,44,760,628,24,23,1,-1,-1,-1
8,45,490,628,21,23,1,-1,-1,-1
8,46,507,624,20,19,1,-1,-1,-1
8,47,375,647,25,24,1,-1,-1,-1
8,48,758,118,19,17,1,-1,-1,-1
8,51,755,174,18,31,1,-1,-1,-1
8,53,787,553,22,23,1,-1,-1,-1
8,54,1065,122,29,26,1,-1,-1,-1
8,55,271,238,24,22,1,-1,-1,-1
8,56,266,221,19,23,1,-1,-1,-1
8,57,756,135,19,39,1,-1,-1,-1
9,1,212,86,26,25,1,-1,-1,-1
9,2,1031,90,23,23,1,-1,-1,-1
9,3,881,101,23,22,1,-1,-1,-1
9,4,963,108,25,26,1,-1,-1,-1
9,6,882,125,21,23,1,-1,-1,-1
9,7,253,115,25,23,1,-1,-1,-1
9,8,249,149,24,21,1,-1,-1,-1
9,9,279,135,15,25,1,-1,-1,-1
9,10,242,168,24,22,1,-1,-1,-1
9,14,306,248,23,24,1,-1,-1,-1
9,15,245,256,20,24,1,-1,-1,-1
9,16,281,269,22,23,1,-1,-1,-1
9,17,815,332,21,23,1,-1,-1,-1
9,18,269,350,24,27,1,-1,-1,-1
9,19,294,353,23,22,1,-1,-1,-1
9,20,840,364,23,22,1,-1,-1,-1
9,21,822,393,22,22,1,-1,-1,-1
9,22,283,385,24,24,1,-1,-1,-1
9,23,823,415,21,21,1,-1,-1,-1
9,24,278,440,22,37,1,-1,-1,-1
9,25,840,466,20,23,1,-1,-1,-1
9,26,780,478,22,21,1,-1,-1,-1
9,27,794,493,23,21,1,-1,-1,-1
9,29,324,504,21,24,1,-1,-1,-1
9,31,293,497,20,27,1,-1,-1,-1
9,32,800,570,21,21,1,-1,-1,-1
9,33,356,571,24,27,1,-1,-1,-1
9,34,795,589,23,23,1,-1,-1,-1
9,35,306,557,19,20,1,-1,-1,-1
9,36,413,593,23,23,1,-1,-1,-1
9,37,723,604,22,23,1,-1,-1,-1
9,38,423,604,23,21,1,-1,-1,-1
9,39,397,605,22,24,1,-1,-1,-1
9,41,744,615,23,23,1,-1,-1,-1
9,42,610,617,22,23,1,-1,-1,-1
9,43,680,628,25,22,1,-1,-1,-1
9,44,760,628,24,23,1,-1,-1,-1
9,45,489,628,20,22,1,-1,-1,-1
9,47,370,646,27,24,1,-1,-1,-1
9,48,759,119,17,16,1,-1,-1,-1
9,51,755,174,18,31,1,-1,-1,-1
9,53,784,556,22,24,1,-1,-1,-1
9,54,1064,121,24,26,1,-1,-1,-1
9,55,271,236,24,23,1,-1,-1,-1
9,56,265,216,19,23,1,-1,-1,-1
9,57,757,135,18,25,1,-1,-1,-1
9,59,1119,107,27,19,1,-1,-1,-1
10,1,211,86,26,24,1,-1,-1,-1
10,3,880,101,23,22,1,-1,-1,-1
10,4,961,108,25,26,1,-1,-1,-1
10,6,881,126,21,23,1,-1,-1,-1
10,7,253,114,24,23,1,-1,-1,-1
10,8,249,148,24,21,1,-1,-1,-1
10,9,277,133,14,25,1,-1,-1,-1
10,10,242,167,24,23,1,-1,-1,-1
10,14,306,247,22,24,1,-1,-1,-1
10,15,245,255,20,24,1,-1,-1,-1
10,16,282,268,21,23,1,-1,-1,-1
10,17,814,337,21,22,1,-1,-1,-1
10,18,269,350,23,27,1,-1,-1,-1
10,19,294,352,24,22,1,-1,-1,-1
10,20,840,365,23,21,1,-1,-1,-1
10,21,822,394,22,21,1,-1,-1,-1
10,22,283,384,24,24,1,-1,-1,-1
10,23,823,416,22,21,1,-1,-1,-1
10,24,279,439,21,33,1,-1,-1,-1
10,25,840,467,20,23,1,-1,-1,-1
10,26,780,479,22,21,1,-1,-1,-1
10,27,794,494,23,21,1,-1,-1,-1
10,29,323,503,22,25,1,-1,-1,-1
10,31,292,492,21,26,1,-1,-1,-1
10,32,800,571,21,21,1,-1,-1,-1
10,33,356,571,23,27,1,-1,-1,-1
10,34,795,590,23,23,1,-1,-1,-1
10,35,304,554,19,19,1,-1,-1,-1
10,36,411,592,27,26,1,-1,-1,-1
10,37,722,604,22,23,1,-1,-1,-1
10,39,396,605,22,24,1,-1,-1,-1
10,41,744,615,22,23,1,-1,-1,-1
10,42,608,617,23,23,1,-1,-1,-1
10,43,679,628,25,22,1,-1,-1,-1
10,44,760,628,24,23,1,-1,-1,-1
10,47,366,646,26,24,1,-1,-1,-1
10,48,759,119,17,16,1,-1,-1,-1
10,51,755,174,18,31,1,-1,-1,-1
10,53,782,560,22,24,1,-1,-1,-1
10,54,1064,122,23,25,1,-1,-1,-1
10,55,271,236,24,22,1,-1,-1,-1
10,56,264,210,19,24,1,-1,-1,-1
10,57,757,135,18,24,1,-1,-1,-1
10,59,1113,107,26,18,1,-1,-1,-1
11,1,211,86,26,24,1,-1,-1,-1
11,3,880,101,23,22,1,-1,-1,-1
11,4,960,109,24,26,1,-1,-1,-1
11,6,881,126,21,23,1,-1,-1,-1
11,7,251,113,25,23,1,-1,-1,-1
11,8,248,147,24,22,1,-1,-1,-1
11,9,275,131,15,25,1,-1,-1,-1
11,10,241,166,24,23,1,-1,-1,-1
11,14,306,247,23,24,1,-1,-1,-1
11,15,245,255,20,24,1,-1,-1,-1
11,16,281,267,22,23,1,-1,-1,-1
11,17,813,342,22,21,1,-1,-1,-1
11,18,269,350,24,27,1,-1,-1,-1
11,19,293,351,25,22,1,-1,-1,-1
11,20,841,364,22,22,1,-1,-1,-1
11,21,822,395,22,21,1,-1,-1,-1
11,22,283,382,24,24,1,-1,-1,-1
11,23,823,416,22,21,1,-1,-1,-1
11,25,840,467,20,23,1,-1,-1,-1
11,26,780,480,21,21,1,-1,-1,-1
11,27,794,494,22,22,1,-1,-1,-1
11,29,323,503,22,24,1,-1,-1,-1
11,31,293,488,21,24,1,-1,-1,-1
11,32,800,572,20,21,1,-1,-1,-1
11,33,355,570,23,28,1,-1,-1,-1
11,34,794,591,23,23,1,-1,-1,-1
11,35,303,550,18,19,1,-1,-1,-1
11,36,411,592,23,23,1,-1,-1,-1
11,37,721,605,22,22,1,-1,-1,-1
11,38,417,612,17,11,1,-1,-1,-1
11,39,395,605,21,24,1,-1,-1,-1
11,41,744,616,22,22,1,-1,-1,-1
11,42,607,617,23,23,1,-1,-1,-1
11,43,679,629,25,21,1,-1,-1,-1
11,44,760,628,23,23,1,-1,-1,-1
11,47,363,645,24,24,1,-1,-1,-1
11,48,759,119,17,16,1,-1,-1,-1
11,51,756,174,17,31,1,-1,-1,-1
11,53,780,564,21,24,1,-1,-1,-1
11,55,270,235,25,22,1,-1,-1,-1
11,56,262,205,21,25,1,-1,-1,-1
11,57,757,135,18,23,1,-1,-1,-1
11,62,271,531,20,21,1,-1,-1,-1
11,63,757,159,16,15,1,-1,-1,-1
12,1,210,86,26,24,1,-1,-1,-1
12,3,880,101,22,22,1,-1,-1,-1
12,4,958,109,25,26,1,-1,-1,-1
12,6,881,126,20,23,1,-1,-1,-1
12,7,249,111,28,25,1,-1,-1,-1
12,8,248,147,24,21,1,-1,-1,-1
12,9,273,128,15,25,1,-1,-1,-1
12,10,240,166,24,23,1,-1,-1,-1
12,14,306,247,23,23,1,-1,-1,-1
12,15,245,254,20,24,1,-1,-1,-1
12,16,281,266,22,23,1,-1,-1,-1
12,17,813,346,21,21,1,-1,-1,-1
12,18,269,350,24,27,1,-1,-1,-1
12,19,293,349,25,23,1,-1,-1,-1
12,20,841,364,22,22,1,-1,-1,-1
12,21,822,395,22,22,1,-1,-1,-1
12,22,282,381,25,24,1,-1,-1,-1
12,23,823,417,21,21,1,-1,-1,-1
12,25,840,468,20,23,1,-1,-1,-1
12,26,780,481,21,21,1,-1,-1,-1
12,27,794,495,22,22,1,-1,-1,-1
12,29,323,502,22,24,1,-1,-1,-1
12,31,294,483,20,24,1,-1,-1,-1
12,32,799,573,21,20,1,-1,-1,-1
12,33,355,570,23,27,1,-1,-1,-1
12,34,794,591,23,23,1,-1,-1,-1
12,35,301,547,19,18,1,-1,-1,-1
12,36,410,592,24,30,1,-1,-1,-1
12,37,721,605,22,23,1,-1,-1,-1
12,39,394,605,21,23,1,-1,-1,-1
12,40,555,611,22,22,1,-1,-1,-1
12,41,743,616,22,22,1,-1,-1,-1
12,42,606,617,23,23,1,-1,-1,-1
12,43,678,629,25,21,1,-1,-1,-1
12,44,760,628,23,23,1,-1,-1,-1
12,45,485,628,23,22,1,-1,-1,-1
12,47,359,645,24,23,1,-1,-1,-1
12,48,759,119,17,16,1,-1,-1,-1
12,51,756,174,17,29,1,-1,-1,-1
12,53,777,568,22,25,1,-1,-1,-1
12,54,1063,122,22,25,1,-1,-1,-1
12,55,270,234,25,22,1,-1,-1,-1
12,56,260,200,22,23,1,-1,-1,-1
12,57,757,135,18,23,1,-1,-1,-1
12,59,1100,108,28,17,1,-1,-1,-1
12,62,270,530,22,23,1,-1,-1,-1
12,63,756,159,16,15,1,-1,-1,-1
12,64,477,621,20,19,1,-1,-1,-1
13,1,209,86,27,24,1,-1,-1,-1
13,3,879,101,22,22,1,-1,-1,-1
13,4,956,109,25,26,1,-1,-1,-1
13,6,881,127,19,23,1,-1,-1,-1
13,7,247,110,29,26,1,-1,-1,-1
13,8,247,146,24,22,1,-1,-1,-1
13,9,272,126,15,26,1,-1,-1,-1
13,10,240,165,24,23,1,-1,-1,-1
13,14,306,246,23,23,1,-1,-1,-1
13,15,245,254,20,24,1,-1,-1,-1
13,16,281,264,22,23,1,-1,-1,-1
13,17,813,351,21,20,1,-1,-1,-1
13,18,269,350,24,27,1,-1,-1,-1
13,19,293,349,25,22,1,-1,-1,-1
13,20,841,364,22,22,1,-1,-1,-1
13,21,822,396,22,21,1,-1,-1,-1
13,22,282,380,25,24,1,-1,-1,-1
13,23,823,418,21,21,1,-1,-1,-1
13,25,840,469,20,22,1,-1,-1,-1
13,26,779,482,22,20,1,-1,-1,-1
13,27,794,496,22,22,1,-1,-1,-1
13,29,322,501,23,25,1,-1,-1,-1
13,31,296,478,18,21,1,-1,-1,-1
13,32,797,574,22,20,1,-1,-1,-1
13,33,354,569,24,28,1,-1,-1,-1
13,34,793,592,24,24,1,-1,-1,-1
13,35,300,543,19,18,1,-1,-1,-1
13,36,409,592,24,24,1,-1,-1,-1
13,37,720,606,22,22,1,-1,-1,-1
13,39,394,604,23,24,1,-1,-1,-1
13,40,554,611,22,22,1,-1,-1,-1
13,41,742,616,23,23,1,-1,-1,-1
13,42,605,617,23,23,1,-1,-1,-1
13,43,677,629,25,21,1,-1,-1,-1
13,44,760,628,23,23,1,-1,-1,-1
13,45,484,628,24,23,1,-1,-1,-1
13,47,356,644,23,24,1,-1,-1,-1
13,48,759,119,17,16,1,-1,-1,-1
13,51,755,174,18,31,1,-1,-1,-1
13,53,774,571,23,25,1,-1,-1,-1
13,54,1062,122,22,24,1,-1,-1,-1
13,55,270,233,25,22,1,-1,-1,-1
13,56,259,196,22,22,1,-1,-1,-1
13,57,756,135,19,39,1,-1,-1,-1
13,59,1095,110,25,15,1,-1,-1,-1
13,62,270,530,22,22,1,-1,-1,-1
13,64,472,620,20,22,1,-1,-1,-1
14,1,205,86,30,24,1,-1,-1,-1
14,3,879,102,21,21,1,-1,-1,-1
14,4,955,109,24,26,1,-1,-1,-1
14,6,883,127,17,23,1,-1,-1,-1
14,7,245,109,31,27,1,-1,-1,-1
14,8,247,146,24,21,1,-1,-1,-1
14,9,271,125,14,24,1,-1,-1,-1
14,10,239,165,25,22,1,-1,-1,-1
14,14,306,245,23,24,1,-1,-1,-1
14,15,245,254,20,24,1,-1,-1,-1
14,16,281,263,22,23,1,-1,-1,-1
14,17,812,356,22,19,1,-1,-1,-1
14,18,269,350,24,26,1,-1,-1,-1
14,19,293,348,28,22,1,-1,-1,-1
14,20,841,364,22,22,1,-1,-1,-1
14,21,821,396,23,22,1,-1,-1,-1
14,22,282,379,24,24,1,-1,-1,-1
14,23,823,418,21,21,1,-1,-1,-1
14,25,840,469,20,23,1,-1,-1,-1
14,26,779,482,22,21,1,-1,-1,-1
14,27,793,497,23,21,1,-1,-1,-1
14,29,322,500,23,25,1,-1,-1,-1
14,31,296,471,17,21,1,-1,-1,-1
14,32,796,575,22,19,1,-1,-1,-1
14,33,354,568,23,28,1,-1,-1,-1
14,34,793,593,24,24,1,-1,-1,-1
14,35,300,540,18,17,1,-1,-1,-1
14,36,407,592,25,23,1,-1,-1,-1
14,37,719,606,22,23,1,-1,-1,-1
14,39,393,600,23,28,1,-1,-1,-1
14,40,553,611,22,22,1,-1,-1,-1
14,41,742,616,22,23,1,-1,-1,-1
14,42,604,617,23,23,1,-1,-1,-1
14,43,676,629,25,21,1,-1,-1,-1
14,44,760,628,23,22,1,-1,-1,-1
14,45,484,628,23,23,1,-1,-1,-1
14,48,758,110,20,25,1,-1,-1,-1
14,51,755,174,18,37,1,-1,-1,-1
14,53,771,576,23,24,1,-1,-1,-1
14,54,1061,122,23,25,1,-1,-1,-1
14,55,270,232,25,22,1,-1,-1,-1
14,56,257,191,23,23,1,-1,-1,-1
14,57,756,135,19,40,1,-1,-1,-1
14,59,1088,107,28,18,1,-1,-1,-1
14,62,271,530,20,22,1,-1,-1,-1
14,64,464,620,23,23,1,-1,-1,-1
15,1,208,85,27,25,1,-1,-1,-1
15,3,878,102,22,22,1,-1,-1,-1
15,4,953,109,25,26,1,-1,-1,-1
15,6,880,128,19,22,1,-1,-1,-1
15,7,243,108,33,27,1,-1,-1,-1
15,8,246,145,25,21,1,-1,-1,-1
15,9,269,124,15,24,1,-1,-1,-1
15,10,239,164,24,23,1,-1,-1,-1
15,14,306,244,22,24,1,-1,-1,-1
15,15,245,253,20,24,1,-1,-1,-1
15,16,281,262,22,23,1,-1,-1,-1
15,17,812,364,22,15,1,-1,-1,-1
15,18,269,350,24,26,1,-1,-1,-1
15,19,293,348,28,21,1,-1,-1,-1
15,20,841,364,22,22,1,-1,-1,-1
15,21,821,397,23,22,1,-1,-1,-1
15,22,282,378,25,23,1,-1,-1,-1
15,23,823,419,21,21,1,-1,-1,-1
15,25,840,470,20,23,1,-1,-1,-1
15,26,779,483,22,21,1,-1,-1,-1
15,27,793,498,23,21,1,-1,-1,-1
15,29,322,500,23,24,1,-1,-1,-1
15,31,291,465,22,23,1,-1,-1,-1
15,32,795,577,23,18,1,-1,-1,-1
15,33,353,568,23,28,1,-1,-1,-1
15,34,793,594,23,23,1,-1,-1,-1
15,35,300,535,17,16,1,-1,-1,-1
15,36,410,592,21,23,1,-1,-1,-1
15,37,719,606,21,23,1,-1,-1,-1
15,39,393,597,22,30,1,-1,-1,-1
15,40,553,611,21,21,1,-1,-1,-1
15,41,742,617,22,22,1,-1,-1,-1
15,42,603,617,23,23,1,-1,-1,-1
15,43,675,629,25,21,1,-1,-1,-1
15,44,760,628,23,22,1,-1,-1,-1
15,45,483,628,22,22,1,-1,-1,-1
15,48,759,119,17,16,1,-1,-1,-1
15,51,755,174,18,32,1,-1,-1,-1
15,53,768,579,23,25,1,-1,-1,-1
15,54,1060,122,23,25,1,-1,-1,-1
15,55,270,231,25,22,1,-1,-1,-1
15,56,256,182,22,28,1,-1,-1,-1
15,57,757,135,18,24,1,-1,-1,-1
15,64,457,621,27,21,1,-1,-1,-1
15,65,1004,94,26,17,1,-1,-1,-1
15,66,788,224,19,22,1,-1,-1,-1
15,67,278,423,22,32,1,-1,-1,-1
16,1,206,85,28,25,1,-1,-1,-1
16,3,878,102,21,22,1,-1,-1,-1
16,4,952,109,24,26,1,-1,-1,-1
16,6,880,129,18,21,1,-1,-1,-1
16,8,246,145,24,21,1,-1,-1,-1
16,10,238,164,25,22,1,-1,-1,-1
16,14,306,244,22,23,1,-1,-1,-1
16,15,245,253,20,23,1,-1,-1,-1
16,16,281,261,22,23,1,-1,-1,-1
16,17,812,367,21,18,1,-1,-1,-1
16,18,269,350,24,26,1,-1,-1,-1
16,19,293,346,29,22,1,-1,-1,-1
16,20,841,365,22,21,1,-1,-1,-1
16,21,821,398,22,21,1,-1,-1,-1
16,22,282,376,24,24,1,-1,-1,-1
16,23,823,420,21,21,1,-1,-1,-1
16,25,840,471,19,23,1,-1,-1,-1
16,26,779,484,22,21,1,-1,-1,-1
16,27,793,498,23,22,1,-1,-1,-1
16,29,322,499,22,24,1,-1,-1,-1
16,31,292,460,20,21,1,-1,-1,-1
16,32,793,578,24,17,1,-1,-1,-1
16,33,353,568,23,27,1,-1,-1,-1
16,34,793,596,23,22,1,-1,-1,-1
16,35,298,531,19,17,1,-1,-1,-1
16,36,408,591,22,24,1,-1,-1,-1
16,37,718,606,22,23,1,-1,-1,-1
16,39,391,596,22,32,1,-1,-1,-1
16,40,552,611,21,21,1,-1,-1,-1
16,41,741,617,22,23,1,-1,-1,-1
16,42,601,617,24,23,1,-1,-1,-1
16,43,675,629,25,21,1,-1,-1,-1
16,44,760,628,23,22,1,-1,-1,-1
16,45,482,628,23,22,1,-1,-1,-1
16,48,759,119,17,16,1,-1,-1,-1
16,51,756,174,17,30,1,-1,-1,-1
16,53,764,583,24,24,1,-1,-1,-1
16,54,1060,122,22,25,1,-1,-1,-1
16,55,270,230,24,23,1,-1,-1,-1
16,56,254,181,25,23,1,-1,-1,-1
16,57,756,135,19,23,1,-1,-1,-1
16,59,1076,106,28,19,1,-1,-1,-1
16,63,756,158,16,16,1,-1,-1,-1
16,64,450,621,27,20,1,-1,-1,-1
16,65,1000,93,26,17,1,-1,-1,-1
16,67,278,417,21,37,1,-1,-1,-1
16,68,241,107,22,23,1,-1,-1,-1
16,69,252,113,30,32,1,-1,-1,-1
16,70,763,109,15,12,1,-1,-1,-1
17,1,187,85,47,25,1,-1,-1,-1
17,3,877,102,22,22,1,-1,-1,-1
17,4,950,110,24,26,1,-1,-1,-1
17,6,879,129,18,22,1,-1,-1,-1
17,8,245,144,25,22,1,-1,-1,-1
17,9,264,120,17,24,1,-1,-1,-1
17,10,237,163,25,23,1,-1,-1,-1
17,14,306,243,22,24,1,-1,-1,-1
17,15,245,252,20,24,1,-1,-1,-1
17,16,281,259,22,24,1,-1,-1,-1
17,17,812,370,21,21,1,-1,-1,-1
17,18,269,350,24,26,1,-1,-1,-1
17,19,293,346,28,21,1,-1,-1,-1
17,20,841,364,22,22,1,-1,-1,-1
17,21,821,399,22,21,1,-1,-1,-1
17,22,282,375,24,24,1,-1,-1,-1
17,23,823,420,21,22,1,-1,-1,-1
17,25,840,471,20,23,1,-1,-1,-1
17,26,779,485,21,21,1,-1,-1,-1
17,27,793,499,23,22,1,-1,-1,-1
17,29,322,498,22,24,1,-1,-1,-1
17,31,291,453,21,23,1,-1,-1,-1
17,32,792,580,23,16,1,-1,-1,-1
17,33,352,568,24,27,1,-1,-1,-1
17,34,792,597,24,21,1,-1,-1,-1
17,35,298,527,19,16,1,-1,-1,-1
17,36,406,591,24,24,1,-1,-1,-1
17,37,717,607,22,22,1,-1,-1,-1
17,39,389,594,23,33,1,-1,-1,-1
17,40,551,611,21,22,1,-1,-1,-1
17,41,741,617,22,23,1,-1,-1,-1
17,42,600,617,24,23,1,-1,-1,-1
17,43,674,629,25,21,1,-1,-1,-1
17,44,760,628,23,22,1,-1,-1,-1
17,45,481,628,22,23,1,-1,-1,-1
17,47,342,642,23,23,1,-1,-1,-1
17,48,759,119,17,16,1,-1,-1,-1
17,51,756,174,17,30,1,-1,-1,-1
17,53,762,586,23,23,1,-1,-1,-1
17,54,1059,122,22,25,1,-1,-1,-1
17,55,270,229,24,22,1,-1,-1,-1
17,56,252,178,27,22,1,-1,-1,-1
17,57,757,135,18,24,1,-1,-1,-1
17,59,1070,105,28,19,1,-1,-1,-1
17,64,444,622,28,18,1,-1,-1,-1
17,65,995,94,27,17,1,-1,-1,-1
17,67,278,431,21,22,1,-1,-1,-1
17,68,239,106,19,23,1,-1,-1,-1
18,1,175,85,58,25,1,-1,-1,-1
18,3,876,102,22,22,1,-1,-1,-1
18,4,948,110,24,26,1,-1,-1,-1
18,6,880,130,17,21,1,-1,-1,-1
18,8,245,144,24,21,1,-1,-1,-1
18,10,237,162,25,24,1,-1,-1,-1
18,14,306,243,22,23,1,-1,-1,-1
18,15,244,252,21,23,1,-1,-1,-1
18,16,281,258,22,24,1,-1,-1,-1
18,17,812,374,21,21,1,-1,-1,-1
18,18,269,350,24,26,1,-1,-1,-1
18,19,293,345,29,21,1,-1,-1,-1
18,20,841,364,22,22,1,-1,-1,-1
18,21,821,400,22,21,1,-1,-1,-1
18,22,282,374,24,23,1,-1,-1,-1
18,23,823,421,21,22,1,-1,-1,-1
18,25,840,472,20,23,1,-1,-1,-1
18,26,778,486,22,21,1,-1,-1,-1
18,27,793,500,23,21,1,-1,-1,-1
18,29,322,497,23,25,1,-1,-1,-1
18,31,292,448,19,23,1,-1,-1,-1
18,32,791,582,23,15,1,-1,-1,-1
18,33,352,567,23,28,1,-1,-1,-1
18,34,792,597,23,22,1,-1,-1,-1
18,35,297,523,19,17,1,-1,-1,-1
18,36,405,592,24,23,1,-1,-1,-1
18,37,716,607,22,22,1,-1,-1,-1
18,39,385,593,27,34,1,-1,-1,-1
18,40,550,611,21,21,1,-1,-1,-1
18,41,740,617,23,23,1,-1,-1,-1
18,42,599,617,24,23,1,-1,-1,-1
18,43,673,629,25,21,1,-1,-1,-1
18,44,760,628,23,22,1,-1,-1,-1
18,45,480,628,22,23,1,-1,-1,-1
18,47,338,640,24,26,1,-1,-1,-1
18,48,758,119,18,16,1,-1,-1,-1
18,51,755,174,18,30,1,-1,-1,-1
18,53,758,589,23,23,1,-1,-1,-1
18,54,1058,122,23,25,1,-1,-1,-1
18,55,270,228,24,23,1,-1,-1,-1
18,56,250,175,27,21,1,-1,-1,-1
18,57,757,135,18,24,1,-1,-1,-1
18,59,1066,106,24,18,1,-1,-1,-1
18,64,438,622,29,18,1,-1,-1,-1
18,67,278,431,22,21,1,-1,-1,-1
18,68,237,106,22,22,1,-1,-1,-1
18,69,251,112,29,30,1,-1,-1,-1
18,71,281,406,12,22,1,-1,-1,-1
19,1,179,85,53,25,1,-1,-1,-1
19,3,877,103,21,21,1,-1,-1,-1
19,4,947,110,24,26,1,-1,-1,-1
19,8,244,143,25,21,1,-1,-1,-1
19,10,236,162,26,24,1,-1,-1,-1
19,14,306,242,22,23,1,-1,-1,-1
19,15,245,251,20,24,1,-1,-1,-1
19,16,281,257,21,23,1,-1,-1,-1
19,17,812,378,21,22,1,-1,-1,-1
19,18,269,350,24,26,1,-1,-1,-1
19,19,293,344,28,22,1,-1,-1,-1
19,20,841,364,22,22,1,-1,-1,-1
19,21,821,400,22,22,1,-1,-1,-1
19,22,282,374,24,23,1,-1,-1,-1
19,23,823,422,21,21,1,-1,-1,-1
19,25,840,472,20,23,1,-1,-1,-1
19,26,778,487,22,21,1,-1,-1,-1
19,27,793,501,23,22,1,-1,-1,-1
19,29,322,496,22,25,1,-1,-1,-1
19,31,292,441,19,26,1,-1,-1,-1
19,32,790,584,24,14,1,-1,-1,-1
19,33,351,566,23,28,1,-1,-1,-1
19,34,792,598,23,21,1,-1,-1,-1
19,35,297,516,17,18,1,-1,-1,-1
19,36,405,591,23,23,1,-1,-1,-1
19,37,716,607,21,23,1,-1,-1,-1
19,39,389,604,22,23,1,-1,-1,-1
19,40,549,611,21,21,1,-1,-1,-1
19,41,740,617,22,23,1,-1,-1,-1
19,42,599,617,23,23,1,-1,-1,-1
19,43,672,629,25,21,1,-1,-1,-1
19,44,760,628,23,22,1,-1,-1,-1
19,45,479,628,22,23,1,-1,-1,-1
19,47,335,639,24,26,1,-1,-1,-1
19,48,759,110,19,25,1,-1,-1,-1
19,51,755,174,18,31,1,-1,-1,-1
19,53,754,591,23,23,1,-1,-1,-1
19,54,1057,123,24,24,1,-1,-1,-1
19,55,270,227,24,23,1,-1,-1,-1
19,56,250,171,23,21,1,-1,-1,-1
19,57,756,135,19,38,1,-1,-1,-1
19,59,1058,105,26,19,1,-1,-1,-1
19,64,432,622,30,17,1,-1,-1,-1
19,67,278,429,22,23,1,-1,-1,-1
19,68,235,105,24,22,1,-1,-1,-1
19,69,250,112,28,28,1,-1,-1,-1
19,71,280,399,13,23,1,-1,-1,-1
19,72,379,592,15,22,1,-1,-1,-1
20,1,178,84,53,26,1,-1,-1,-1
20,3,876,102,21,22,1,-1,-1,-1
20,4,946,110,23,26,1,-1,-1,-1
20,6,880,130,15,21,1,-1,-1,-1
20,8,244,143,24,21,1,-1,-1,-1
20,10,235,161,26,25,1,-1,-1,-1
20,14,306,241,22,24,1,-1,-1,-1
20,15,245,251,20,23,1,-1,-1,-1
20,16,281,256,21,23,1,-1,-1,-1
20,17,811,382,21,22,1,-1,-1,-1
20,18,269,350,24,26,1,-1,-1,-1
20,19,292,343,29,22,1,-1,-1,-1
20,20,841,364,22,22,1,-1,-1,-1
20,21,821,401,22,22,1,-1,-1,-1
20,22,282,373,24,22,1,-1,-1,-1
20,23,822,423,22,21,1,-1,-1,-1
20,25,840,472,20,23,1,-1,-1,-1
20,26,778,488,21,21,1,-1,-1,-1
20,27,793,502,23,21,1,-1,-1,-1
20,29,322,496,22,24,1,-1,-1,-1
20,31,293,436,17,25,1,-1,-1,-1
20,32,788,587,24,12,1,-1,-1,-1
20,33,351,566,22,27,1,-1,-1,-1
20,34,791,598,24,22,1,-1,-1,-1
20,35,296,512,17,16,1,-1,-1,-1
20,36,404,592,23,22,1,-1,-1,-1
20,37,715,607,22,23,1,-1,-1,-1
20,39,388,604,22,23,1,-1,-1,-1
20,40,548,611,21,21,1,-1,-1,-1
20,41,739,618,23,23,1,-1,-1,-1
20,42,597,617,23,23,1,-1,-1,-1
20,43,672,629,24,21,1,-1,-1,-1
20,44,760,628,23,22,1,-1,-1,-1
20,45,478,628,22,23,1,-1,-1,-1
20,47,332,639,24,25,1,-1,-1,-1
20,48,759,119,17,16,1,-1,-1,-1
20,53,750,594,23,23,1,-1,-1,-1
20,54,1056,123,23,24,1,-1,-1,-1
20,55,269,226,25,23,1,-1,-1,-1
20,56,253,167,17,21,1,-1,-1,-1
20,57,757,135,18,23,1,-1,-1,-1
20,59,1053,102,26,21,1,-1,-1,-1
20,64,426,622,28,16,1,-1,-1,-1
20,65,983,93,25,19,1,-1,-1,-1
20,68,233,104,23,22,1,-1,-1,-1
20,69,250,112,26,26,1,-1,-1,-1
20,71,280,393,12,22,1,-1,-1,-1
20,72,373,591,18,22,1,-1,-1,-1
21,1,176,84,55,26,1,-1,-1,-1
21,3,876,103,21,21,1,-1,-1,-1
21,4,944,110,24,26,1,-1,-1,-1
21,8,243,142,25,21,1,-1,-1,-1
21,10,234,161,33,24,1,-1,-1,-1
21,14,306,241,22,23,1,-1,-1,-1
21,15,245,250,20,23,1,-1,-1,-1
21,16,281,254,21,24,1,-1,-1,-1
21,17,811,386,21,23,1,-1,-1,-1
21,18,269,350,24,26,1,-1,-1,-1
21,19,292,342,29,22,1,-1,-1,-1
21,20,841,364,22,22,1,-1,-1,-1
21,21,821,402,22,21,1,-1,-1,-1
21,22,280,372,26,37,1,-1,-1,-1
21,23,822,424,22,21,1,-1,-1,-1
21,25,840,473,20,23,1,-1,-1,-1
21,26,778,489,21,21,1,-1,-1,-1
21,27,792,502,24,22,1,-1,-1,-1
21,29,322,495,22,24,1,-1,-1,-1
21,31,298,433,11,21,1,-1,-1,-1
21,32,787,590,24,11,1,-1,-1,-1
21,33,350,566,23,27,1,-1,-1,-1
21,34,791,599,23,22,1,-1,-1,-1
21,35,295,507,17,17,1,-1,-1,-1
21,36,403,592,24,22,1,-1,-1,-1
21,37,714,607,22,23,1,-1,-1,-1
21,39,388,604,21,23,1,-1,-1,-1
21,40,547,610,21,22,1,-1,-1,-1
21,41,739,618,22,23,1,-1,-1,-1
21,42,596,617,23,23,1,-1,-1,-1
21,43,671,629,25,21,1,-1,-1,-1
21,44,760,628,23,22,1,-1,-1,-1
21,45,477,628,22,23,1,-1,-1,-1
21,47,329,638,24,25,1,-1,-1,-1
21,48,759,119,17,16,1,-1,-1,-1
21,51,756,174,17,31,1,-1,-1,-1
21,53,745,596,24,22,1,-1,-1,-1
21,54,1055,122,24,25,1,-1,-1,-1
21,55,269,225,25,23,1,-1,-1,-1
21,57,756,135,19,23,1,-1,-1,-1
21,59,1047,103,25,21,1,-1,-1,-1
21,64,421,622,26,15,1,-1,-1,-1
21,65,979,94,24,18,1,-1,-1,-1
21,68,231,104,24,21,1,-1,-1,-1
21,69,249,111,24,25,1,-1,-1,-1
21,72,368,589,20,22,1,-1,-1,-1
22,1,175,84,55,25,1,-1,-1,-1
22,3,875,103,21,21,1,-1,-1,-1
22,4,942,111,24,26,1,-1,-1,-1
22,6,879,131,16,21,1,-1,-1,-1
22,8,243,141,24,22,1,-1,-1,-1
22,10,234,160,28,23,1,-1,-1,-1
22,14,306,240,22,23,1,-1,-1,-1
22,15,245,250,19,23,1,-1,-1,-1
22,16,281,253,21,23,1,-1,-1,-1
22,17,810,391,21,22,1,-1,-1,-1
22,18,269,350,24,26,1,-1,-1,-1
22,19,292,342,29,21,1,-1,-1,-1
22,20,841,364,22,22,1,-1,-1,-1
22,21,821,403,22,21,1,-1,-1,-1
22,22,279,370,27,34,1,-1,-1,-1
22,23,822,424,22,22,1,-1,-1,-1
22,25,840,474,20,23,1,-1,-1,-1
22,26,777,490,22,21,1,-1,-1,-1
22,27,792,503,23,22,1,-1,-1,-1
22,29,322,494,22,24,1,-1,-1,-1
22,31,297,426,12,24,1,-1,-1,-1
22,32,785,592,25,11,1,-1,-1,-1
22,33,350,565,22,27,1,-1,-1,-1
22,34,791,600,23,21,1,-1,-1,-1
22,35,295,503,17,16,1,-1,-1,-1
22,36,402,591,24,23,1,-1,-1,-1
22,37,713,608,22,22,1,-1,-1,-1
22,39,387,603,21,23,1,-1,-1,-1
22,40,546,610,21,22,1,-1,-1,-1
22,41,738,619,23,22,1,-1,-1,-1
22,42,595,617,24,23,1,-1,-1,-1
22,43,670,629,25,21,1,-1,-1,-1
22,44,760,628,23,22,1,-1,-1,-1
22,45,476,628,22,23,1,-1,-1,-1
22,47,326,637,24,25,1,-1,-1,-1
22,48,758,110,20,25,1,-1,-1,-1
22,51,755,174,18,39,1,-1,-1,-1
22,53,741,598,23,21,1,-1,-1,-1
22,54,1054,122,24,25,1,-1,-1,-1
22,55,269,224,25,23,1,-1,-1,-1
22,57,756,135,19,39,1,-1,-1,-1
22,59,1041,102,25,22,1,-1,-1,-1
22,64,416,622,27,15,1,-1,-1,-1
22,65,974,93,24,20,1,-1,-1,-1
22,68,229,104,23,20,1,-1,-1,-1
22,69,247,111,25,23,1,-1,-1,-1
22,72,364,587,20,22,1,-1,-1,-1
23,1,176,84,53,25,1,-1,-1,-1
23,3,875,103,21,21,1,-1,-1,-1
23,4,940,111,24,26,1,-1,-1,-1
23,6,878,132,16,20,1,-1,-1,-1
23,8,243,141,24,21,1,-1,-1,-1
23,10,233,158,26,24,1,-1,-1,-1
23,14,306,240,22,23,1,-1,-1,-1
23,15,245,249,19,24,1,-1,-1,-1
23,16,281,252,21,23,1,-1,-1,-1
23,17,809,395,22,24,1,-1,-1,-1
23,18,269,350,23,27,1,-1,-1,-1
23,19,292,341,29,21,1,-1,-1,-1
23,20,840,364,23,22,1,-1,-1,-1
23,21,822,404,21,21,1,-1,-1,-1
23,22,278,369,28,30,1,-1,-1,-1
23,23,822,425,22,21,1,-1,-1,-1
23,25,840,474,20,23,1,-1,-1,-1
23,26,777,491,22,21,1,-1,-1,-1
23,27,792,504,23,22,1,-1,-1,-1
23,29,322,494,22,23,1,-1,-1,-1
23,31,294,419,15,27,1,-1,-1,-1
23,32,784,594,24,12,1,-1,-1,-1
23,33,349,565,23,27,1,-1,-1,-1
23,34,790,600,24,22,1,-1,-1,-1
23,35,293,497,18,18,1,-1,-1,-1
23,36,402,591,24,23,1,-1,-1,-1
23,37,712,608,22,23,1,-1,-1,-1
23,39,386,603,22,23,1,-1,-1,-1
23,40,545,610,21,22,1,-1,-1,-1
23,41,738,620,23,22,1,-1,-1,-1
23,42,594,617,24,23,1,-1,-1,-1
23,43,669,629,25,21,1,-1,-1,-1
23,44,760,628,23,22,1,-1,-1,-1
23,45,475,628,23,23,1,-1,-1,-1
23,47,324,636,23,25,1,-1,-1,-1
23,48,758,110,20,25,1,-1,-1,-1
23,51,755,174,18,41,1,-1,-1,-1
23,53,738,600,21,20,1,-1,-1,-1
23,54,1054,122,24,25,1,-1,-1,-1
23,55,269,223,24,23,1,-1,-1,-1
23,57,756,136,19,39,1,-1,-1,-1
23,59,1035,104,25,20,1,-1,-1,-1
23,64,410,622,26,15,1,-1,-1,-1
23,65,970,93,23,20,1,-1,-1,-1
23,68,227,104,22,19,1,-1,-1,-1
23,69,246,110,24,23,1,-1,-1,-1
23,72,361,585,20,22,1,-1,-1,-1
23,73,271,530,20,22,1,-1,-1,-1
24,1,176,84,53,25,1,-1,-1,-1
24,3,875,103,20,21,1,-1,-1,-1
24,4,939,111,24,26,1,-1,-1,-1
24,8,243,140,23,22,1,-1,-1,-1
24,10,233,158,24,23,1,-1,-1,-1
24,14,306,239,22,23,1,-1,-1,-1
24,15,245,249,19,23,1,-1,-1,-1
24,16,281,250,21,24,1,-1,-1,-1
24,17,810,400,18,25,1,-1,-1,-1
24,18,269,350,23,42,1,-1,-1,-1
24,19,292,340,28,21,1,-1,-1,-1
24,20,840,364,23,22,1,-1,-1,-1
24,21,824,404,19,22,1,-1,-1,-1
24,22,285,368,21,23,1,-1,-1,-1
24,23,822,426,22,21,1,-1,-1,-1
24,25,840,474,19,24,1,-1,-1,-1
24,26,777,491,21,22,1,-1,-1,-1
24,27,792,505,23,22,1,-1,-1,-1
24,29,322,493,22,24,1,-1,-1,-1
24,31,294,413,14,27,1,-1,-1,-1
24,32,782,595,24,13,1,-1,-1,-1
24,33,349,564,22,27,1,-1,-1,-1
24,34,790,601,23,21,1,-1,-1,-1
24,35,293,492,18,18,1,-1,-1,-1
24,36,401,591,24,23,1,-1,-1,-1
24,37,711,608,22,23,1,-1,-1,-1
24,39,386,603,21,23,1,-1,-1,-1
24,40,544,610,21,22,1,-1,-1,-1
24,41,738,620,22,22,1,-1,-1,-1
24,42,593,617,23,23,1,-1,-1,-1
24,43,668,629,25,21,1,-1,-1,-1
24,44,760,628,23,22,1,-1,-1,-1
24,45,474,628,23,23,1,-1,-1,-1
24,47,321,635,24,25,1,-1,-1,-1
24,48,759,110,19,25,1,-1,-1,-1
24,51,755,174,18,32,1,-1,-1,-1
24,53,733,602,22,21,1,-1,-1,-1
24,54,1053,122,24,25,1,-1,-1,-1
24,55,269,222,24,23,1,-1,-1,-1
24,57,757,135,18,39,1,-1,-1,-1
24,64,405,622,24,15,1,-1,-1,-1
24,65,966,93,22,21,1,-1,-1,-1
24,68,224,103,22,20,1,-1,-1,-1
24,69,244,109,26,23,1,-1,-1,-1
24,72,356,585,22,20,1,-1,-1,-1
24,73,271,530,20,22,1,-1,-1,-1
25,1,176,84,52,25,1,-1,-1,-1
25,3,873,103,22,21,1,-1,-1,-1
25,4,937,111,24,26,1,-1,-1,-1
25,8,241,140,25,21,1,-1,-1,-1
25,10,231,150,25,31,1,-1,-1,-1
25,14,306,238,22,23,1,-1,-1,-1
25,15,245,248,19,24,1,-1,-1,-1
25,16,281,249,21,24,1,-1,-1,-1
25,17,809,405,17,24,1,-1,-1,-1
25,19,293,340,28,20,1,-1,-1,-1
25,20,840,364,23,22,1,-1,-1,-1
25,21,825,405,18,21,1,-1,-1,-1
25,23,822,427,22,21,1,-1,-1,-1
25,25,839,475,21,24,1,-1,-1,-1
25,26,777,492,21,22,1,-1,-1,-1
25,27,792,505,23,22,1,-1,-1,-1
25,29,322,492,22,24,1,-1,-1,-1
25,31,295,409,12,25,1,-1,-1,-1
25,32,781,596,24,14,1,-1,-1,-1
25,33,348,564,23,25,1,-1,-1,-1
25,34,790,601,23,22,1,-1,-1,-1
25,35,296,490,14,14,1,-1,-1,-1
25,36,401,591,23,22,1,-1,-1,-1
25,37,710,608,22,23,1,-1,-1,-1
25,39,385,603,21,23,1,-1,-1,-1
25,40,543,610,21,22,1,-1,-1,-1
25,41,737,619,23,23,1,-1,-1,-1
25,42,592,618,23,22,1,-1,-1,-1
25,43,668,629,24,21,1,-1,-1,-1
25,44,760,628,23,22,1,-1,-1,-1
25,45,474,628,22,23,1,-1,-1,-1
25,47,319,634,23,25,1,-1,-1,-1
25,48,759,110,19,25,1,-1,-1,-1
25,53,731,604,19,22,1,-1,-1,-1
25,54,1052,122,25,25,1,-1,-1,-1
25,55,269,221,24,24,1,-1,-1,-1
25,57,757,135,18,39,1,-1,-1,-1
25,59,1025,109,25,16,1,-1,-1,-1
25,64,400,621,22,15,1,-1,-1,-1
25,65,962,93,21,22,1,-1,-1,-1
25,68,221,102,23,20,1,-1,-1,-1
25,69,241,107,29,24,1,-1,-1,-1
25,72,352,585,23,19,1,-1,-1,-1
26,1,175,84,52,25,1,-1,-1,-1
26,3,874,104,20,21,1,-1,-1,-1
26,4,936,112,23,26,1,-1,-1,-1
26,8,242,139,23,21,1,-1,-1,-1
26,10,231,158,25,22,1,-1,-1,-1
26,14,306,237,22,24,1,-1,-1,-1
26,15,244,248,20,23,1,-1,-1,-1
26,16,281,248,21,24,1,-1,-1,-1
26,17,809,411,19,23,1,-1,-1,-1
26,19,294,339,27,20,1,-1,-1,-1
26,20,840,364,23,22,1,-1,-1,-1
26,21,822,406,21,20,1,-1,-1,-1
26,23,823,427,21,22,1,-1,-1,-1
26,25,840,476,20,23,1,-1,-1,-1
26,26,777,493,21,22,1,-1,-1,-1
26,27,792,506,23,22,1,-1,-1,-1
26,29,322,491,22,24,1,-1,-1,-1
26,31,294,404,13,24,1,-1,-1,-1
26,32,780,596,23,16,1,-1,-1,-1
26,33,347,563,23,25,1,-1,-1,-1
26,34,790,601,22,22,1,-1,-1,-1
26,35,296,485,14,14,1,-1,-1,-1
26,36,400,590,24,23,1,-1,-1,-1
26,37,709,609,21,22,1,-1,-1,-1
26,39,384,602,22,24,1,-1,-1,-1
26,40,542,610,21,22,1,-1,-1,-1
26,41,737,620,22,22,1,-1,-1,-1
26,42,590,618,24,22,1,-1,-1,-1
26,43,667,629,25,21,1,-1,-1,-1
26,44,760,628,23,22,1,-1,-1,-1
26,45,473,628,22,23,1,-1,-1,-1
26,47,316,633,23,25,1,-1,-1,-1
26,48,759,118,17,17,1,-1,-1,-1
26,51,756,174,17,30,1,-1,-1,-1
26,53,727,606,19,21,1,-1,-1,-1
26,54,1051,122,24,25,1,-1,-1,-1
26,55,269,221,24,22,1,-1,-1,-1
26,57,756,135,19,39,1,-1,-1,-1
26,64,395,622,22,14,1,-1,-1,-1
26,65,957,93,22,22,1,-1,-1,-1
26,68,219,102,21,19,1,-1,-1,-1
26,69,238,105,31,26,1,-1,-1,-1
26,72,349,586,22,16,1,-1,-1,-1
26,74,228,146,19,17,1,-1,-1,-1
26,75,798,306,22,17,1,-1,-1,-1
27,1,175,84,52,25,1,-1,-1,-1
27,3,873,104,20,21,1,-1,-1,-1
27,4,934,112,23,26,1,-1,-1,-1
27,8,242,139,23,21,1,-1,-1,-1
27,10,231,157,24,23,1,-1,-1,-1
27,14,306,237,22,23,1,-1,-1,-1
27,15,245,247,19,23,1,-1,-1,-1
27,16,281,247,21,24,1,-1,-1,-1
27,17,810,416,19,23,1,-1,-1,-1
27,18,269,350,25,26,1,-1,-1,-1
27,19,292,337,29,22,1,-1,-1,-1
27,20,840,364,23,22,1,-1,-1,-1
27,21,821,407,22,21,1,-1,-1,-1
27,22,282,366,24,23,1,-1,-1,-1
27,23,823,428,21,21,1,-1,-1,-1
27,25,840,476,20,23,1,-1,-1,-1
27,26,777,494,21,22,1,-1,-1,-1
27,27,792,507,23,22,1,-1,-1,-1
27,29,321,491,23,24,1,-1,-1,-1
27,31,293,397,14,27,1,-1,-1,-1
27,32,778,598,23,16,1,-1,-1,-1
27,33,347,562,22,27,1,-1,-1,-1
27,34,789,601,23,24,1,-1,-1,-1
27,35,295,479,14,15,1,-1,-1,-1
27,36,399,590,24,23,1,-1,-1,-1
27,37,707,608,27,23,1,-1,-1,-1
27,39,383,602,22,22,1,-1,-1,-1
27,40,541,609,21,23,1,-1,-1,-1
27,41,732,619,27,23,1,-1,-1,-1
27,42,590,617,23,23,1,-1,-1,-1
27,43,666,629,25,21,1,-1,-1,-1
27,44,760,628,23,22,1,-1,-1,-1
27,45,472,628,22,23,1,-1,-1,-1
27,47,314,632,22,25,1,-1,-1,-1
27,48,759,115,18,20,1,-1,-1,-1
27,51,755,174,18,31,1,-1,-1,-1
27,54,1050,122,24,25,1,-1,-1,-1
27,55,269,220,24,23,1,-1,-1,-1
27,57,756,135,19,39,1,-1,-1,-1
27,59,1012,105,26,20,1,-1,-1,-1
27,64,388,623,22,12,1,-1,-1,-1
27,65,952,93,23,23,1,-1,-1,-1
27,68,216,101,21,19,1,-1,-1,-1
27,69,235,104,34,27,1,-1,-1,-1
27,72,346,584,21,16,1,-1,-1,-1
27,74,225,144,18,20,1,-1,-1,-1
27,75,798,305,23,20,1,-1,-1,-1
28,3,873,104,20,21,1,-1,-1,-1
28,4,933,112,23,26,1,-1,-1,-1
28,8,241,138,23,21,1,-1,-1,-1
28,10,230,157,24,22,1,-1,-1,-1
28,14,306,236,22,23,1,-1,-1,-1
28,15,244,247,20,23,1,-1,-1,-1
28,16,280,246,22,23,1,-1,-1,-1
28,17,810,420,20,23,1,-1,-1,-1
28,18,268,344,25,32,1,-1,-1,-1
28,19,292,336,28,22,1,-1,-1,-1
28,20,841,365,21,21,1,-1,-1,-1
28,21,821,408,21,21,1,-1,-1,-1
28,22,282,364,24,24,1,-1,-1,-1
28,23,823,429,21,21,1,-1,-1,-1
28,25,840,477,20,23,1,-1,-1,-1
28,26,776,495,22,22,1,-1,-1,-1
28,27,792,508,22,22,1,-1,-1,-1
28,29,321,490,22,24,1,-1,-1,-1
28,31,293,392,14,27,1,-1,-1,-1
28,32,777,599,21,17,1,-1,-1,-1
28,33,345,561,24,28,1,-1,-1,-1
28,34,789,601,23,24,1,-1,-1,-1
28,35,294,475,15,14,1,-1,-1,-1
28,36,399,590,23,23,1,-1,-1,-1
28,37,707,609,28,23,1,-1,-1,-1
28,39,382,602,22,20,1,-1,-1,-1
28,40,539,609,23,23,1,-1,-1,-1
28,41,736,620,22,22,1,-1,-1,-1
28,42,588,617,24,23,1,-1,-1,-1
28,43,665,629,25,22,1,-1,-1,-1
28,44,760,628,23,22,1,-1,-1,-1
28,45,471,628,22,23,1,-1,-1,-1
28,47,312,631,21,25,1,-1,-1,-1
28,48,758,109,20,26,1,-1,-1,-1
28,51,755,174,18,33,1,-1,-1,-1
28,54,1049,122,25,26,1,-1,-1,-1
28,55,269,219,24,23,1,-1,-1,-1
28,57,756,135,19,39,1,-1,-1,-1
28,59,1006,106,27,20,1,-1,-1,-1
28,64,380,622,26,13,1,-1,-1,-1
28,65,948,93,23,23,1,-1,-1,-1
28,68,213,101,22,19,1,-1,-1,-1
28,74,223,141,17,23,1,-1,-1,-1
28,75,798,308,23,20,1,-1,-1,-1
28,76,246,109,22,22,1,-1,-1,-1
28,77,232,103,22,23,1,-1,-1,-1
29,3,872,104,20,21,1,-1,-1,-1
29,4,931,113,23,26,1,-1,-1,-1
29,8,240,138,24,21,1,-1,-1,-1
29,10,229,156,25,23,1,-1,-1,-1
29,14,306,235,22,24,1,-1,-1,-1
29,15,244,246,20,23,1,-1,-1,-1
29,16,281,244,21,24,1,-1,-1,-1
29,17,810,425,18,23,1,-1,-1,-1
29,18,268,339,26,37,1,-1,-1,-1
29,19,292,335,25,22,1,-1,-1,-1
29,20,841,364,22,22,1,-1,-1,-1
29,21,821,408,21,22,1,-1,-1,-1
29,22,282,363,24,24,1,-1,-1,-1
29,23,824,430,20,21,1,-1,-1,-1
29,25,840,477,20,23,1,-1,-1,-1
29,26,776,496,21,21,1,-1,-1,-1
29,27,791,509,23,22,1,-1,-1,-1
29,29,321,489,23,24,1,-1,-1,-1
29,31,292,388,15,26,1,-1,-1,-1
29,32,775,600,21,17,1,-1,-1,-1
29,33,344,561,24,29,1,-1,-1,-1
29,34,789,602,22,23,1,-1,-1,-1
29,35,294,471,16,13,1,-1,-1,-1
29,36,398,589,24,24,1,-1,-1,-1
29,37,706,609,23,23,1,-1,-1,-1
29,39,382,601,22,22,1,-1,-1,-1
29,40,538,609,23,23,1,-1,-1,-1
29,41,735,620,23,23,1,-1,-1,-1
29,42,587,618,24,22,1,-1,-1,-1
29,43,665,629,24,22,1,-1,-1,-1
29,44,760,628,23,22,1,-1,-1,-1
29,45,470,628,23,23,1,-1,-1,-1
29,47,311,630,19,25,1,-1,-1,-1
29,48,759,109,19,26,1,-1,-1,-1
29,51,755,174,18,36,1,-1,-1,-1
29,55,269,218,23,23,1,-1,-1,-1
29,57,756,135,19,38,1,-1,-1,-1
29,64,373,619,27,16,1,-1,-1,-1
29,65,944,93,23,23,1,-1,-1,-1
29,68,209,101,22,20,1,-1,-1,-1
29,74,219,140,18,22,1,-1,-1,-1
29,75,797,310,24,21,1,-1,-1,-1
29,76,245,109,23,22,1,-1,-1,-1
29,77,229,103,23,22,1,-1,-1,-1
30,3,872,104,20,21,1,-1,-1,-1
30,4,929,113,23,26,1,-1,-1,-1
30,8,239,137,24,21,1,-1,-1,-1
30,10,228,156,25,23,1,-1,-1,-1
30,14,306,235,22,23,1,-1,-1,-1
30,15,244,245,20,24,1,-1,-1,-1
30,16,280,243,22,24,1,-1,-1,-1
30,17,809,430,17,23,1,-1,-1,-1
30,18,268,350,24,26,1,-1,-1,-1
30,19,292,335,24,21,1,-1,-1,-1
30,20,841,364,22,22,1,-1,-1,-1
30,21,820,409,22,22,1,-1,-1,-1
30,22,282,363,24,23,1,-1,-1,-1
30,23,826,430,18,22,1,-1,-1,-1
30,25,840,478,20,23,1,-1,-1,-1
30,26,776,497,21,21,1,-1,-1,-1
30,27,791,510,23,22,1,-1,-1,-1
30,29,321,488,22,24,1,-1,-1,-1
30,31,293,384,15,24,1,-1,-1,-1
30,32,774,601,20,18,1,-1,-1,-1
30,33,336,560,32,30,1,-1,-1,-1
30,34,789,603,22,23,1,-1,-1,-1
30,36,397,590,24,23,1,-1,-1,-1
30,37,704,610,22,24,1,-1,-1,-1
30,39,381,601,22,23,1,-1,-1,-1
30,40,537,610,22,22,1,-1,-1,-1
30,41,735,620,22,23,1,-1,-1,-1
30,42,586,618,24,22,1,-1,-1,-1
30,43,664,629,25,21,1,-1,-1,-1
30,44,760,628,23,22,1,-1,-1,-1
30,45,469,628,22,23,1,-1,-1,-1
30,47,310,629,17,25,1,-1,-1,-1
30,51,755,174,18,37,1,-1,-1,-1
30,55,269,217,23,23,1,-1,-1,-1
30,57,756,135,19,39,1,-1,-1,-1
30,64,368,616,27,18,1,-1,-1,-1
30,65,939,93,23,23,1,-1,-1,-1
30,68,207,100,21,20,1,-1,-1,-1
30,74,216,137,17,24,1,-1,-1,-1
30,75,798,313,23,21,1,-1,-1,-1
30,76,244,109,23,21,1,-1,-1,-1
30,77,226,102,23,22,1,-1,-1,-1
30,78,275,334,16,20,1,-1,-1,-1
31,3,871,105,20,20,1,-1,-1,-1
31,4,927,113,23,26,1,-1,-1,-1
31,8,239,136,23,22,1,-1,-1,-1
31,10,228,155,24,23,1,-1,-1,-1
31,14,306,234,22,24,1,-1,-1,-1
31,15,243,245,21,23,1,-1,-1,-1
31,16,280,242,21,23,1,-1,-1,-1
31,17,810,435,18,23,1,-1,-1,-1
31,18,268,350,23,26,1,-1,-1,-1
31,19,291,334,25,21,1,-1,-1,-1
31,20,840,364,23,22,1,-1,-1,-1
31,21,820,410,22,21,1,-1,-1,-1
31,22,282,362,24,24,1,-1,-1,-1
31,23,824,431,20,22,1,-1,-1,-1
31,25,840,478,19,24,1,-1,-1,-1
31,26,776,498,21,21,1,-1,-1,-1
31,27,791,510,23,22,1,-1,-1,-1
31,29,321,488,22,23,1,-1,-1,-1
31,31,293,381,15,21,1,-1,-1,-1
31,32,772,602,20,18,1,-1,-1,-1
31,33,347,560,20,27,1,-1,-1,-1
31,34,788,603,22,23,1,-1,-1,-1
31,35,291,460,19,14,1,-1,-1,-1
31,36,396,589,24,23,1,-1,-1,-1
31,37,696,610,29,25,1,-1,-1,-1
31,39,380,601,22,24,1,-1,-1,-1
31,40,536,609,23,23,1,-1,-1,-1
31,41,734,620,23,23,1,-1,-1,-1
31,42,585,617,24,23,1,-1,-1,-1
31,43,663,629,25,22,1,-1,-1,-1
31,44,760,628,23,22,1,-1,-1,-1
31,45,468,628,23,23,1,-1,-1,-1
31,47,308,628,17,25,1,-1,-1,-1
31,48,759,110,19,25,1,-1,-1,-1
31,51,756,174,17,33,1,-1,-1,-1
31,55,269,216,23,23,1,-1,-1,-1
31,57,757,135,18,39,1,-1,-1,-1
31,64,362,614,26,19,1,-1,-1,-1
31,65,934,94,25,22,1,-1,-1,-1
31,68,203,101,22,20,1,-1,-1,-1
31,72,333,563,14,23,1,-1,-1,-1
31,74,212,135,18,23,1,-1,-1,-1
31,75,798,315,23,22,1,-1,-1,-1
31,76,242,109,25,21,1,-1,-1,-1
31,77,223,102,23,22,1,-1,-1,-1
31,78,274,328,19,21,1,-1,-1,-1
31,79,279,422,20,19,1,-1,-1,-1
32,3,872,105,19,20,1,-1,-1,-1
32,4,925,114,23,25,1,-1,-1,-1
32,8,238,136,24,21,1,-1,-1,-1
32,10,227,154,25,24,1,-1,-1,-1
32,14,305,234,23,23,1,-1,-1,-1
32,15,243,244,21,23,1,-1,-1,-1
32,16,280,240,21,24,1,-1,-1,-1
32,17,810,440,20,22,1,-1,-1,-1
32,18,268,350,23,26,1,-1,-1,-1
32,19,291,334,23,20,1,-1,-1,-1
32,20,840,364,23,22,1,-1,-1,-1
32,21,820,410,22,22,1,-1,-1,-1
32,22,283,361,22,23,1,-1,-1,-1
32,23,823,432,21,22,1,-1,-1,-1
32,25,840,479,19,23,1,-1,-1,-1
32,26,776,499,21,21,1,-1,-1,-1
32,27,791,511,22,22,1,-1,-1,-1
32,29,321,486,23,24,1,-1,-1,-1
32,31,294,375,13,22,1,-1,-1,-1
32,32,771,604,19,17,1,-1,-1,-1
32,33,346,559,20,28,1,-1,-1,-1
32,34,788,604,22,22,1,-1,-1,-1
32,35,292,455,18,13,1,-1,-1,-1
32,36,396,589,23,23,1,-1,-1,-1
32,37,703,610,21,23,1,-1,-1,-1
32,39,379,601,22,23,1,-1,-1,-1
32,40,535,610,23,22,1,-1,-1,-1
32,41,734,620,22,23,1,-1,-1,-1
32,42,584,618,24,22,1,-1,-1,-1
32,43,662,628,25,23,1,-1,-1,-1
32,44,760,628,23,22,1,-1,-1,-1
32,45,467,628,23,22,1,-1,-1,-1
32,47,307,626,15,25,1,-1,-1,-1
32,48,759,118,17,17,1,-1,-1,-1
32,51,755,174,18,31,1,-1,-1,-1
32,55,269,215,23,23,1,-1,-1,-1
32,57,756,135,19,39,1,-1,-1,-1
32,64,357,612,27,19,1,-1,-1,-1
32,65,929,94,26,21,1,-1,-1,-1
32,68,201,101,21,19,1,-1,-1,-1
32,72,331,560,17,23,1,-1,-1,-1
32,74,208,134,18,23,1,-1,-1,-1
32,75,798,318,23,23,1,-1,-1,-1
32,76,241,108,25,21,1,-1,-1,-1
32,77,220,101,23,22,1,-1,-1,-1
32,78,273,322,19,20,1,-1,-1,-1
32,80,689,615,19,21,1,-1,-1,-1
33,3,872,105,18,20,1,-1,-1,-1
33,4,924,115,23,24,1,-1,-1,-1
33,8,238,136,23,21,1,-1,-1,-1
33,10,227,154,24,23,1,-1,-1,-1
33,14,305,233,23,23,1,-1,-1,-1
33,15,243,244,21,23,1,-1,-1,-1
33,16,280,239,21,24,1,-1,-1,-1
33,17,810,446,21,20,1,-1,-1,-1
33,20,840,364,23,22,1,-1,-1,-1
33,21,820,411,22,22,1,-1,-1,-1
33,23,823,433,21,21,1,-1,-1,-1
33,25,840,480,20,23,1,-1,-1,-1
33,26,776,500,20,21,1,-1,-1,-1
33,27,791,512,22,22,1,-1,-1,-1
33,29,321,485,22,24,1,-1,-1,-1
33,32,769,605,19,18,1,-1,-1,-1
33,33,345,559,21,27,1,-1,-1,-1
33,34,788,604,21,23,1,-1,-1,-1
33,35,293,449,17,15,1,-1,-1,-1
33,36,395,589,24,23,1,-1,-1,-1
33,37,702,610,21,23,1,-1,-1,-1
33,39,378,601,23,23,1,-1,-1,-1
33,40,534,610,22,22,1,-1,-1,-1
33,41,733,620,22,23,1,-1,-1,-1
33,42,583,618,24,22,1,-1,-1,-1
33,43,661,628,25,23,1,-1,-1,-1
33,44,760,628,23,22,1,-1,-1,-1
33,45,466,628,23,22,1,-1,-1,-1
33,47,305,625,15,25,1,-1,-1,-1
33,48,759,118,17,17,1,-1,-1,-1
33,51,755,174,18,30,1,-1,-1,-1
33,55,269,214,23,23,1,-1,-1,-1
33,57,756,135,19,23,1,-1,-1,-1
33,64,353,608,26,21,1,-1,-1,-1
33,65,925,95,25,20,1,-1,-1,-1
33,68,199,102,20,18,1,-1,-1,-1
33,72,329,557,19,22,1,-1,-1,-1
33,74,203,133,19,22,1,-1,-1,-1
33,75,798,321,22,23,1,-1,-1,-1
33,76,241,108,25,21,1,-1,-1,-1
33,77,217,101,22,22,1,-1,-1,-1
33,80,683,616,20,21,1,-1,-1,-1
33,81,785,298,19,16,1,-1,-1,-1
34,3,871,105,19,20,1,-1,-1,-1
34,4,922,116,23,23,1,-1,-1,-1
34,8,237,135,23,21,1,-1,-1,-1
34,10,226,153,24,24,1,-1,-1,-1
34,14,305,232,22,24,1,-1,-1,-1
34,15,243,243,21,23,1,-1,-1,-1
34,16,280,238,21,24,1,-1,-1,-1
34,17,810,450,21,21,1,-1,-1,-1
34,20,840,364,23,22,1,-1,-1,-1
34,21,820,412,22,21,1,-1,-1,-1
34,23,822,434,22,21,1,-1,-1,-1
34,25,840,480,19,23,1,-1,-1,-1
34,26,775,501,21,21,1,-1,-1,-1
34,27,791,513,22,22,1,-1,-1,-1
34,29,321,485,22,24,1,-1,-1,-1
34,32,767,606,20,18,1,-1,-1,-1
34,33,343,558,23,27,1,-1,-1,-1
34,34,787,604,22,23,1,-1,-1,-1
34,36,395,589,23,23,1,-1,-1,-1
34,37,700,611,22,22,1,-1,-1,-1
34,39,378,600,21,24,1,-1,-1,-1
34,40,534,610,21,22,1,-1,-1,-1
34,41,732,620,23,23,1,-1,-1,-1
34,42,582,617,24,23,1,-1,-1,-1
34,43,661,628,25,23,1,-1,-1,-1
34,44,760,628,23,22,1,-1,-1,-1
34,45,465,628,23,22,1,-1,-1,-1
34,47,304,624,14,25,1,-1,-1,-1
34,48,759,119,17,16,1,-1,-1,-1
34,51,755,174,18,29,1,-1,-1,-1
34,55,268,213,24,23,1,-1,-1,-1
34,57,756,135,19,23,1,-1,-1,-1
34,64,348,606,25,22,1,-1,-1,-1
34,65,921,95,25,21,1,-1,-1,-1
34,68,187,90,29,30,1,-1,-1,-1
34,72,326,553,22,22,1,-1,-1,-1
34,74,199,132,19,21,1,-1,-1,-1
34,75,798,323,22,23,1,-1,-1,-1
34,76,240,108,26,21,1,-1,-1,-1
34,77,215,100,20,22,1,-1,-1,-1
34,80,676,616,22,22,1,-1,-1,-1
34,82,763,109,15,12,1,-1,-1,-1
34,83,756,158,16,16,1,-1,-1,-1
35,3,871,105,18,20,1,-1,-1,-1
35,4,920,115,23,25,1,-1,-1,-1
35,8,237,135,23,21,1,-1,-1,-1
35,10,225,153,25,23,1,-1,-1,-1
35,14,305,232,22,23,1,-1,-1,-1
35,15,242,242,22,24,1,-1,-1,-1
35,16,280,237,21,23,1,-1,-1,-1
35,17,809,455,22,18,1,-1,-1,-1
35,18,268,350,21,26,1,-1,-1,-1
35,19,291,332,24,21,1,-1,-1,-1
35,20,840,364,23,22,1,-1,-1,-1
35,21,820,413,22,21,1,-1,-1,-1
35,22,283,357,25,23,1,-1,-1,-1
35,23,822,434,22,22,1,-1,-1,-1
35,25,840,481,20,23,1,-1,-1,-1
35,26,775,502,21,21,1,-1,-1,-1
35,27,791,514,22,21,1,-1,-1,-1
35,29,321,484,22,24,1,-1,-1,-1
35,32,765,606,20,20,1,-1,-1,-1
35,33,343,558,22,27,1,-1,-1,-1
35,34,786,605,22,22,1,-1,-1,-1
35,36,394,589,24,22,1,-1,-1,-1
35,37,699,611,22,22,1,-1,-1,-1
35,39,377,600,22,24,1,-1,-1,-1
35,40,532,610,22,22,1,-1,-1,-1
35,41,732,621,22,22,1,-1,-1,-1
35,42,581,617,24,23,1,-1,-1,-1
35,43,660,629,25,22,1,-1,-1,-1
35,44,760,628,23,22,1,-1,-1,-1
35,45,464,628,23,22,1,-1,-1,-1
35,47,300,623,16,24,1,-1,-1,-1
35,55,269,212,23,23,1,-1,-1,-1
35,57,757,135,18,39,1,-1,-1,-1
35,64,344,603,24,23,1,-1,-1,-1
35,65,916,96,26,21,1,-1,-1,-1
35,72,325,550,22,20,1,-1,-1,-1
35,74,195,131,18,21,1,-1,-1,-1
35,75,798,326,21,24,1,-1,-1,-1
35,76,239,107,26,22,1,-1,-1,-1
35,77,212,99,20,22,1,-1,-1,-1
35,84,961,110,25,18,1,-1,-1,-1
35,85,272,299,18,23,1,-1,-1,-1
35,86,271,530,20,22,1,-1,-1,-1
36,3,870,105,19,20,1,-1,-1,-1
36,4,918,115,23,25,1,-1,-1,-1
36,8,236,134,24,22,1,-1,-1,-1
36,10,225,152,24,24,1,-1,-1,-1
36,14,305,231,22,23,1,-1,-1,-1
36,15,242,242,22,23,1,-1,-1,-1
36,16,280,236,21,23,1,-1,-1,-1
36,17,809,462,23,14,1,-1,-1,-1
36,18,267,350,22,26,1,-1,-1,-1
36,19,290,331,25,21,1,-1,-1,-1
36,20,840,364,23,22,1,-1,-1,-1
36,21,820,413,22,22,1,-1,-1,-1
36,22,285,351,23,29,1,-1,-1,-1
36,23,822,435,22,22,1,-1,-1,-1
36,25,840,481,20,23,1,-1,-1,-1
36,26,774,503,21,21,1,-1,-1,-1
36,27,791,515,22,21,1,-1,-1,-1
36,29,321,483,21,24,1,-1,-1,-1
36,32,764,607,20,20,1,-1,-1,-1
36,33,342,557,22,27,1,-1,-1,-1
36,34,785,605,23,23,1,-1,-1,-1
36,36,393,589,24,22,1,-1,-1,-1
36,37,699,611,21,23,1,-1,-1,-1
36,39,376,600,23,24,1,-1,-1,-1
36,40,531,609,21,23,1,-1,-1,-1
36,41,731,621,23,23,1,-1,-1,-1
36,42,580,617,24,23,1,-1,-1,-1
36,43,659,628,25,23,1,-1,-1,-1
36,44,760,628,23,22,1,-1,-1,-1
36,45,463,628,23,22,1,-1,-1,-1
36,47,298,621,17,25,1,-1,-1,-1
36,48,759,110,19,25,1,-1,-1,-1
36,51,756,174,17,30,1,-1,-1,-1
36,55,268,211,24,23,1,-1,-1,-1
36,57,756,135,19,39,1,-1,-1,-1
36,64,339,600,24,23,1,-1,-1,-1
36,65,912,96,26,22,1,-1,-1,-1
36,75,798,328,21,24,1,-1,-1,-1
36,76,239,107,25,22,1,-1,-1,-1
36,77,208,99,20,22,1,-1,-1,-1
36,80,660,617,18,7,1,-1,-1,-1
36,81,788,310,15,17,1,-1,-1,-1
36,84,956,110,27,19,1,-1,-1,-1
36,85,272,291,17,26,1,-1,-1,-1
37,3,871,105,17,20,1,-1,-1,-1
37,4,916,115,24,26,1,-1,-1,-1
37,8,235,134,24,21,1,-1,-1,-1
37,10,224,152,25,23,1,-1,-1,-1
37,14,305,230,22,24,1,-1,-1,-1
37,15,241,241,23,24,1,-1,-1,-1
37,16,280,234,21,24,1,-1,-1,-1
37,17,809,468,22,16,1,-1,-1,-1
37,18,267,350,21,26,1,-1,-1,-1
37,19,290,330,25,25,1,-1,-1,-1
37,20,840,364,23,22,1,-1,-1,-1
37,21,820,414,22,22,1,-1,-1,-1
37,22,285,355,22,24,1,-1,-1,-1
37,23,822,436,22,21,1,-1,-1,-1
37,25,839,482,21,23,1,-1,-1,-1
37,26,774,504,21,21,1,-1,-1,-1
37,27,790,516,23,21,1,-1,-1,-1
37,29,321,483,21,24,1,-1,-1,-1
37,32,761,608,21,20,1,-1,-1,-1
37,33,342,556,22,27,1,-1,-1,-1
37,34,784,605,23,23,1,-1,-1,-1
37,36,393,589,23,22,1,-1,-1,-1
37,37,698,611,21,23,1,-1,-1,-1
37,39,375,600,22,23,1,-1,-1,-1
37,40,530,609,21,23,1,-1,-1,-1
37,41,731,621,22,23,1,-1,-1,-1
37,42,579,617,24,23,1,-1,-1,-1
37,43,658,628,25,23,1,-1,-1,-1
37,44,760,628,23,22,1,-1,-1,-1
37,45,462,628,23,22,1,-1,-1,-1
37,47,295,620,18,24,1,-1,-1,-1
37,48,759,109,19,26,1,-1,-1,-1
37,51,756,174,17,36,1,-1,-1,-1
37,55,268,210,24,23,1,-1,-1,-1
37,57,756,135,19,39,1,-1,-1,-1
37,64,335,597,23,24,1,-1,-1,-1
37,65,908,97,26,22,1,-1,-1,-1
37,75,798,331,22,24,1,-1,-1,-1
37,76,238,107,26,22,1,-1,-1,-1
37,77,204,100,19,20,1,-1,-1,-1
37,81,785,312,18,20,1,-1,-1,-1
37,84,951,110,27,19,1,-1,-1,-1
37,85,272,284,17,27,1,-1,-1,-1
37,87,1163,121,6,27,1,-1,-1,-1
38,3,871,106,17,20,1,-1,-1,-1
38,4,914,115,24,26,1,-1,-1,-1
38,8,235,133,24,22,1,-1,-1,-1
38,10,224,151,24,24,1,-1,-1,-1
38,14,305,230,22,23,1,-1,-1,-1
38,15,240,241,24,23,1,-1,-1,-1
38,16,280,233,21,24,1,-1,-1,-1
38,17,808,471,22,19,1,-1,-1,-1
38,18,267,350,21,26,1,-1,-1,-1
38,19,290,329,24,23,1,-1,-1,-1
38,20,840,364,23,22,1,-1,-1,-1
38,21,820,415,22,22,1,-1,-1,-1
38,22,286,353,20,24,1,-1,-1,-1
38,23,822,437,22,21,1,-1,-1,-1
38,25,839,483,21,23,1,-1,-1,-1
38,26,774,505,21,21,1,-1,-1,-1
38,27,790,516,23,22,1,-1,-1,-1
38,32,759,609,21,20,1,-1,-1,-1
38,33,341,556,23,27,1,-1,-1,-1
38,34,784,606,22,23,1,-1,-1,-1
38,36,392,588,23,23,1,-1,-1,-1
38,37,697,611,21,23,1,-1,-1,-1
38,39,375,600,22,23,1,-1,-1,-1
38,40,529,609,21,23,1,-1,-1,-1
38,41,730,621,22,23,1,-1,-1,-1
38,42,578,617,24,23,1,-1,-1,-1
38,43,657,629,25,22,1,-1,-1,-1
38,44,760,628,23,22,1,-1,-1,-1
38,45,461,628,23,22,1,-1,-1,-1
38,47,293,618,20,25,1,-1,-1,-1
38,48,758,118,18,17,1,-1,-1,-1
38,55,268,209,23,23,1,-1,-1,-1
38,57,756,135,19,39,1,-1,-1,-1
38,64,331,593,23,26,1,-1,-1,-1
38,65,904,98,26,21,1,-1,-1,-1
38,75,797,333,22,25,1,-1,-1,-1
38,76,238,106,25,22,1,-1,-1,-1
38,80,643,618,24,22,1,-1,-1,-1
38,81,785,315,18,21,1,-1,-1,-1
38,84,945,109,26,21,1,-1,-1,-1
38,85,272,278,16,26,1,-1,-1,-1
39,4,913,115,23,26,1,-1,-1,-1
39,8,235,133,23,22,1,-1,-1,-1
39,10,223,151,25,23,1,-1,-1,-1
39,14,305,229,22,24,1,-1,-1,-1
39,15,238,240,26,24,1,-1,-1,-1
39,16,280,232,21,23,1,-1,-1,-1
39,17,808,475,22,20,1,-1,-1,-1
39,18,267,350,20,26,1,-1,-1,-1
39,19,290,328,24,27,1,-1,-1,-1
39,20,840,364,23,22,1,-1,-1,-1
39,21,820,416,22,21,1,-1,-1,-1
39,22,286,352,20,24,1,-1,-1,-1
39,23,822,437,22,22,1,-1,-1,-1
39,25,840,484,19,22,1,-1,-1,-1
39,26,774,506,21,21,1,-1,-1,-1
39,27,790,517,22,22,1,-1,-1,-1
39,32,756,610,21,20,1,-1,-1,-1
39,33,341,555,22,28,1,-1,-1,-1
39,34,783,606,23,23,1,-1,-1,-1
39,36,391,588,23,23,1,-1,-1,-1
39,37,696,612,21,22,1,-1,-1,-1
39,39,374,599,22,24,1,-1,-1,-1
39,40,528,609,21,23,1,-1,-1,-1
39,41,730,621,22,23,1,-1,-1,-1
39,42,577,617,24,23,1,-1,-1,-1
39,43,657,629,24,22,1,-1,-1,-1
39,44,760,628,23,22,1,-1,-1,-1
39,45,461,628,22,22,1,-1,-1,-1
39,47,291,617,21,24,1,-1,-1,-1
39,48,759,117,17,18,1,-1,-1,-1
39,51,756,174,17,31,1,-1,-1,-1
39,55,268,208,23,24,1,-1,-1,-1
39,57,756,135,19,39,1,-1,-1,-1
39,64,327,590,23,25,1,-1,-1,-1
39,65,900,99,26,21,1,-1,-1,-1
39,75,797,336,23,24,1,-1,-1,-1
39,76,237,106,26,22,1,-1,-1,-1
39,80,636,619,25,22,1,-1,-1,-1
39,81,786,318,17,21,1,-1,-1,-1
39,84,941,109,24,21,1,-1,-1,-1
39,85,272,271,15,27,1,-1,-1,-1
40,4,911,116,23,26,1,-1,-1,-1
40,8,234,133,23,21,1,-1,-1,-1
40,10,222,151,25,23,1,-1,-1,-1
40,14,304,228,23,24,1,-1,-1,-1
40,15,241,240,22,23,1,-1,-1,-1
40,16,279,231,22,23,1,-1,-1,-1
40,17,808,479,21,22,1,-1,-1,-1
40,18,267,350,19,27,1,-1,-1,-1
40,19,289,326,26,26,1,-1,-1,-1
40,20,840,364,23,22,1,-1,-1,-1
40,21,820,417,22,21,1,-1,-1,-1
40,22,286,351,21,24,1,-1,-1,-1
40,23,822,438,22,22,1,-1,-1,-1
40,25,840,484,19,23,1,-1,-1,-1
40,26,773,507,21,21,1,-1,-1,-1
40,27,790,518,22,22,1,-1,-1,-1
40,29,322,483,18,22,1,-1,-1,-1
40,32,754,611,21,20,1,-1,-1,-1
40,33,340,554,23,28,1,-1,-1,-1
40,34,783,607,23,22,1,-1,-1,-1
40,36,390,588,24,23,1,-1,-1,-1
40,37,695,612,21,23,1,-1,-1,-1
40,39,373,599,23,24,1,-1,-1,-1
40,40,527,609,21,23,1,-1,-1,-1
40,41,729,622,22,23,1,-1,-1,-1
40,42,576,617,23,23,1,-1,-1,-1
40,43,656,629,25,22,1,-1,-1,-1
40,44,760,628,23,22,1,-1,-1,-1
40,45,460,628,22,22,1,-1,-1,-1
40,47,289,616,22,24,1,-1,-1,-1
40,48,758,110,20,25,1,-1,-1,-1
40,51,755,174,18,38,1,-1,-1,-1
40,55,268,208,23,23,1,-1,-1,-1
40,57,756,135,19,39,1,-1,-1,-1
40,64,324,586,21,26,1,-1,-1,-1
40,65,896,100,26,21,1,-1,-1,-1
40,75,797,339,21,24,1,-1,-1,-1
40,76,237,106,25,22,1,-1,-1,-1
40,80,629,619,24,23,1,-1,-1,-1
40,81,785,322,18,21,1,-1,-1,-1
40,84,937,109,24,22,1,-1,-1,-1
40,85,271,265,16,26,1,-1,-1,-1
40,88,816,355,8,14,1,-1,-1,-1
40,89,317,527,22,23,1,-1,-1,-1
41,3,868,107,18,19,1,-1,-1,-1
41,4,910,117,22,26,1,-1,-1,-1
41,8,233,132,24,22,1,-1,-1,-1
41,10,222,150,24,24,1,-1,-1,-1
41,14,304,228,23,23,1,-1,-1,-1
41,15,242,239,21,24,1,-1,-1,-1
41,16,279,230,22,23,1,-1,-1,-1
41,17,808,484,21,23,1,-1,-1,-1
41,18,267,350,20,26,1,-1,-1,-1
41,19,289,321,25,27,1,-1,-1,-1
41,20,841,365,21,21,1,-1,-1,-1
41,21,820,418,21,21,1,-1,-1,-1
41,22,286,351,20,23,1,-1,-1,-1
41,23,822,439,22,21,1,-1,-1,-1
41,25,839,485,20,23,1,-1,-1,-1
41,26,773,508,21,21,1,-1,-1,-1
41,27,789,519,23,22,1,-1,-1,-1
41,29,321,480,20,25,1,-1,-1,-1
41,32,752,612,20,21,1,-1,-1,-1
41,33,340,554,23,27,1,-1,-1,-1
41,34,782,607,23,23,1,-1,-1,-1
41,36,389,588,24,22,1,-1,-1,-1
41,37,694,612,22,23,1,-1,-1,-1
41,39,373,599,22,24,1,-1,-1,-1
41,40,526,609,21,23,1,-1,-1,-1
41,41,728,622,22,23,1,-1,-1,-1
41,42,575,617,23,23,1,-1,-1,-1
41,43,655,629,25,22,1,-1,-1,-1
41,44,760,628,23,22,1,-1,-1,-1
41,45,459,628,22,22,1,-1,-1,-1
41,47,288,614,21,24,1,-1,-1,-1
41,48,758,118,18,17,1,-1,-1,-1
41,51,755,174,18,32,1,-1,-1,-1
41,55,267,207,24,23,1,-1,-1,-1
41,57,756,135,19,39,1,-1,-1,-1
41,64,320,581,22,27,1,-1,-1,-1
41,65,893,101,25,21,1,-1,-1,-1
41,75,797,342,21,23,1,-1,-1,-1
41,76,236,106,25,21,1,-1,-1,-1
41,80,623,620,23,22,1,-1,-1,-1
41,84,932,111,23,21,1,-1,-1,-1
41,85,271,258,16,26,1,-1,-1,-1
41,88,815,364,8,11,1,-1,-1,-1
41,89,316,522,22,21,1,-1,-1,-1
41,90,294,409,16,16,1,-1,-1,-1
41,91,229,467,13,26,1,-1,-1,-1
42,3,866,107,19,19,1,-1,-1,-1
42,4,908,118,23,25,1,-1,-1,-1
42,8,233,132,23,22,1,-1,-1,-1
42,10,221,150,24,23,1,-1,-1,-1
42,14,304,227,23,24,1,-1,-1,-1
42,15,241,239,22,24,1,-1,-1,-1
42,16,280,229,21,23,1,-1,-1,-1
42,17,807,489,22,24,1,-1,-1,-1
42,18,268,350,20,27,1,-1,-1,-1
42,19,288,316,26,31,1,-1,-1,-1
42,20,841,365,22,21,1,-1,-1,-1
42,21,820,418,22,22,1,-1,-1,-1
42,22,286,350,20,23,1,-1,-1,-1
42,23,822,439,22,22,1,-1,-1,-1
42,25,839,485,20,23,1,-1,-1,-1
42,26,773,509,21,21,1,-1,-1,-1
42,27,789,520,23,22,1,-1,-1,-1
42,29,321,480,20,25,1,-1,-1,-1
42,32,749,613,20,21,1,-1,-1,-1
42,33,340,553,22,28,1,-1,-1,-1
42,34,781,608,23,22,1,-1,-1,-1
42,36,389,588,24,22,1,-1,-1,-1
42,37,693,612,22,23,1,-1,-1,-1
42,39,372,599,22,24,1,-1,-1,-1
42,40,525,609,21,23,1,-1,-1,-1
42,41,727,622,23,23,1,-1,-1,-1
42,42,574,618,23,23,1,-1,-1,-1
42,43,655,629,24,22,1,-1,-1,-1
42,44,759,628,24,22,1,-1,-1,-1
42,45,458,628,22,22,1,-1,-1,-1
42,47,286,613,23,23,1,-1,-1,-1
42,48,758,121,18,14,1,-1,-1,-1
42,51,756,174,17,28,1,-1,-1,-1
42,55,267,206,24,23,1,-1,-1,-1
42,57,757,135,18,23,1,-1,-1,-1
42,64,317,578,21,27,1,-1,-1,-1
42,65,889,102,25,21,1,-1,-1,-1
42,75,797,345,20,24,1,-1,-1,-1
42,76,236,106,25,21,1,-1,-1,-1
42,84,928,112,23,21,1,-1,-1,-1
42,85,270,251,16,27,1,-1,-1,-1
42,89,314,518,24,20,1,-1,-1,-1
42,90,292,404,18,17,1,-1,-1,-1
42,92,763,110,15,11,1,-1,-1,-1
42,93,756,159,16,15,1,-1,-1,-1
43,3,866,107,19,20,1,-1,-1,-1
43,4,906,118,22,26,1,-1,-1,-1
43,8,232,132,24,21,1,-1,-1,-1
43,10,221,150,24,23,1,-1,-1,-1
43,14,304,227,23,23,1,-1,-1,-1
43,15,242,238,20,24,1,-1,-1,-1
43,16,279,228,22,23,1,-1,-1,-1
43,17,807,494,22,24,1,-1,-1,-1
43,18,268,350,21,26,1,-1,-1,-1
43,19,290,325,24,21,1,-1,-1,-1
43,21,820,419,22,21,1,-1,-1,-1
43,22,285,349,20,22,1,-1,-1,-1
43,23,822,440,22,22,1,-1,-1,-1
43,25,839,486,20,23,1,-1,-1,-1
43,26,773,509,20,22,1,-1,-1,-1
43,27,789,521,22,22,1,-1,-1,-1
43,29,321,480,21,24,1,-1,-1,-1
43,32,747,614,20,22,1,-1,-1,-1
43,33,339,553,23,27,1,-1,-1,-1
43,34,781,608,23,22,1,-1,-1,-1
43,36,388,588,24,22,1,-1,-1,-1
43,37,692,613,22,22,1,-1,-1,-1
43,39,372,599,22,24,1,-1,-1,-1
43,40,524,609,21,23,1,-1,-1,-1
43,41,727,623,22,22,1,-1,-1,-1
43,42,573,618,23,23,1,-1,-1,-1
43,43,654,629,24,22,1,-1,-1,-1
43,44,760,628,23,22,1,-1,-1,-1
43,45,457,628,23,22,1,-1,-1,-1
43,47,285,611,23,23,1,-1,-1,-1
43,48,759,110,19,25,1,-1,-1,-1
43,55,267,205,24,23,1,-1,-1,-1
43,57,756,135,19,39,1,-1,-1,-1
43,64,315,574,20,27,1,-1,-1,-1
43,65,886,103,25,21,1,-1,-1,-1
43,76,235,106,25,21,1,-1,-1,-1
43,80,612,622,16,5,1,-1,-1,-1
43,84,923,112,24,22,1,-1,-1,-1
43,85,270,246,15,23,1,-1,-1,-1
43,89,314,513,23,21,1,-1,-1,-1
43,90,292,399,17,16,1,-1,-1,-1
43,94,288,310,16,22,1,-1,-1,-1
44,4,904,119,22,26,1,-1,-1,-1
44,8,232,131,23,22,1,-1,-1,-1
44,10,220,150,24,23,1,-1,-1,-1
44,14,304,226,23,24,1,-1,-1,-1
44,15,242,238,20,24,1,-1,-1,-1
44,16,279,226,22,24,1,-1,-1,-1
44,17,807,499,21,25,1,-1,-1,-1
44,18,268,350,22,27,1,-1,-1,-1
44,19,289,324,25,21,1,-1,-1,-1
44,21,820,420,22,21,1,-1,-1,-1
44,22,284,348,22,23,1,-1,-1,-1
44,23,822,441,22,22,1,-1,-1,-1
44,25,839,486,20,24,1,-1,-1,-1
44,26,772,511,21,21,1,-1,-1,-1
44,27,789,522,22,22,1,-1,-1,-1
44,29,321,479,21,25,1,-1,-1,-1
44,32,744,616,20,21,1,-1,-1,-1
44,33,339,552,22,28,1,-1,-1,-1
44,34,781,608,23,23,1,-1,-1,-1
44,36,388,588,23,22,1,-1,-1,-1
44,37,691,613,22,22,1,-1,-1,-1
44,39,371,599,22,23,1,-1,-1,-1
44,40,522,609,22,23,1,-1,-1,-1
44,41,726,623,22,23,1,-1,-1,-1
44,42,571,618,24,23,1,-1,-1,-1
44,43,653,630,24,21,1,-1,-1,-1
44,44,760,628,23,22,1,-1,-1,-1
44,45,456,628,23,23,1,-1,-1,-1
44,47,283,609,24,23,1,-1,-1,-1
44,48,758,110,20,26,1,-1,-1,-1
44,51,755,174,18,39,1,-1,-1,-1
44,55,267,204,24,23,1,-1,-1,-1
44,57,756,135,19,40,1,-1,-1,-1
44,64,312,570,20,25,1,-1,-1,-1
44,65,884,104,24,21,1,-1,-1,-1
44,76,235,106,25,21,1,-1,-1,-1
44,84,919,113,24,22,1,-1,-1,-1
44,85,268,238,17,26,1,-1,-1,-1
44,89,313,507,22,23,1,-1,-1,-1
44,90,291,393,18,17,1,-1,-1,-1
44,94,287,304,18,23,1,-1,-1,-1
44,95,271,530,20,23,1,-1,-1,-1
45,4,902,120,22,26,1,-1,-1,-1
45,8,232,131,23,21,1,-1,-1,-1
45,10,219,149,25,23,1,-1,-1,-1
45,14,304,226,23,23,1,-1,-1,-1
45,15,242,237,20,24,1,-1,-1,-1
45,16,280,225,21,24,1,-1,-1,-1
45,17,807,506,21,24,1,-1,-1,-1
45,18,268,350,22,27,1,-1,-1,-1
45,19,289,323,25,21,1,-1,-1,-1
45,20,841,365,21,21,1,-1,-1,-1
45,21,820,421,21,21,1,-1,-1,-1
45,22,284,347,21,23,1,-1,-1,-1
45,23,822,442,22,21,1,-1,-1,-1
45,25,839,487,20,24,1,-1,-1,-1
45,26,772,511,21,22,1,-1,-1,-1
45,27,789,523,22,22,1,-1,-1,-1
45,29,321,479,21,25,1,-1,-1,-1
45,32,741,617,20,21,1,-1,-1,-1
45,33,338,552,23,27,1,-1,-1,-1
45,34,780,609,24,22,1,-1,-1,-1
45,36,387,587,24,22,1,-1,-1,-1
45,37,691,613,21,22,1,-1,-1,-1
45,39,370,599,23,23,1,-1,-1,-1
45,40,521,609,22,23,1,-1,-1,-1
45,41,725,624,21,22,1,-1,-1,-1
45,42,570,618,24,23,1,-1,-1,-1
45,43,652,630,25,22,1,-1,-1,-1
45,44,760,628,23,22,1,-1,-1,-1
45,45,455,628,23,23,1,-1,-1,-1
45,47,282,607,24,24,1,-1,-1,-1
45,48,759,119,17,17,1,-1,-1,-1
45,51,755,175,18,33,1,-1,-1,-1
45,55,267,203,23,23,1,-1,-1,-1
45,57,757,135,18,39,1,-1,-1,-1
45,64,309,565,20,26,1,-1,-1,-1
45,65,881,106,24,20,1,-1,-1,-1
45,75,797,354,20,24,1,-1,-1,-1
45,76,234,105,26,22,1,-1,-1,-1
45,80,594,623,21,20,1,-1,-1,-1
45,84,914,115,24,22,1,-1,-1,-1
45,85,267,231,18,26,1,-1,-1,-1
45,89,312,503,23,22,1,-1,-1,-1
45,90,291,387,17,18,1,-1,-1,-1
45,94,286,298,18,24,1,-1,-1,-1
45,95,270,530,22,23,1,-1,-1,-1
45,96,783,342,19,21,1,-1,-1,-1
45,97,278,408,21,20,1,-1,-1,-1
46,4,900,119,23,28,1,-1,-1,-1
46,8,231,131,24,21,1,-1,-1,-1
46,10,219,149,24,23,1,-1,-1,-1
46,14,304,225,23,24,1,-1,-1,-1
46,15,243,237,19,24,1,-1,-1,-1
46,16,280,224,21,24,1,-1,-1,-1
46,17,807,512,21,23,1,-1,-1,-1
46,18,269,350,22,27,1,-1,-1,-1
46,19,289,322,25,21,1,-1,-1,-1
46,20,841,366,21,20,1,-1,-1,-1
46,21,820,422,22,21,1,-1,-1,-1
46,22,284,346,21,22,1,-1,-1,-1
46,23,822,443,21,21,1,-1,-1,-1
46,25,839,488,21,24,1,-1,-1,-1
46,26,772,512,21,22,1,-1,-1,-1
46,27,789,524,22,22,1,-1,-1,-1
46,29,321,478,21,25,1,-1,-1,-1
46,32,740,618,18,21,1,-1,-1,-1
46,33,337,551,24,28,1,-1,-1,-1
46,34,780,609,24,23,1,-1,-1,-1
46,36,386,587,25,22,1,-1,-1,-1
46,37,690,613,22,22,1,-1,-1,-1
46,39,370,598,22,24,1,-1,-1,-1
46,40,521,609,21,23,1,-1,-1,-1
46,41,724,624,21,23,1,-1,-1,-1
46,42,568,617,25,24,1,-1,-1,-1
46,43,651,630,25,22,1,-1,-1,-1
46,44,759,628,24,22,1,-1,-1,-1
46,45,454,628,23,23,1,-1,-1,-1
46,47,281,605,24,23,1,-1,-1,-1
46,48,759,110,19,25,1,-1,-1,-1
46,55,267,203,23,23,1,-1,-1,-1
46,57,756,135,19,39,1,-1,-1,-1
46,64,307,561,21,26,1,-1,-1,-1
46,65,879,107,22,20,1,-1,-1,-1
46,75,797,358,20,23,1,-1,-1,-1
46,76,234,106,25,20,1,-1,-1,-1
46,80,589,624,20,20,1,-1,-1,-1
46,84,912,116,21,22,1,-1,-1,-1
46,85,265,226,16,24,1,-1,-1,-1
46,89,311,498,22,22,1,-1,-1,-1
46,90,291,382,16,19,1,-1,-1,-1
46,94,286,293,18,24,1,-1,-1,-1
46,95,270,530,22,23,1,-1,-1,-1
46,97,278,407,21,20,1,-1,-1,-1
46,98,811,396,9,11,1,-1,-1,-1
47,4,897,117,32,30,1,-1,-1,-1
47,8,230,131,24,21,1,-1,-1,-1
47,10,218,149,25,22,1,-1,-1,-1
47,14,304,225,23,23,1,-1,-1,-1
47,15,242,236,21,25,1,-1,-1,-1
47,16,280,224,20,23,1,-1,-1,-1
47,17,807,519,20,23,1,-1,-1,-1
47,18,269,350,23,27,1,-1,-1,-1
47,19,289,321,25,22,1,-1,-1,-1
47,21,820,422,22,22,1,-1,-1,-1
47,22,283,345,22,22,1,-1,-1,-1
47,23,822,444,21,21,1,-1,-1,-1
47,25,839,489,21,23,1,-1,-1,-1
47,26,772,513,21,22,1,-1,-1,-1
47,27,788,525,21,22,1,-1,-1,-1
47,29,321,478,21,25,1,-1,-1,-1
47,32,737,619,18,22,1,-1,-1,-1
47,33,337,550,23,28,1,-1,-1,-1
47,34,780,609,23,23,1,-1,-1,-1
47,36,386,587,24,22,1,-1,-1,-1
47,37,689,613,22,23,1,-1,-1,-1
47,39,369,598,23,24,1,-1,-1,-1
47,40,520,610,21,21,1,-1,-1,-1
47,41,724,624,20,23,1,-1,-1,-1
47,42,568,618,33,26,1,-1,-1,-1
47,43,650,630,25,22,1,-1,-1,-1
47,44,759,628,24,22,1,-1,-1,-1
47,45,454,628,22,23,1,-1,-1,-1
47,47,281,603,23,24,1,-1,-1,-1
47,51,756,175,17,29,1,-1,-1,-1
47,55,266,202,24,22,1,-1,-1,-1
47,64,304,556,22,25,1,-1,-1,-1
47,76,233,105,26,21,1,-1,-1,-1
47,85,264,222,17,20,1,-1,-1,-1
47,89,311,493,22,22,1,-1,-1,-1
47,90,290,377,17,19,1,-1,-1,-1
47,94,285,285,18,25,1,-1,-1,-1
47,95,270,530,22,23,1,-1,-1,-1
47,99,759,120,17,16,1,-1,-1,-1
47,100,763,110,15,12,1,-1,-1,-1
47,101,757,136,18,22,1,-1,-1,-1
47,102,756,158,16,16,1,-1,-1,-1
48,4,896,119,29,30,1,-1,-1,-1
48,8,229,130,24,21,1,-1,-1,-1
48,10,217,149,25,22,1,-1,-1,-1
48,14,304,225,23,22,1,-1,-1,-1
48,15,242,236,21,24,1,-1,-1,-1
48,16,279,223,21,23,1,-1,-1,-1
48,17,808,525,19,24,1,-1,-1,-1
48,18,269,350,23,27,1,-1,-1,-1
48,19,289,320,25,22,1,-1,-1,-1
48,21,820,423,22,22,1,-1,-1,-1
48,22,282,344,22,22,1,-1,-1,-1
48,23,822,444,21,22,1,-1,-1,-1
48,25,839,490,20,23,1,-1,-1,-1
48,26,771,514,21,22,1,-1,-1,-1
48,27,788,526,19,22,1,-1,-1,-1
48,29,321,478,20,25,1,-1,-1,-1
48,33,337,550,23,28,1,-1,-1,-1
48,34,779,610,24,23,1,-1,-1,-1
48,36,385,587,24,22,1,-1,-1,-1
48,37,688,614,22,22,1,-1,-1,-1
48,39,368,598,23,24,1,-1,-1,-1
48,40,518,609,22,23,1,-1,-1,-1
48,41,723,620,29,27,1,-1,-1,-1
48,42,566,618,27,27,1,-1,-1,-1
48,43,649,630,26,22,1,-1,-1,-1
48,44,759,628,24,22,1,-1,-1,-1
48,45,453,628,22,23,1,-1,-1,-1
48,47,279,601,24,24,1,-1,-1,-1
48,51,755,175,18,32,1,-1,-1,-1
48,55,264,201,26,22,1,-1,-1,-1
48,64,302,551,22,24,1,-1,-1,-1
48,76,233,105,25,21,1,-1,-1,-1
48,89,310,487,21,23,1,-1,-1,-1
48,90,290,372,17,19,1,-1,-1,-1
48,94,284,278,19,26,1,-1,-1,-1
48,95,270,530,22,23,1,-1,-1,-1
48,99,759,110,19,26,1,-1,-1,-1
48,101,756,136,19,39,1,-1,-1,-1
49,4,894,122,25,28,1,-1,-1,-1
49,8,229,130,24,22,1,-1,-1,-1
49,10,217,148,24,23,1,-1,-1,-1
49,14,304,224,23,23,1,-1,-1,-1
49,15,242,236,20,24,1,-1,-1,-1
49,16,279,222,21,23,1,-1,-1,-1
49,17,805,530,21,24,1,-1,-1,-1
49,18,269,351,24,26,1,-1,-1,-1
49,19,289,320,25,22,1,-1,-1,-1
49,21,820,424,22,22,1,-1,-1,-1
49,22,281,342,23,23,1,-1,-1,-1
49,23,822,446,21,21,1,-1,-1,-1
49,25,839,491,20,23,1,-1,-1,-1
49,26,771,515,21,22,1,-1,-1,-1
49,27,788,527,21,22,1,-1,-1,-1
49,29,321,477,21,25,1,-1,-1,-1
49,33,336,549,23,28,1,-1,-1,-1
49,34,779,610,23,23,1,-1,-1,-1
49,36,384,587,25,22,1,-1,-1,-1
49,37,687,614,22,23,1,-1,-1,-1
49,39,368,598,22,24,1,-1,-1,-1
49,40,518,610,21,23,1,-1,-1,-1
49,41,722,621,27,27,1,-1,-1,-1
49,42,565,618,24,27,1,-1,-1,-1
49,43,649,630,25,23,1,-1,-1,-1
49,44,759,628,24,22,1,-1,-1,-1
49,45,452,628,22,23,1,-1,-1,-1
49,47,279,600,23,23,1,-1,-1,-1
49,51,755,175,18,30,1,-1,-1,-1
49,55,261,200,29,29,1,-1,-1,-1
49,64,301,547,22,22,1,-1,-1,-1
49,76,232,105,25,21,1,-1,-1,-1
49,90,291,367,17,19,1,-1,-1,-1
49,94,284,271,18,26,1,-1,-1,-1
49,99,759,118,17,18,1,-1,-1,-1
49,103,757,136,18,22,1,-1,-1,-1
49,104,757,159,16,16,1,-1,-1,-1
50,8,228,130,24,21,1,-1,-1,-1
50,10,216,148,25,23,1,-1,-1,-1
50,14,304,224,22,23,1,-1,-1,-1
50,15,242,235,20,24,1,-1,-1,-1
50,16,279,221,21,23,1,-1,-1,-1
50,17,803,536,21,23,1,-1,-1,-1
50,18,269,351,24,27,1,-1,-1,-1
50,19,289,319,25,22,1,-1,-1,-1
50,21,820,425,22,21,1,-1,-1,-1
50,22,280,341,24,22,1,-1,-1,-1
50,23,822,446,21,22,1,-1,-1,-1
50,25,839,491,20,24,1,-1,-1,-1
50,26,771,517,21,22,1,-1,-1,-1
50,27,788,528,22,21,1,-1,-1,-1
50,29,322,477,20,25,1,-1,-1,-1
50,33,336,549,22,27,1,-1,-1,-1
50,34,779,611,23,22,1,-1,-1,-1
50,36,384,587,24,22,1,-1,-1,-1
50,37,687,614,21,23,1,-1,-1,-1
50,39,367,598,23,24,1,-1,-1,-1
50,40,517,610,21,23,1,-1,-1,-1
50,41,721,622,24,26,1,-1,-1,-1
50,42,564,618,24,27,1,-1,-1,-1
50,43,648,631,25,22,1,-1,-1,-1
50,44,759,629,24,21,1,-1,-1,-1
50,45,451,628,23,23,1,-1,-1,-1
50,47,278,597,24,24,1,-1,-1,-1
50,51,755,175,19,30,1,-1,-1,-1
50,55,259,200,31,23,1,-1,-1,-1
50,64,299,542,22,22,1,-1,-1,-1
50,76,231,105,26,21,1,-1,-1,-1
50,89,310,476,14,21,1,-1,-1,-1
50,90,291,362,17,19,1,-1,-1,-1
50,94,283,264,19,28,1,-1,-1,-1
50,99,759,119,17,17,1,-1,-1,-1
50,103,757,136,18,22,1,-1,-1,-1
50,104,756,159,17,16,1,-1,-1,-1
50,105,162,90,30,31,1,-1,-1,-1
50,106,810,420,9,11,1,-1,-1,-1
51,4,889,124,25,27,1,-1,-1,-1
51,8,228,129,24,22,1,-1,-1,-1
51,10,216,148,24,23,1,-1,-1,-1
51,14,304,223,22,23,1,-1,-1,-1
51,15,242,235,20,24,1,-1,-1,-1
51,16,279,220,21,23,1,-1,-1,-1
51,17,801,541,22,23,1,-1,-1,-1
51,18,269,351,23,27,1,-1,-1,-1
51,19,289,319,25,21,1,-1,-1,-1
51,21,820,426,22,21,1,-1,-1,-1
51,22,279,340,24,21,1,-1,-1,-1
51,23,822,447,21,22,1,-1,-1,-1
51,25,839,492,20,23,1,-1,-1,-1
51,26,771,517,20,22,1,-1,-1,-1
51,27,788,529,22,21,1,-1,-1,-1
51,29,321,476,21,26,1,-1,-1,-1
51,33,335,548,23,27,1,-1,-1,-1
51,34,778,611,23,22,1,-1,-1,-1
51,36,384,586,24,22,1,-1,-1,-1
51,37,686,614,22,23,1,-1,-1,-1
51,39,366,598,23,23,1,-1,-1,-1
51,40,516,610,20,22,1,-1,-1,-1
51,41,721,623,22,25,1,-1,-1,-1
51,43,647,631,25,22,1,-1,-1,-1
51,44,760,629,23,21,1,-1,-1,-1
51,45,450,628,23,23,1,-1,-1,-1
51,47,277,595,24,23,1,-1,-1,-1
51,51,756,175,18,30,1,-1,-1,-1
51,55,257,196,33,26,1,-1,-1,-1
51,64,297,535,22,24,1,-1,-1,-1
51,76,231,105,26,21,1,-1,-1,-1
51,89,309,470,20,22,1,-1,-1,-1
51,90,292,358,17,19,1,-1,-1,-1
51,94,282,258,19,28,1,-1,-1,-1
51,95,271,531,20,22,1,-1,-1,-1
51,99,759,119,17,17,1,-1,-1,-1
51,103,757,136,18,22,1,-1,-1,-1
51,104,757,159,16,16,1,-1,-1,-1
51,107,279,403,19,19,1,-1,-1,-1
52,4,884,125,28,27,1,-1,-1,-1
52,8,227,129,24,22,1,-1,-1,-1
52,10,215,147,25,23,1,-1,-1,-1
52,14,304,222,22,23,1,-1,-1,-1
52,15,242,234,20,24,1,-1,-1,-1
52,16,278,219,22,23,1,-1,-1,-1
52,17,799,546,22,22,1,-1,-1,-1
52,18,269,351,23,26,1,-1,-1,-1
52,19,289,318,25,21,1,-1,-1,-1
52,21,820,427,22,21,1,-1,-1,-1
52,22,279,338,23,21,1,-1,-1,-1
52,23,822,448,21,21,1,-1,-1,-1
52,25,839,493,20,23,1,-1,-1,-1
52,26,771,518,20,23,1,-1,-1,-1
52,27,788,529,22,22,1,-1,-1,-1
52,29,321,476,21,25,1,-1,-1,-1
52,33,335,548,22,27,1,-1,-1,-1
52,34,778,611,24,23,1,-1,-1,-1
52,36,383,586,23,22,1,-1,-1,-1
52,37,684,615,22,22,1,-1,-1,-1
52,39,366,597,23,24,1,-1,-1,-1
52,41,719,624,22,25,1,-1,-1,-1
52,43,646,631,25,22,1,-1,-1,-1
52,44,760,629,23,21,1,-1,-1,-1
52,45,450,628,22,23,1,-1,-1,-1
52,47,277,594,22,21,1,-1,-1,-1
52,51,756,175,18,30,1,-1,-1,-1
52,55,265,199,24,22,1,-1,-1,-1
52,64,298,532,20,21,1,-1,-1,-1
52,76,231,105,25,21,1,-1,-1,-1
52,89,309,464,22,23,1,-1,-1,-1
52,90,292,355,17,18,1,-1,-1,-1
52,94,282,251,18,28,1,-1,-1,-1
52,99,759,120,17,16,1,-1,-1,-1
52,103,757,136,18,22,1,-1,-1,-1
52,104,757,159,16,16,1,-1,-1,-1
52,107,279,402,19,20,1,-1,-1,-1
53,4,880,126,30,26,1,-1,-1,-1
53,8,227,129,24,21,1,-1,-1,-1
53,10,214,147,25,22,1,-1,-1,-1
53,14,304,221,22,24,1,-1,-1,-1
53,15,242,234,20,24,1,-1,-1,-1
53,16,278,218,22,23,1,-1,-1,-1
53,17,797,550,23,23,1,-1,-1,-1
53,18,269,351,24,26,1,-1,-1,-1
53,19,289,317,25,22,1,-1,-1,-1
53,21,820,427,22,22,1,-1,-1,-1
53,22,278,336,31,32,1,-1,-1,-1
53,23,822,449,21,21,1,-1,-1,-1
53,25,839,493,20,24,1,-1,-1,-1
53,26,770,520,21,22,1,-1,-1,-1
53,27,788,530,22,22,1,-1,-1,-1
53,29,321,476,21,25,1,-1,-1,-1
53,33,334,547,23,27,1,-1,-1,-1
53,34,777,611,24,23,1,-1,-1,-1
53,36,382,586,23,22,1,-1,-1,-1
53,37,684,615,21,22,1,-1,-1,-1
53,39,365,597,23,24,1,-1,-1,-1
53,40,514,610,20,23,1,-1,-1,-1
53,41,717,624,24,25,1,-1,-1,-1
53,42,559,619,24,22,1,-1,-1,-1
53,43,645,630,25,23,1,-1,-1,-1
53,44,759,629,24,21,1,-1,-1,-1
53,45,449,628,22,23,1,-1,-1,-1
53,51,756,175,18,29,1,-1,-1,-1
53,55,265,197,24,23,1,-1,-1,-1
53,76,230,105,25,21,1,-1,-1,-1
53,89,309,458,22,23,1,-1,-1,-1
53,94,281,246,19,27,1,-1,-1,-1
53,99,759,110,19,26,1,-1,-1,-1
53,103,758,136,17,22,1,-1,-1,-1
53,104,757,159,16,16,1,-1,-1,-1
53,107,279,402,19,19,1,-1,-1,-1
53,108,256,183,15,23,1,-1,-1,-1
53,109,534,624,23,21,1,-1,-1,-1
54,4,879,127,31,27,1,-1,-1,-1
54,8,226,128,24,22,1,-1,-1,-1
54,10,213,146,25,23,1,-1,-1,-1
54,14,304,221,22,23,1,-1,-1,-1
54,15,242,234,20,23,1,-1,-1,-1
54,16,278,216,22,23,1,-1,-1,-1
54,17,796,555,21,21,1,-1,-1,-1
54,18,269,351,24,26,1,-1,-1,-1
54,19,289,316,25,22,1,-1,-1,-1
54,21,820,428,21,21,1,-1,-1,-1
54,22,277,334,22,22,1,-1,-1,-1
54,23,822,449,21,22,1,-1,-1,-1
54,25,839,494,20,23,1,-1,-1,-1
54,26,770,520,20,23,1,-1,-1,-1
54,27,788,531,22,21,1,-1,-1,-1
54,29,321,475,21,26,1,-1,-1,-1
54,33,334,546,23,27,1,-1,-1,-1
54,34,777,612,24,22,1,-1,-1,-1
54,36,381,585,23,23,1,-1,-1,-1
54,37,683,615,21,22,1,-1,-1,-1
54,39,364,597,23,23,1,-1,-1,-1
54,41,712,624,28,25,1,-1,-1,-1
54,43,644,630,25,22,1,-1,-1,-1
54,44,759,628,24,22,1,-1,-1,-1
54,45,448,628,22,23,1,-1,-1,-1
54,51,756,175,18,30,1,-1,-1,-1
54,55,265,197,24,22,1,-1,-1,-1
54,76,229,105,26,21,1,-1,-1,-1
54,89,308,454,23,21,1,-1,-1,-1
54,94,280,240,19,27,1,-1,-1,-1
54,99,759,120,17,16,1,-1,-1,-1
54,103,757,136,18,22,1,-1,-1,-1
54,104,756,159,17,16,1,-1,-1,-1
54,107,278,401,20,19,1,-1,-1,-1
54,108,254,178,13,23,1,-1,-1,-1
55,4,876,127,31,28,1,-1,-1,-1
55,8,225,127,24,22,1,-1,-1,-1
55,10,213,146,24,23,1,-1,-1,-1
55,14,304,220,22,23,1,-1,-1,-1
55,15,241,233,21,24,1,-1,-1,-1
55,16,278,215,22,21,1,-1,-1,-1
55,17,794,559,21,21,1,-1,-1,-1
55,18,269,351,24,27,1,-1,-1,-1
55,19,289,315,25,22,1,-1,-1,-1
55,21,819,429,22,21,1,-1,-1,-1
55,22,276,332,23,23,1,-1,-1,-1
55,23,822,450,21,22,1,-1,-1,-1
55,25,839,494,20,23,1,-1,-1,-1
55,26,770,522,20,22,1,-1,-1,-1
55,27,787,532,22,21,1,-1,-1,-1
55,33,333,545,24,27,1,-1,-1,-1
55,36,381,585,23,22,1,-1,-1,-1
55,37,682,615,21,22,1,-1,-1,-1
55,39,364,596,22,24,1,-1,-1,-1
55,41,709,625,30,24,1,-1,-1,-1
55,43,644,630,24,23,1,-1,-1,-1
55,44,759,628,25,22,1,-1,-1,-1
55,45,447,628,22,23,1,-1,-1,-1
55,47,275,584,21,22,1,-1,-1,-1
55,51,756,175,18,30,1,-1,-1,-1
55,55,265,196,24,22,1,-1,-1,-1
55,64,297,514,18,25,1,-1,-1,-1
55,76,229,105,25,20,1,-1,-1,-1
55,94,279,236,19,25,1,-1,-1,-1
55,99,759,119,17,17,1,-1,-1,-1
55,103,757,136,18,22,1,-1,-1,-1
55,104,757,158,16,17,1,-1,-1,-1
55,107,278,400,20,18,1,-1,-1,-1
55,108,251,173,14,23,1,-1,-1,-1
55,110,807,450,9,13,1,-1,-1,-1
56,4,882,128,23,27,1,-1,-1,-1
56,8,225,127,23,22,1,-1,-1,-1
56,10,212,145,25,23,1,-1,-1,-1
56,14,304,219,22,24,1,-1,-1,-1
56,15,241,232,20,24,1,-1,-1,-1
56,16,278,214,23,21,1,-1,-1,-1
56,17,792,563,22,20,1,-1,-1,-1
56,18,269,351,24,26,1,-1,-1,-1
56,19,289,314,25,22,1,-1,-1,-1
56,21,819,429,22,22,1,-1,-1,-1
56,22,276,331,34,22,1,-1,-1,-1
56,23,822,450,21,22,1,-1,-1,-1
56,25,839,495,20,23,1,-1,-1,-1
56,26,770,523,20,22,1,-1,-1,-1
56,27,787,533,22,21,1,-1,-1,-1
56,33,333,544,23,27,1,-1,-1,-1
56,36,380,585,22,22,1,-1,-1,-1
56,37,680,615,23,22,1,-1,-1,-1
56,39,363,596,22,23,1,-1,-1,-1
56,40,511,610,20,22,1,-1,-1,-1
56,41,719,626,19,23,1,-1,-1,-1
56,43,643,630,24,23,1,-1,-1,-1
56,44,759,628,25,22,1,-1,-1,-1
56,45,446,628,22,23,1,-1,-1,-1
56,51,756,175,17,37,1,-1,-1,-1
56,55,265,195,23,22,1,-1,-1,-1
56,64,297,508,18,26,1,-1,-1,-1
56,76,228,104,26,21,1,-1,-1,-1
56,94,278,235,20,20,1,-1,-1,-1
56,99,759,119,17,17,1,-1,-1,-1
56,103,757,136,18,39,1,-1,-1,-1
56,107,278,399,20,21,1,-1,-1,-1
56,108,249,168,13,24,1,-1,-1,-1
56,110,807,455,9,13,1,-1,-1,-1
56,111,706,626,14,21,1,-1,-1,-1
57,4,882,129,21,26,1,-1,-1,-1
57,8,224,127,24,22,1,-1,-1,-1
57,10,211,145,25,23,1,-1,-1,-1
57,14,304,219,22,23,1,-1,-1,-1
57,15,241,232,20,24,1,-1,-1,-1
57,16,278,212,22,22,1,-1,-1,-1
57,17,791,567,21,19,1,-1,-1,-1
57,18,269,351,24,26,1,-1,-1,-1
57,19,289,313,25,22,1,-1,-1,-1
57,21,819,430,22,21,1,-1,-1,-1
57,22,275,329,34,22,1,-1,-1,-1
57,23,822,451,21,22,1,-1,-1,-1
57,25,839,496,20,22,1,-1,-1,-1
57,26,770,523,20,22,1,-1,-1,-1
57,27,787,533,22,22,1,-1,-1,-1
57,33,333,544,23,27,1,-1,-1,-1
57,36,379,584,23,23,1,-1,-1,-1
57,37,680,615,21,22,1,-1,-1,-1
57,39,362,596,23,23,1,-1,-1,-1
57,40,509,610,21,23,1,-1,-1,-1
57,41,717,626,20,23,1,-1,-1,-1
57,42,555,618,24,23,1,-1,-1,-1
57,43,642,631,25,22,1,-1,-1,-1
57,44,759,628,24,22,1,-1,-1,-1
57,45,445,628,22,23,1,-1,-1,-1
57,51,756,175,17,30,1,-1,-1,-1
57,55,265,194,23,23,1,-1,-1,-1
57,64,297,503,17,25,1,-1,-1,-1
57,76,228,104,25,21,1,-1,-1,-1
57,94,277,233,20,16,1,-1,-1,-1
57,99,759,120,17,16,1,-1,-1,-1
57,107,278,398,20,20,1,-1,-1,-1
57,108,245,163,15,25,1,-1,-1,-1
57,110,807,462,8,11,1,-1,-1,-1
57,111,702,627,16,21,1,-1,-1,-1
57,112,757,136,18,22,1,-1,-1,-1
57,113,756,159,17,16,1,-1,-1,-1
57,114,857,110,21,22,1,-1,-1,-1
57,115,849,124,20,20,1,-1,-1,-1
57,116,867,137,19,22,1,-1,-1,-1
57,117,849,152,21,20,1,-1,-1,-1
57,118,500,624,19,20,1,-1,-1,-1
58,4,880,130,22,26,1,-1,-1,-1
58,8,223,126,24,23,1,-1,-1,-1
58,10,210,145,25,22,1,-1,-1,-1
58,14,304,218,22,24,1,-1,-1,-1
58,15,241,231,20,24,1,-1,-1,-1
58,16,276,212,24,31,1,-1,-1,-1
58,17,789,571,21,18,1,-1,-1,-1
58,18,270,351,23,26,1,-1,-1,-1
58,19,288,312,26,25,1,-1,-1,-1
58,21,819,431,22,21,1,-1,-1,-1
58,22,275,328,24,21,1,-1,-1,-1
58,23,822,452,22,22,1,-1,-1,-1
58,25,839,496,20,23,1,-1,-1,-1
58,26,770,524,19,22,1,-1,-1,-1
58,27,787,534,22,22,1,-1,-1,-1
58,29,321,475,20,23,1,-1,-1,-1
58,33,332,543,23,27,1,-1,-1,-1
58,34,775,612,24,23,1,-1,-1,-1
58,36,378,584,23,22,1,-1,-1,-1
58,37,679,615,21,22,1,-1,-1,-1
58,39,362,596,22,23,1,-1,-1,-1
58,40,508,609,22,24,1,-1,-1,-1
58,41,716,627,20,22,1,-1,-1,-1
58,42,554,618,24,23,1,-1,-1,-1
58,43,641,631,25,22,1,-1,-1,-1
58,44,759,628,24,22,1,-1,-1,-1
58,45,444,628,22,23,1,-1,-1,-1
58,47,271,573,23,26,1,-1,-1,-1
58,51,756,175,18,31,1,-1,-1,-1
58,55,264,193,24,23,1,-1,-1,-1
58,64,296,497,18,25,1,-1,-1,-1
58,76,227,104,26,21,1,-1,-1,-1
58,99,759,117,18,19,1,-1,-1,-1
58,107,278,397,21,20,1,-1,-1,-1
58,108,241,159,15,24,1,-1,-1,-1
58,110,807,469,9,12,1,-1,-1,-1
58,111,698,629,19,19,1,-1,-1,-1
58,112,757,136,18,23,1,-1,-1,-1
58,114,856,110,22,22,1,-1,-1,-1
58,115,846,125,21,21,1,-1,-1,-1
58,116,864,139,20,23,1,-1,-1,-1
58,117,848,152,22,21,1,-1,-1,-1
58,118,490,623,26,21,1,-1,-1,-1
58,119,308,437,22,14,1,-1,-1,-1
58,120,271,531,21,22,1,-1,-1,-1
59,4,878,131,23,26,1,-1,-1,-1
59,8,223,126,23,22,1,-1,-1,-1
59,10,209,144,26,23,1,-1,-1,-1
59,14,304,217,22,24,1,-1,-1,-1
59,15,241,231,20,24,1,-1,-1,-1
59,16,275,210,25,25,1,-1,-1,-1
59,17,787,575,21,16,1,-1,-1,-1
59,18,269,351,24,26,1,-1,-1,-1
59,19,287,311,27,22,1,-1,-1,-1
59,21,819,432,22,21,1,-1,-1,-1
59,22,274,326,24,21,1,-1,-1,-1
59,23,822,453,21,22,1,-1,-1,-1
59,25,839,497,20,23,1,-1,-1,-1
59,26,769,526,20,21,1,-1,-1,-1
59,27,786,535,23,22,1,-1,-1,-1
59,29,321,474,20,24,1,-1,-1,-1
59,33,332,542,23,27,1,-1,-1,-1
59,34,775,612,24,23,1,-1,-1,-1
59,36,378,584,23,22,1,-1,-1,-1
59,37,678,615,21,22,1,-1,-1,-1
59,39,361,596,22,23,1,-1,-1,-1
59,40,507,609,21,24,1,-1,-1,-1
59,41,714,627,21,23,1,-1,-1,-1
59,42,553,617,24,24,1,-1,-1,-1
59,43,640,631,25,22,1,-1,-1,-1
59,44,759,628,24,22,1,-1,-1,-1
59,45,443,628,23,22,1,-1,-1,-1
59,51,756,175,18,30,1,-1,-1,-1
59,55,264,192,24,23,1,-1,-1,-1
59,76,227,104,25,20,1,-1,-1,-1
59,99,759,110,19,26,1,-1,-1,-1
59,107,278,396,21,20,1,-1,-1,-1
59,108,237,154,16,25,1,-1,-1,-1
59,110,807,475,9,12,1,-1,-1,-1
59,111,695,630,19,19,1,-1,-1,-1
59,112,757,136,18,31,1,-1,-1,-1
59,114,855,111,22,22,1,-1,-1,-1
59,115,844,127,21,22,1,-1,-1,-1
59,116,862,142,21,23,1,-1,-1,-1
59,117,847,153,22,21,1,-1,-1,-1
59,118,483,622,26,21,1,-1,-1,-1
59,119,309,432,22,13,1,-1,-1,-1
59,121,795,401,22,20,1,-1,-1,-1
60,4,876,132,24,26,1,-1,-1,-1
60,8,222,125,24,23,1,-1,-1,-1
60,10,209,144,26,22,1,-1,-1,-1
60,14,304,217,22,23,1,-1,-1,-1
60,15,240,230,21,24,1,-1,-1,-1
60,16,274,206,26,25,1,-1,-1,-1
60,17,785,581,21,14,1,-1,-1,-1
60,18,269,351,24,26,1,-1,-1,-1
60,19,286,309,28,22,1,-1,-1,-1
60,21,819,432,23,21,1,-1,-1,-1
60,22,273,323,24,22,1,-1,-1,-1
60,23,821,453,22,22,1,-1,-1,-1
60,25,839,497,20,23,1,-1,-1,-1
60,26,768,527,21,22,1,-1,-1,-1
60,27,786,536,23,21,1,-1,-1,-1
60,29,321,474,20,24,1,-1,-1,-1
60,33,332,541,23,28,1,-1,-1,-1
60,34,775,612,23,23,1,-1,-1,-1
60,36,377,583,23,23,1,-1,-1,-1
60,37,676,615,22,22,1,-1,-1,-1
60,39,360,595,23,24,1,-1,-1,-1
60,40,506,610,21,23,1,-1,-1,-1
60,41,712,627,22,23,1,-1,-1,-1
60,42,551,617,24,24,1,-1,-1,-1
60,43,640,631,24,22,1,-1,-1,-1
60,44,759,628,24,22,1,-1,-1,-1
60,45,442,628,23,22,1,-1,-1,-1
60,47,271,567,21,24,1,-1,-1,-1
60,51,756,175,18,33,1,-1,-1,-1
60,55,264,192,24,23,1,-1,-1,-1
60,64,297,488,15,21,1,-1,-1,-1
60,76,226,104,26,21,1,-1,-1,-1
60,99,759,110,19,26,1,-1,-1,-1
60,107,278,395,21,20,1,-1,-1,-1
60,110,807,482,8,10,1,-1,-1,-1
60,111,691,631,21,18,1,-1,-1,-1
60,112,757,136,18,39,1,-1,-1,-1
60,114,854,111,23,22,1,-1,-1,-1
60,115,842,128,21,23,1,-1,-1,-1
60,116,860,144,20,24,1,-1,-1,-1
60,117,847,153,21,22,1,-1,-1,-1
60,119,309,424,21,14,1,-1,-1,-1
60,120,271,531,20,22,1,-1,-1,-1
60,121,795,403,22,21,1,-1,-1,-1
60,122,235,151,14,23,1,-1,-1,-1
60,123,233,155,14,20,1,-1,-1,-1
61,4,875,132,24,26,1,-1,-1,-1
61,8,221,125,24,22,1,-1,-1,-1
61,10,207,143,38,28,1,-1,-1,-1
61,14,304,216,22,24,1,-1,-1,-1
61,15,240,229,21,24,1,-1,-1,-1
61,16,264,190,36,41,1,-1,-1,-1
61,17,782,584,22,16,1,-1,-1,-1
61,18,269,350,24,27,1,-1,-1,-1
61,19,285,303,29,27,1,-1,-1,-1
61,21,819,433,22,21,1,-1,-1,-1
61,22,272,321,24,21,1,-1,-1,-1
61,23,821,454,22,22,1,-1,-1,-1
61,25,839,498,20,23,1,-1,-1,-1
61,26,768,528,20,22,1,-1,-1,-1
61,27,786,536,23,22,1,-1,-1,-1
61,29,321,472,21,25,1,-1,-1,-1
61,33,331,541,23,27,1,-1,-1,-1
61,34,774,612,24,23,1,-1,-1,-1
61,36,376,582,23,23,1,-1,-1,-1
61,37,675,615,21,22,1,-1,-1,-1
61,39,360,595,22,23,1,-1,-1,-1
61,40,505,609,21,24,1,-1,-1,-1
61,41,711,627,22,23,1,-1,-1,-1
61,42,550,617,24,24,1,-1,-1,-1
61,43,639,631,25,22,1,-1,-1,-1
61,44,759,628,24,22,1,-1,-1,-1
61,45,442,628,22,22,1,-1,-1,-1
61,47,269,563,22,24,1,-1,-1,-1
61,51,756,175,18,30,1,-1,-1,-1
61,76,225,103,27,21,1,-1,-1,-1
61,99,759,120,17,16,1,-1,-1,-1
61,107,278,394,21,20,1,-1,-1,-1
61,110,806,488,9,10,1,-1,-1,-1
61,111,687,632,21,17,1,-1,-1,-1
61,114,854,111,23,22,1,-1,-1,-1
61,115,841,130,20,22,1,-1,-1,-1
61,116,858,146,20,23,1,-1,-1,-1
61,117,846,154,21,21,1,-1,-1,-1
61,118,469,622,23,19,1,-1,-1,-1
61,119,309,417,21,19,1,-1,-1,-1
61,120,271,530,20,23,1,-1,-1,-1
61,121,795,406,22,21,1,-1,-1,-1
61,124,757,136,18,23,1,-1,-1,-1
61,125,756,160,17,15,1,-1,-1,-1
62,4,877,134,21,24,1,-1,-1,-1
62,8,221,124,23,23,1,-1,-1,-1
62,10,206,143,34,25,1,-1,-1,-1
62,14,304,215,22,24,1,-1,-1,-1
62,15,239,228,22,25,1,-1,-1,-1
62,16,264,189,36,41,1,-1,-1,-1
62,17,780,585,22,18,1,-1,-1,-1
62,18,269,351,24,26,1,-1,-1,-1
62,19,289,309,24,20,1,-1,-1,-1
62,21,819,434,23,21,1,-1,-1,-1
62,22,272,319,23,20,1,-1,-1,-1
62,23,821,455,22,22,1,-1,-1,-1
62,25,839,498,20,23,1,-1,-1,-1
62,26,767,528,21,22,1,-1,-1,-1
62,27,785,537,24,22,1,-1,-1,-1
62,29,321,472,21,24,1,-1,-1,-1
62,33,331,540,22,27,1,-1,-1,-1
62,34,774,612,24,23,1,-1,-1,-1
62,36,376,582,23,23,1,-1,-1,-1
62,37,674,615,22,22,1,-1,-1,-1
62,39,359,595,23,23,1,-1,-1,-1
62,40,504,609,21,23,1,-1,-1,-1
62,41,710,627,22,23,1,-1,-1,-1
62,42,549,617,24,24,1,-1,-1,-1
62,43,638,631,25,22,1,-1,-1,-1
62,44,759,629,24,21,1,-1,-1,-1
62,45,440,628,22,22,1,-1,-1,-1
62,51,756,175,18,30,1,-1,-1,-1
62,76,225,103,26,21,1,-1,-1,-1
62,99,759,119,18,17,1,-1,-1,-1
62,107,278,393,21,21,1,-1,-1,-1
62,111,683,634,22,15,1,-1,-1,-1
62,118,461,621,22,20,1,-1,-1,-1
62,119,308,412,22,18,1,-1,-1,-1
62,121,795,409,22,21,1,-1,-1,-1
62,124,757,136,18,22,1,-1,-1,-1
62,125,756,158,17,16,1,-1,-1,-1
62,126,286,297,19,18,1,-1,-1,-1
63,4,877,135,20,23,1,-1,-1,-1
63,8,220,124,24,23,1,-1,-1,-1
63,10,206,142,30,23,1,-1,-1,-1
63,14,304,215,22,23,1,-1,-1,-1
63,15,240,228,21,24,1,-1,-1,-1
63,17,777,587,22,19,1,-1,-1,-1
63,18,269,351,24,26,1,-1,-1,-1
63,19,289,307,24,21,1,-1,-1,-1
63,21,819,435,22,21,1,-1,-1,-1
63,22,272,316,22,20,1,-1,-1,-1
63,23,821,456,22,22,1,-1,-1,-1
63,25,839,499,20,22,1,-1,-1,-1
63,26,767,530,20,21,1,-1,-1,-1
63,27,785,538,23,21,1,-1,-1,-1
63,29,320,471,22,25,1,-1,-1,-1
63,33,330,539,23,28,1,-1,-1,-1
63,34,774,612,24,23,1,-1,-1,-1
63,36,375,581,23,24,1,-1,-1,-1
63,37,673,614,22,22,1,-1,-1,-1
63,39,358,594,23,23,1,-1,-1,-1
63,40,503,609,21,23,1,-1,-1,-1
63,41,709,627,22,23,1,-1,-1,-1
63,42,548,617,23,23,1,-1,-1,-1
63,43,637,631,25,22,1,-1,-1,-1
63,44,759,628,24,22,1,-1,-1,-1
63,45,439,627,23,23,1,-1,-1,-1
63,51,756,175,17,29,1,-1,-1,-1
63,76,225,103,25,21,1,-1,-1,-1
63,99,759,120,18,16,1,-1,-1,-1
63,107,278,392,21,21,1,-1,-1,-1
63,111,679,635,23,15,1,-1,-1,-1
63,118,455,621,16,19,1,-1,-1,-1
63,119,308,404,22,22,1,-1,-1,-1
63,121,795,412,22,22,1,-1,-1,-1
63,124,757,136,18,22,1,-1,-1,-1
63,125,757,159,16,16,1,-1,-1,-1
63,126,285,291,19,19,1,-1,-1,-1
63,127,264,188,28,23,1,-1,-1,-1
63,128,277,205,23,23,1,-1,-1,-1
64,8,219,124,24,22,1,-1,-1,-1
64,10,205,141,26,23,1,-1,-1,-1
64,14,304,214,22,23,1,-1,-1,-1
64,15,239,228,21,24,1,-1,-1,-1
64,17,775,589,22,19,1,-1,-1,-1
64,18,269,351,24,26,1,-1,-1,-1
64,19,289,306,24,21,1,-1,-1,-1
64,21,819,435,22,22,1,-1,-1,-1
64,22,272,313,21,20,1,-1,-1,-1
64,23,821,457,22,22,1,-1,-1,-1
64,25,839,499,20,23,1,-1,-1,-1
64,26,766,531,21,22,1,-1,-1,-1
64,27,785,538,23,22,1,-1,-1,-1
64,29,320,470,22,25,1,-1,-1,-1
64,33,330,538,23,28,1,-1,-1,-1
64,34,774,613,23,22,1,-1,-1,-1
64,36,374,581,23,23,1,-1,-1,-1
64,37,672,615,21,21,1,-1,-1,-1
64,39,358,594,23,23,1,-1,-1,-1
64,40,502,609,21,23,1,-1,-1,-1
64,41,709,627,21,23,1,-1,-1,-1
64,42,547,617,23,23,1,-1,-1,-1
64,43,636,631,25,22,1,-1,-1,-1
64,44,759,628,24,22,1,-1,-1,-1
64,45,438,621,28,29,1,-1,-1,-1
64,51,756,175,17,29,1,-1,-1,-1
64,76,224,103,26,20,1,-1,-1,-1
64,99,759,119,17,17,1,-1,-1,-1
64,107,277,391,22,21,1,-1,-1,-1
64,111,675,636,23,14,1,-1,-1,-1
64,119,308,398,22,23,1,-1,-1,-1
64,121,796,416,21,21,1,-1,-1,-1
64,124,757,135,18,22,1,-1,-1,-1
64,125,757,158,16,17,1,-1,-1,-1
64,126,284,286,20,18,1,-1,-1,-1
64,127,264,182,26,29,1,-1,-1,-1
64,128,277,204,22,23,1,-1,-1,-1
64,129,779,416,18,20,1,-1,-1,-1
65,8,219,124,23,22,1,-1,-1,-1
65,10,204,140,25,24,1,-1,-1,-1
65,14,303,213,23,24,1,-1,-1,-1
65,15,237,227,23,24,1,-1,-1,-1
65,17,772,590,22,20,1,-1,-1,-1
65,18,269,351,24,26,1,-1,-1,-1
65,19,289,305,24,22,1,-1,-1,-1
65,21,819,436,22,21,1,-1,-1,-1
65,22,272,309,21,21,1,-1,-1,-1
65,23,821,457,22,22,1,-1,-1,-1
65,25,839,500,20,23,1,-1,-1,-1
65,26,766,532,20,21,1,-1,-1,-1
65,27,785,539,23,22,1,-1,-1,-1
65,29,321,470,21,24,1,-1,-1,-1
65,33,330,537,23,28,1,-1,-1,-1
65,34,774,613,23,22,1,-1,-1,-1
65,36,373,580,24,23,1,-1,-1,-1
65,37,671,615,21,21,1,-1,-1,-1
65,39,357,593,23,23,1,-1,-1,-1
65,40,501,609,21,23,1,-1,-1,-1
65,41,708,627,22,23,1,-1,-1,-1
65,42,545,617,23,23,1,-1,-1,-1
65,43,636,631,24,22,1,-1,-1,-1
65,44,759,628,24,22,1,-1,-1,-1
65,45,437,628,22,21,1,-1,-1,-1
65,51,756,175,17,30,1,-1,-1,-1
65,76,223,102,26,21,1,-1,-1,-1
65,99,760,119,16,17,1,-1,-1,-1
65,107,277,390,22,21,1,-1,-1,-1
65,111,671,636,23,15,1,-1,-1,-1
65,119,307,391,23,24,1,-1,-1,-1
65,121,795,418,21,24,1,-1,-1,-1
65,124,757,135,18,26,1,-1,-1,-1
65,126,283,280,20,18,1,-1,-1,-1
65,127,263,178,25,31,1,-1,-1,-1
65,128,276,203,23,23,1,-1,-1,-1
65,130,969,97,18,24,1,-1,-1,-1
66,8,218,123,23,23,1,-1,-1,-1
66,10,202,140,27,24,1,-1,-1,-1
66,14,303,212,23,24,1,-1,-1,-1
66,15,237,226,23,24,1,-1,-1,-1
66,17,769,592,22,20,1,-1,-1,-1
66,19,290,304,23,21,1,-1,-1,-1
66,21,818,437,23,21,1,-1,-1,-1
66,23,821,458,22,22,1,-1,-1,-1
66,25,839,500,20,23,1,-1,-1,-1
66,26,765,533,21,21,1,-1,-1,-1
66,27,784,540,23,21,1,-1,-1,-1
66,29,320,468,22,25,1,-1,-1,-1
66,33,329,536,23,28,1,-1,-1,-1
66,34,773,612,24,23,1,-1,-1,-1
66,36,372,580,24,22,1,-1,-1,-1
66,37,670,615,22,21,1,-1,-1,-1
66,39,357,593,22,23,1,-1,-1,-1
66,40,499,609,22,23,1,-1,-1,-1
66,41,707,627,22,23,1,-1,-1,-1
66,42,544,617,23,24,1,-1,-1,-1
66,43,635,631,25,22,1,-1,-1,-1
66,44,759,629,24,21,1,-1,-1,-1
66,45,436,627,22,22,1,-1,-1,-1
66,51,755,175,18,29,1,-1,-1,-1
66,76,223,102,25,21,1,-1,-1,-1
66,99,759,118,17,18,1,-1,-1,-1
66,111,667,636,23,15,1,-1,-1,-1
66,119,307,385,23,23,1,-1,-1,-1
66,121,794,421,22,24,1,-1,-1,-1
66,124,757,135,18,23,1,-1,-1,-1
66,126,283,276,20,16,1,-1,-1,-1
66,127,263,189,22,19,1,-1,-1,-1
66,128,276,202,23,23,1,-1,-1,-1
66,130,961,96,23,25,1,-1,-1,-1
66,131,263,172,23,19,1,-1,-1,-1
66,132,430,619,21,15,1,-1,-1,-1
67,8,218,123,23,22,1,-1,-1,-1
67,10,201,141,27,23,1,-1,-1,-1
67,14,303,212,23,23,1,-1,-1,-1
67,15,238,226,22,24,1,-1,-1,-1
67,17,767,594,22,20,1,-1,-1,-1
67,18,269,351,24,26,1,-1,-1,-1
67,19,289,303,24,22,1,-1,-1,-1
67,21,819,438,22,21,1,-1,-1,-1
67,22,274,300,15,22,1,-1,-1,-1
67,23,821,459,22,22,1,-1,-1,-1
67,25,839,501,19,23,1,-1,-1,-1
67,26,766,534,20,22,1,-1,-1,-1
67,27,784,541,23,21,1,-1,-1,-1
67,29,320,468,22,24,1,-1,-1,-1
67,33,329,536,23,28,1,-1,-1,-1
67,34,773,612,24,23,1,-1,-1,-1
67,36,372,580,24,22,1,-1,-1,-1
67,37,669,615,22,22,1,-1,-1,-1
67,39,356,593,22,22,1,-1,-1,-1
67,40,499,609,21,23,1,-1,-1,-1
67,41,706,627,22,23,1,-1,-1,-1
67,42,543,617,23,24,1,-1,-1,-1
67,43,634,631,25,22,1,-1,-1,-1
67,44,759,629,24,21,1,-1,-1,-1
67,45,435,627,22,23,1,-1,-1,-1
67,51,756,175,17,29,1,-1,-1,-1
67,76,222,102,25,21,1,-1,-1,-1
67,99,759,120,17,16,1,-1,-1,-1
67,107,277,388,21,21,1,-1,-1,-1
67,111,664,636,22,16,1,-1,-1,-1
67,119,307,379,22,23,1,-1,-1,-1
67,121,793,424,23,24,1,-1,-1,-1
67,124,758,135,17,23,1,-1,-1,-1
67,126,283,269,20,18,1,-1,-1,-1
67,127,263,186,23,21,1,-1,-1,-1
67,128,276,201,23,23,1,-1,-1,-1
67,130,954,97,24,25,1,-1,-1,-1
67,131,260,166,23,21,1,-1,-1,-1
67,132,422,618,22,20,1,-1,-1,-1
67,133,1017,125,23,23,1,-1,-1,-1
67,134,194,132,19,20,1,-1,-1,-1
68,8,217,123,23,22,1,-1,-1,-1
68,10,202,141,25,22,1,-1,-1,-1
68,14,303,211,23,24,1,-1,-1,-1
68,15,236,225,24,25,1,-1,-1,-1
68,17,763,596,22,21,1,-1,-1,-1
68,18,269,351,24,26,1,-1,-1,-1
68,19,290,302,23,22,1,-1,-1,-1
68,21,818,438,23,22,1,-1,-1,-1
68,22,274,296,20,22,1,-1,-1,-1
68,23,821,460,22,21,1,-1,-1,-1
68,25,839,502,20,23,1,-1,-1,-1
68,26,764,535,21,22,1,-1,-1,-1
68,27,784,541,22,22,1,-1,-1,-1
68,29,321,467,20,24,1,-1,-1,-1
68,33,329,535,22,28,1,-1,-1,-1
68,34,773,612,23,23,1,-1,-1,-1
68,36,371,579,25,23,1,-1,-1,-1
68,37,668,615,22,23,1,-1,-1,-1
68,39,355,592,23,23,1,-1,-1,-1
68,40,498,609,21,22,1,-1,-1,-1
68,41,706,627,21,24,1,-1,-1,-1
68,42,542,618,23,22,1,-1,-1,-1
68,43,633,631,25,22,1,-1,-1,-1
68,44,759,629,24,21,1,-1,-1,-1
68,45,434,627,22,22,1,-1,-1,-1
68,51,756,175,17,37,1,-1,-1,-1
68,76,221,102,26,21,1,-1,-1,-1
68,99,759,110,19,26,1,-1,-1,-1
68,107,277,387,21,21,1,-1,-1,-1
68,111,660,635,21,17,1,-1,-1,-1
68,119,306,374,23,22,1,-1,-1,-1
68,121,793,429,22,24,1,-1,-1,-1
68,124,757,136,18,38,1,-1,-1,-1
68,126,282,263,20,18,1,-1,-1,-1
68,127,262,184,24,22,1,-1,-1,-1
68,128,276,200,23,23,1,-1,-1,-1
68,130,948,99,23,24,1,-1,-1,-1
68,131,257,162,24,22,1,-1,-1,-1
68,132,414,617,25,21,1,-1,-1,-1
68,134,186,131,23,21,1,-1,-1,-1
69,8,216,122,24,23,1,-1,-1,-1
69,10,201,140,26,23,1,-1,-1,-1
69,14,303,210,23,24,1,-1,-1,-1
69,15,236,225,24,24,1,-1,-1,-1
69,17,760,598,22,20,1,-1,-1,-1
69,18,269,350,24,27,1,-1,-1,-1
69,19,288,302,25,21,1,-1,-1,-1
69,21,819,439,22,22,1,-1,-1,-1
69,22,274,292,21,22,1,-1,-1,-1
69,23,821,460,22,22,1,-1,-1,-1
69,25,839,502,20,23,1,-1,-1,-1
69,26,765,536,19,22,1,-1,-1,-1
69,27,783,542,23,22,1,-1,-1,-1
69,29,321,467,20,23,1,-1,-1,-1
69,33,328,534,23,28,1,-1,-1,-1
69,34,773,613,23,22,1,-1,-1,-1
69,36,370,578,24,23,1,-1,-1,-1
69,37,667,616,22,22,1,-1,-1,-1
69,39,354,592,23,23,1,-1,-1,-1
69,40,496,609,22,23,1,-1,-1,-1
69,41,705,628,21,23,1,-1,-1,-1
69,42,540,618,23,23,1,-1,-1,-1
69,43,632,631,25,22,1,-1,-1,-1
69,44,759,629,24,21,1,-1,-1,-1
69,45,433,627,22,22,1,-1,-1,-1
69,51,756,175,17,33,1,-1,-1,-1
69,76,221,102,25,20,1,-1,-1,-1
69,99,759,110,19,26,1,-1,-1,-1
69,107,276,386,22,22,1,-1,-1,-1
69,111,657,634,21,18,1,-1,-1,-1
69,119,306,368,22,22,1,-1,-1,-1
69,121,793,433,21,24,1,-1,-1,-1
69,124,757,136,18,38,1,-1,-1,-1
69,126,282,257,20,17,1,-1,-1,-1
69,127,262,182,24,24,1,-1,-1,-1
69,128,276,199,23,23,1,-1,-1,-1
69,130,942,103,23,20,1,-1,-1,-1
69,131,254,157,24,21,1,-1,-1,-1
69,132,407,617,25,20,1,-1,-1,-1
69,135,867,139,22,25,1,-1,-1,-1
69,136,843,161,20,20,1,-1,-1,-1
69,137,852,113,21,20,1,-1,-1,-1
69,138,828,148,16,24,1,-1,-1,-1
69,139,837,176,20,20,1,-1,-1,-1
70,8,216,122,23,22,1,-1,-1,-1
70,10,200,140,26,23,1,-1,-1,-1
70,14,303,210,23,24,1,-1,-1,-1
70,15,236,224,23,24,1,-1,-1,-1
70,17,756,600,22,21,1,-1,-1,-1
70,18,269,350,24,27,1,-1,-1,-1
70,19,288,301,25,22,1,-1,-1,-1
70,21,819,440,22,21,1,-1,-1,-1
70,22,273,288,22,22,1,-1,-1,-1
70,23,821,461,22,22,1,-1,-1,-1
70,25,839,503,20,23,1,-1,-1,-1
70,26,764,537,20,23,1,-1,-1,-1
70,27,783,543,23,22,1,-1,-1,-1
70,29,320,466,22,24,1,-1,-1,-1
70,33,327,533,23,28,1,-1,-1,-1
70,34,773,612,23,23,1,-1,-1,-1
70,36,370,578,24,23,1,-1,-1,-1
70,37,666,616,21,22,1,-1,-1,-1
70,39,354,592,23,23,1,-1,-1,-1
70,40,495,609,22,23,1,-1,-1,-1
70,41,704,628,21,23,1,-1,-1,-1
70,42,539,618,23,22,1,-1,-1,-1
70,43,631,631,24,22,1,-1,-1,-1
70,44,759,629,24,21,1,-1,-1,-1
70,45,432,626,22,23,1,-1,-1,-1
70,51,755,175,19,31,1,-1,-1,-1
70,76,220,101,26,21,1,-1,-1,-1
70,99,759,110,19,26,1,-1,-1,-1
70,107,276,385,22,22,1,-1,-1,-1
70,111,655,634,19,18,1,-1,-1,-1
70,119,305,363,23,21,1,-1,-1,-1
70,121,793,437,21,24,1,-1,-1,-1
70,124,757,135,18,39,1,-1,-1,-1
70,126,281,250,20,18,1,-1,-1,-1
70,127,262,181,24,24,1,-1,-1,-1
70,128,276,198,23,23,1,-1,-1,-1
70,130,937,101,22,24,1,-1,-1,-1
70,131,251,153,24,22,1,-1,-1,-1
70,132,400,616,25,20,1,-1,-1,-1
70,134,171,128,26,21,1,-1,-1,-1
70,135,865,140,23,25,1,-1,-1,-1
70,136,841,161,22,21,1,-1,-1,-1
70,137,850,113,23,21,1,-1,-1,-1
70,138,826,151,16,24,1,-1,-1,-1
70,139,835,177,21,22,1,-1,-1,-1
70,140,293,418,17,25,1,-1,-1,-1
71,8,215,122,23,22,1,-1,-1,-1
71,10,199,139,26,24,1,-1,-1,-1
71,14,303,209,23,24,1,-1,-1,-1
71,15,237,223,22,24,1,-1,-1,-1
71,17,753,602,21,21,1,-1,-1,-1
71,18,269,350,24,27,1,-1,-1,-1
71,19,289,300,24,21,1,-1,-1,-1
71,21,819,440,22,22,1,-1,-1,-1
71,22,273,284,22,23,1,-1,-1,-1
71,23,821,462,22,22,1,-1,-1,-1
71,25,839,503,19,23,1,-1,-1,-1
71,26,764,538,19,22,1,-1,-1,-1
71,27,782,544,25,22,1,-1,-1,-1
71,29,320,465,22,24,1,-1,-1,-1
71,33,327,533,23,27,1,-1,-1,-1
71,34,773,612,23,23,1,-1,-1,-1
71,36,369,578,24,22,1,-1,-1,-1
71,37,665,616,21,22,1,-1,-1,-1
71,39,354,592,22,23,1,-1,-1,-1
71,40,494,609,22,23,1,-1,-1,-1
71,41,703,627,22,24,1,-1,-1,-1
71,42,538,618,23,22,1,-1,-1,-1
71,43,630,630,23,23,1,-1,-1,-1
71,44,759,629,24,21,1,-1,-1,-1
71,45,431,626,22,23,1,-1,-1,-1
71,51,756,175,17,30,1,-1,-1,-1
71,76,219,101,26,21,1,-1,-1,-1
71,99,759,118,18,18,1,-1,-1,-1
71,107,276,384,22,22,1,-1,-1,-1
71,111,652,633,18,19,1,-1,-1,-1
71,119,305,349,23,29,1,-1,-1,-1
71,121,793,441,21,24,1,-1,-1,-1
71,124,757,135,18,29,1,-1,-1,-1
71,126,280,243,20,19,1,-1,-1,-1
71,127,261,181,24,23,1,-1,-1,-1
71,128,275,197,23,22,1,-1,-1,-1
71,130,930,107,24,19,1,-1,-1,-1
71,131,248,149,25,23,1,-1,-1,-1
71,132,392,614,26,21,1,-1,-1,-1
71,134,163,128,28,20,1,-1,-1,-1
71,135,864,141,23,25,1,-1,-1,-1
71,136,841,162,22,21,1,-1,-1,-1
71,137,850,113,22,21,1,-1,-1,-1
71,138,824,154,17,24,1,-1,-1,-1
71,139,833,180,22,23,1,-1,-1,-1
71,140,295,412,14,24,1,-1,-1,-1
72,8,214,122,24,22,1,-1,-1,-1
72,10,198,139,26,23,1,-1,-1,-1
72,14,303,209,23,23,1,-1,-1,-1
72,15,237,223,22,23,1,-1,-1,-1
72,17,749,604,22,21,1,-1,-1,-1
72,18,269,351,24,26,1,-1,-1,-1
72,19,289,299,23,22,1,-1,-1,-1
72,21,819,441,22,22,1,-1,-1,-1
72,22,272,280,23,24,1,-1,-1,-1
72,23,821,463,22,22,1,-1,-1,-1
72,25,839,504,19,23,1,-1,-1,-1
72,26,763,539,20,22,1,-1,-1,-1
72,27,782,545,24,22,1,-1,-1,-1
72,29,320,464,21,24,1,-1,-1,-1
72,33,326,532,24,27,1,-1,-1,-1
72,34,772,612,23,22,1,-1,-1,-1
72,36,368,577,24,23,1,-1,-1,-1
72,37,664,616,22,22,1,-1,-1,-1
72,39,353,591,23,23,1,-1,-1,-1
72,40,493,609,21,23,1,-1,-1,-1
72,41,702,628,22,23,1,-1,-1,-1
72,42,536,618,23,22,1,-1,-1,-1
72,43,629,630,22,23,1,-1,-1,-1
72,44,759,628,24,22,1,-1,-1,-1
72,45,430,626,22,23,1,-1,-1,-1
72,51,755,175,19,40,1,-1,-1,-1
72,76,219,101,25,21,1,-1,-1,-1
72,99,759,109,19,27,1,-1,-1,-1
72,107,277,383,21,22,1,-1,-1,-1
72,111,649,633,18,19,1,-1,-1,-1
72,119,305,347,22,26,1,-1,-1,-1
72,121,793,445,21,24,1,-1,-1,-1
72,124,756,136,19,39,1,-1,-1,-1
72,126,279,236,21,21,1,-1,-1,-1
72,127,261,181,24,23,1,-1,-1,-1
72,128,275,197,23,21,1,-1,-1,-1
72,130,924,100,23,25,1,-1,-1,-1
72,131,244,146,26,22,1,-1,-1,-1
72,132,385,612,26,22,1,-1,-1,-1
72,134,159,127,26,19,1,-1,-1,-1
72,135,863,142,23,25,1,-1,-1,-1
72,136,840,162,22,22,1,-1,-1,-1
72,137,849,113,23,21,1,-1,-1,-1
72,138,824,156,16,25,1,-1,-1,-1
72,139,832,184,21,22,1,-1,-1,-1
73,8,213,122,24,22,1,-1,-1,-1
73,10,198,139,25,23,1,-1,-1,-1
73,14,303,208,23,23,1,-1,-1,-1
73,15,238,222,21,24,1,-1,-1,-1
73,17,745,606,22,20,1,-1,-1,-1
73,18,269,350,24,27,1,-1,-1,-1
73,19,288,298,25,22,1,-1,-1,-1
73,21,819,442,22,22,1,-1,-1,-1
73,22,272,276,23,24,1,-1,-1,-1
73,23,821,463,21,22,1,-1,-1,-1
73,25,839,505,19,23,1,-1,-1,-1
73,26,763,541,19,22,1,-1,-1,-1
73,27,782,546,23,22,1,-1,-1,-1
73,29,320,463,22,25,1,-1,-1,-1
73,33,324,531,26,27,1,-1,-1,-1
73,34,772,611,23,24,1,-1,-1,-1
73,36,368,577,23,22,1,-1,-1,-1
73,37,663,617,21,21,1,-1,-1,-1
73,39,352,591,23,22,1,-1,-1,-1
73,40,492,608,21,23,1,-1,-1,-1
73,41,702,628,21,23,1,-1,-1,-1
73,42,535,618,23,22,1,-1,-1,-1
73,43,628,630,21,22,1,-1,-1,-1
73,44,759,629,24,21,1,-1,-1,-1
73,45,429,626,22,23,1,-1,-1,-1
73,51,756,175,18,29,1,-1,-1,-1
73,76,218,101,26,21,1,-1,-1,-1
73,99,759,110,19,26,1,-1,-1,-1
73,107,277,382,22,22,1,-1,-1,-1
73,111,645,632,18,20,1,-1,-1,-1
73,119,304,344,23,21,1,-1,-1,-1
73,121,792,449,22,24,1,-1,-1,-1
73,126,279,231,20,20,1,-1,-1,-1
73,127,261,180,24,23,1,-1,-1,-1
73,128,275,196,23,21,1,-1,-1,-1
73,131,241,142,25,22,1,-1,-1,-1
73,135,862,142,23,25,1,-1,-1,-1
73,136,839,163,23,21,1,-1,-1,-1
73,137,849,113,23,22,1,-1,-1,-1
73,138,822,159,17,25,1,-1,-1,-1
73,139,831,187,21,22,1,-1,-1,-1
73,140,293,398,18,29,1,-1,-1,-1
73,141,757,136,18,22,1,-1,-1,-1
73,142,757,159,16,16,1,-1,-1,-1
74,8,213,121,24,22,1,-1,-1,-1
74,10,197,138,25,24,1,-1,-1,-1
74,14,303,207,22,23,1,-1,-1,-1
74,15,238,222,21,23,1,-1,-1,-1
74,17,741,608,22,20,1,-1,-1,-1
74,18,269,350,24,27,1,-1,-1,-1
74,19,288,297,24,22,1,-1,-1,-1
74,21,818,443,22,21,1,-1,-1,-1
74,22,271,272,24,24,1,-1,-1,-1
74,23,821,464,21,22,1,-1,-1,-1
74,25,839,505,19,23,1,-1,-1,-1
74,26,762,542,20,22,1,-1,-1,-1
74,27,782,546,23,26,1,-1,-1,-1
74,33,322,530,27,28,1,-1,-1,-1
74,34,771,611,24,23,1,-1,-1,-1
74,36,367,576,23,23,1,-1,-1,-1
74,37,661,617,22,22,1,-1,-1,-1
74,39,351,590,24,24,1,-1,-1,-1
74,40,491,609,21,22,1,-1,-1,-1
74,41,701,627,21,24,1,-1,-1,-1
74,42,534,619,23,21,1,-1,-1,-1
74,43,627,630,33,23,1,-1,-1,-1
74,44,759,629,24,21,1,-1,-1,-1
74,45,428,626,22,23,1,-1,-1,-1
74,51,756,174,18,31,1,-1,-1,-1
74,76,217,100,26,22,1,-1,-1,-1
74,99,759,119,17,17,1,-1,-1,-1
74,107,277,381,22,22,1,-1,-1,-1
74,119,303,339,23,22,1,-1,-1,-1
74,121,792,452,21,25,1,-1,-1,-1
74,126,278,224,20,20,1,-1,-1,-1
74,127,261,179,23,23,1,-1,-1,-1
74,128,275,195,23,22,1,-1,-1,-1
74,131,237,139,26,21,1,-1,-1,-1
74,132,371,610,27,21,1,-1,-1,-1
74,135,861,143,23,25,1,-1,-1,-1
74,136,840,164,21,21,1,-1,-1,-1
74,137,849,113,22,22,1,-1,-1,-1
74,138,821,163,16,24,1,-1,-1,-1
74,140,295,392,14,24,1,-1,-1,-1
74,141,757,136,18,22,1,-1,-1,-1
74,142,756,158,17,16,1,-1,-1,-1
75,8,213,121,23,22,1,-1,-1,-1
75,10,196,138,25,23,1,-1,-1,-1
75,14,303,207,22,23,1,-1,-1,-1
75,15,237,221,22,24,1,-1,-1,-1
75,17,737,609,22,21,1,-1,-1,-1
75,18,269,350,24,27,1,-1,-1,-1
75,19,288,296,24,22,1,-1,-1,-1
75,21,818,444,22,21,1,-1,-1,-1
75,22,271,269,24,23,1,-1,-1,-1
75,23,821,465,21,22,1,-1,-1,-1
75,25,839,506,19,23,1,-1,-1,-1
75,26,761,543,20,22,1,-1,-1,-1
75,27,781,547,23,29,1,-1,-1,-1
75,33,324,529,25,28,1,-1,-1,-1
75,34,771,611,25,24,1,-1,-1,-1
75,36,366,576,24,23,1,-1,-1,-1
75,37,660,617,22,21,1,-1,-1,-1
75,39,351,590,23,23,1,-1,-1,-1
75,40,490,608,21,23,1,-1,-1,-1
75,41,700,628,21,23,1,-1,-1,-1
75,42,532,618,24,22,1,-1,-1,-1
75,43,626,630,30,22,1,-1,-1,-1
75,44,759,629,24,21,1,-1,-1,-1
75,45,427,626,22,23,1,-1,-1,-1
75,51,756,175,18,29,1,-1,-1,-1
75,76,217,100,25,21,1,-1,-1,-1
75,99,759,120,17,16,1,-1,-1,-1
75,107,277,380,21,22,1,-1,-1,-1
75,119,304,333,21,23,1,-1,-1,-1
75,121,792,456,21,25,1,-1,-1,-1
75,126,277,219,20,19,1,-1,-1,-1
75,127,260,178,24,23,1,-1,-1,-1
75,128,275,194,23,21,1,-1,-1,-1
75,131,234,137,26,20,1,-1,-1,-1
75,132,366,608,26,22,1,-1,-1,-1
75,135,860,144,23,25,1,-1,-1,-1
75,136,840,164,21,22,1,-1,-1,-1
75,137,848,113,23,22,1,-1,-1,-1
75,138,820,166,16,24,1,-1,-1,-1
75,139,828,196,20,17,1,-1,-1,-1
75,140,295,386,15,27,1,-1,-1,-1
75,141,757,135,18,23,1,-1,-1,-1
75,142,756,159,17,16,1,-1,-1,-1
76,8,212,121,23,22,1,-1,-1,-1
76,10,195,138,25,23,1,-1,-1,-1
76,14,303,206,22,23,1,-1,-1,-1
76,15,239,220,20,24,1,-1,-1,-1
76,17,732,611,23,21,1,-1,-1,-1
76,18,269,350,24,27,1,-1,-1,-1
76,19,288,295,24,22,1,-1,-1,-1
76,21,818,444,22,22,1,-1,-1,-1
76,22,270,265,25,23,1,-1,-1,-1
76,23,820,466,22,21,1,-1,-1,-1
76,25,839,506,19,23,1,-1,-1,-1
76,26,760,544,21,23,1,-1,-1,-1
76,27,781,548,23,22,1,-1,-1,-1
76,33,324,528,25,27,1,-1,-1,-1
76,34,771,611,23,23,1,-1,-1,-1
76,36,366,575,23,23,1,-1,-1,-1
76,37,659,617,22,22,1,-1,-1,-1
76,39,350,589,23,24,1,-1,-1,-1
76,40,489,608,21,23,1,-1,-1,-1
76,41,699,627,22,24,1,-1,-1,-1
76,42,531,618,23,22,1,-1,-1,-1
76,43,625,631,26,21,1,-1,-1,-1
76,44,759,629,24,21,1,-1,-1,-1
76,45,426,626,22,23,1,-1,-1,-1
76,51,755,174,18,31,1,-1,-1,-1
76,76,216,100,25,21,1,-1,-1,-1
76,99,759,120,17,16,1,-1,-1,-1
76,107,276,378,21,23,1,-1,-1,-1
76,119,303,328,22,19,1,-1,-1,-1
76,121,792,460,21,26,1,-1,-1,-1
76,126,276,214,20,18,1,-1,-1,-1
76,127,260,178,23,23,1,-1,-1,-1
76,128,274,192,23,22,1,-1,-1,-1
76,131,231,134,25,19,1,-1,-1,-1
76,132,361,606,25,22,1,-1,-1,-1
76,138,821,171,13,21,1,-1,-1,-1
76,140,296,380,14,29,1,-1,-1,-1
76,141,757,136,18,22,1,-1,-1,-1
76,142,756,158,17,16,1,-1,-1,-1
77,8,211,120,41,30,1,-1,-1,-1
77,10,195,137,25,23,1,-1,-1,-1
77,14,303,205,22,23,1,-1,-1,-1
77,15,238,219,20,24,1,-1,-1,-1
77,17,728,613,23,20,1,-1,-1,-1
77,18,269,350,24,27,1,-1,-1,-1
77,19,288,295,24,21,1,-1,-1,-1
77,21,818,445,22,22,1,-1,-1,-1
77,22,270,260,25,24,1,-1,-1,-1
77,23,820,467,22,21,1,-1,-1,-1
77,25,838,507,20,23,1,-1,-1,-1
77,26,759,546,21,22,1,-1,-1,-1
77,27,781,548,22,23,1,-1,-1,-1
77,33,323,528,26,27,1,-1,-1,-1
77,34,771,611,23,23,1,-1,-1,-1
77,36,365,575,24,23,1,-1,-1,-1
77,37,659,617,21,21,1,-1,-1,-1
77,39,350,589,22,23,1,-1,-1,-1
77,40,488,608,21,23,1,-1,-1,-1
77,41,698,627,22,24,1,-1,-1,-1
77,42,529,618,24,22,1,-1,-1,-1
77,43,624,631,24,21,1,-1,-1,-1
77,44,759,629,24,22,1,-1,-1,-1
77,45,425,626,22,23,1,-1,-1,-1
77,51,756,175,18,29,1,-1,-1,-1
77,76,215,100,26,21,1,-1,-1,-1
77,99,759,120,18,16,1,-1,-1,-1
77,107,277,378,23,21,1,-1,-1,-1
77,121,792,464,21,25,1,-1,-1,-1
77,126,275,211,20,17,1,-1,-1,-1
77,127,260,177,23,23,1,-1,-1,-1
77,128,274,192,23,19,1,-1,-1,-1
77,135,859,145,21,25,1,-1,-1,-1
77,136,839,166,21,22,1,-1,-1,-1
77,137,848,113,22,22,1,-1,-1,-1
77,138,818,174,16,22,1,-1,-1,-1
77,141,757,136,18,21,1,-1,-1,-1
77,142,757,158,16,17,1,-1,-1,-1
77,143,781,477,13,18,1,-1,-1,-1
78,8,210,120,38,28,1,-1,-1,-1
78,10,194,137,25,23,1,-1,-1,-1
78,14,303,204,22,23,1,-1,-1,-1
78,15,238,219,20,24,1,-1,-1,-1
78,17,723,614,23,21,1,-1,-1,-1
78,18,269,350,24,26,1,-1,-1,-1
78,19,288,294,24,21,1,-1,-1,-1
78,21,818,446,22,22,1,-1,-1,-1
78,22,269,256,26,24,1,-1,-1,-1
78,23,820,468,22,21,1,-1,-1,-1
78,25,839,508,19,22,1,-1,-1,-1
78,26,759,547,21,22,1,-1,-1,-1
78,27,780,549,23,22,1,-1,-1,-1
78,33,322,527,27,27,1,-1,-1,-1
78,34,770,611,23,23,1,-1,-1,-1
78,36,364,575,24,23,1,-1,-1,-1
78,37,657,617,22,22,1,-1,-1,-1
78,39,349,589,23,21,1,-1,-1,-1
78,40,487,608,21,23,1,-1,-1,-1
78,41,697,628,22,24,1,-1,-1,-1
78,42,528,618,24,22,1,-1,-1,-1
78,43,622,631,25,22,1,-1,-1,-1
78,44,759,629,24,22,1,-1,-1,-1
78,45,424,626,22,23,1,-1,-1,-1
78,51,755,175,18,29,1,-1,-1,-1
78,76,214,100,26,20,1,-1,-1,-1
78,99,759,110,19,26,1,-1,-1,-1
78,107,277,376,23,22,1,-1,-1,-1
78,121,791,468,21,25,1,-1,-1,-1
78,127,260,176,23,23,1,-1,-1,-1
78,128,274,190,23,32,1,-1,-1,-1
78,135,857,146,23,25,1,-1,-1,-1
78,136,838,166,22,23,1,-1,-1,-1
78,137,847,113,22,22,1,-1,-1,-1
78,138,816,177,18,22,1,-1,-1,-1
78,141,756,135,19,39,1,-1,-1,-1
78,143,775,480,19,20,1,-1,-1,-1
79,8,209,119,34,26,1,-1,-1,-1
79,10,193,136,25,24,1,-1,-1,-1
79,14,303,204,22,23,1,-1,-1,-1
79,15,237,218,21,25,1,-1,-1,-1
79,17,719,616,23,20,1,-1,-1,-1
79,18,269,350,24,27,1,-1,-1,-1
79,19,288,293,24,22,1,-1,-1,-1
79,21,818,447,22,21,1,-1,-1,-1
79,22,269,252,26,23,1,-1,-1,-1
79,23,820,469,22,21,1,-1,-1,-1
79,25,839,508,19,23,1,-1,-1,-1
79,26,757,548,22,22,1,-1,-1,-1
79,27,780,550,23,22,1,-1,-1,-1
79,33,322,526,26,26,1,-1,-1,-1
79,34,770,611,23,23,1,-1,-1,-1
79,36,364,574,23,23,1,-1,-1,-1
79,37,656,617,22,22,1,-1,-1,-1
79,39,348,588,23,23,1,-1,-1,-1
79,40,486,608,21,23,1,-1,-1,-1
79,41,696,628,22,24,1,-1,-1,-1
79,42,527,618,24,22,1,-1,-1,-1
79,43,616,631,31,22,1,-1,-1,-1
79,44,759,629,24,22,1,-1,-1,-1
79,45,423,626,22,23,1,-1,-1,-1
79,51,755,175,19,39,1,-1,-1,-1
79,76,214,99,25,21,1,-1,-1,-1
79,99,759,109,19,27,1,-1,-1,-1
79,107,277,376,23,21,1,-1,-1,-1
79,121,791,473,21,25,1,-1,-1,-1
79,127,259,175,23,24,1,-1,-1,-1
79,128,273,189,24,28,1,-1,-1,-1
79,135,857,147,22,25,1,-1,-1,-1
79,136,838,167,22,22,1,-1,-1,-1
79,137,847,114,22,22,1,-1,-1,-1
79,138,816,181,17,21,1,-1,-1,-1
79,140,293,362,15,24,1,-1,-1,-1
79,141,757,136,18,38,1,-1,-1,-1
79,144,302,312,23,15,1,-1,-1,-1
79,145,271,529,21,24,1,-1,-1,-1
80,8,209,119,29,24,1,-1,-1,-1
80,10,192,136,25,23,1,-1,-1,-1
80,14,303,204,22,22,1,-1,-1,-1
80,15,237,218,21,24,1,-1,-1,-1
80,17,715,616,22,21,1,-1,-1,-1
80,18,269,350,23,27,1,-1,-1,-1
80,19,288,292,24,22,1,-1,-1,-1
80,21,818,448,22,21,1,-1,-1,-1
80,22,269,248,25,23,1,-1,-1,-1
80,23,820,469,22,22,1,-1,-1,-1
80,25,838,508,20,24,1,-1,-1,-1
80,26,757,549,21,22,1,-1,-1,-1
80,27,780,551,22,22,1,-1,-1,-1
80,33,322,525,26,26,1,-1,-1,-1
80,34,770,611,22,22,1,-1,-1,-1
80,36,363,574,24,23,1,-1,-1,-1
80,37,655,617,22,22,1,-1,-1,-1
80,39,348,588,22,22,1,-1,-1,-1
80,40,484,608,22,23,1,-1,-1,-1
80,41,695,628,21,24,1,-1,-1,-1
80,42,526,617,23,23,1,-1,-1,-1
80,43,620,631,25,22,1,-1,-1,-1
80,44,760,629,23,22,1,-1,-1,-1
80,45,422,625,22,24,1,-1,-1,-1
80,51,756,175,17,31,1,-1,-1,-1
80,76,213,99,26,21,1,-1,-1,-1
80,99,759,119,17,17,1,-1,-1,-1
80,107,277,375,22,21,1,-1,-1,-1
80,121,791,476,21,25,1,-1,-1,-1
80,127,259,174,23,23,1,-1,-1,-1
80,128,271,188,25,22,1,-1,-1,-1
80,135,856,148,22,25,1,-1,-1,-1
80,136,838,168,21,22,1,-1,-1,-1
80,137,847,114,22,22,1,-1,-1,-1
80,138,815,185,18,20,1,-1,-1,-1
80,140,292,356,14,23,1,-1,-1,-1
80,141,757,136,18,23,1,-1,-1,-1
80,144,303,306,22,17,1,-1,-1,-1
80,145,271,530,21,23,1,-1,-1,-1
81,8,207,119,24,22,1,-1,-1,-1
81,10,191,135,25,24,1,-1,-1,-1
81,14,302,202,23,24,1,-1,-1,-1
81,15,237,217,21,24,1,-1,-1,-1
81,17,710,617,23,20,1,-1,-1,-1
81,18,269,350,23,26,1,-1,-1,-1
81,19,287,290,25,23,1,-1,-1,-1
81,21,818,448,22,22,1,-1,-1,-1
81,22,268,243,26,24,1,-1,-1,-1
81,23,820,470,21,22,1,-1,-1,-1
81,25,838,509,20,23,1,-1,-1,-1
81,26,756,551,21,22,1,-1,-1,-1
81,27,779,552,23,22,1,-1,-1,-1
81,33,322,524,26,27,1,-1,-1,-1
81,34,769,611,23,22,1,-1,-1,-1
81,36,362,573,24,24,1,-1,-1,-1
81,37,654,617,22,22,1,-1,-1,-1
81,39,350,588,19,22,1,-1,-1,-1
81,40,483,608,21,23,1,-1,-1,-1
81,41,694,628,21,24,1,-1,-1,-1
81,42,524,617,24,23,1,-1,-1,-1
81,43,622,631,22,22,1,-1,-1,-1
81,44,760,629,23,22,1,-1,-1,-1
81,45,422,625,21,23,1,-1,-1,-1
81,51,756,174,18,30,1,-1,-1,-1
81,76,212,98,26,21,1,-1,-1,-1
81,99,759,119,17,16,1,-1,-1,-1
81,107,277,374,22,21,1,-1,-1,-1
81,121,790,480,21,24,1,-1,-1,-1
81,127,258,173,23,24,1,-1,-1,-1
81,128,271,186,25,22,1,-1,-1,-1
81,135,855,148,23,25,1,-1,-1,-1
81,136,837,169,22,22,1,-1,-1,-1
81,137,846,114,22,22,1,-1,-1,-1
81,138,813,189,20,19,1,-1,-1,-1
81,140,292,348,13,24,1,-1,-1,-1
81,141,757,135,18,22,1,-1,-1,-1
81,142,757,158,16,16,1,-1,-1,-1
81,143,772,495,19,17,1,-1,-1,-1
81,144,304,300,20,19,1,-1,-1,-1
81,145,270,530,22,23,1,-1,-1,-1
81,146,869,114,27,25,1,-1,-1,-1
81,147,333,591,18,21,1,-1,-1,-1
81,148,763,591,12,11,1,-1,-1,-1
81,149,607,632,17,20,1,-1,-1,-1
82,8,202,119,28,23,1,-1,-1,-1
82,10,192,136,23,22,1,-1,-1,-1
82,14,302,202,23,23,1,-1,-1,-1
82,15,237,217,21,24,1,-1,-1,-1
82,17,705,617,24,20,1,-1,-1,-1
82,18,269,350,24,26,1,-1,-1,-1
82,19,287,290,24,22,1,-1,-1,-1
82,21,818,450,22,21,1,-1,-1,-1
82,22,268,240,25,23,1,-1,-1,-1
82,23,820,471,21,22,1,-1,-1,-1
82,25,838,510,20,23,1,-1,-1,-1
82,26,755,552,21,22,1,-1,-1,-1
82,27,779,552,23,22,1,-1,-1,-1
82,33,321,524,27,26,1,-1,-1,-1
82,34,768,611,24,22,1,-1,-1,-1
82,36,361,573,24,23,1,-1,-1,-1
82,37,653,617,22,22,1,-1,-1,-1
82,39,347,587,22,23,1,-1,-1,-1
82,40,482,607,21,23,1,-1,-1,-1
82,41,693,627,21,25,1,-1,-1,-1
82,42,523,617,24,23,1,-1,-1,-1
82,43,621,631,22,22,1,-1,-1,-1
82,44,759,629,24,22,1,-1,-1,-1
82,45,420,625,22,23,1,-1,-1,-1
82,51,756,175,17,38,1,-1,-1,-1
82,76,211,98,26,22,1,-1,-1,-1
82,99,759,110,19,26,1,-1,-1,-1
82,107,277,374,22,21,1,-1,-1,-1
82,121,790,484,21,24,1,-1,-1,-1
82,127,258,172,23,24,1,-1,-1,-1
82,128,271,182,25,26,1,-1,-1,-1
82,135,854,149,23,25,1,-1,-1,-1
82,136,837,170,22,22,1,-1,-1,-1
82,137,845,114,22,23,1,-1,-1,-1
82,138,812,193,21,21,1,-1,-1,-1
82,140,292,339,12,27,1,-1,-1,-1
82,141,756,135,19,40,1,-1,-1,-1
82,143,773,502,17,14,1,-1,-1,-1
82,144,308,296,17,19,1,-1,-1,-1
82,145,271,530,21,23,1,-1,-1,-1
82,146,866,116,25,26,1,-1,-1,-1
82,147,328,587,20,20,1,-1,-1,-1
82,148,759,594,10,10,1,-1,-1,-1
82,149,601,632,20,19,1,-1,-1,-1
83,8,194,118,35,23,1,-1,-1,-1
83,10,189,135,25,23,1,-1,-1,-1
83,14,302,201,23,23,1,-1,-1,-1
83,15,237,216,21,24,1,-1,-1,-1
83,17,702,618,23,19,1,-1,-1,-1
83,18,269,350,24,26,1,-1,-1,-1
83,19,287,289,23,22,1,-1,-1,-1
83,21,818,450,22,21,1,-1,-1,-1
83,22,267,235,26,23,1,-1,-1,-1
83,23,820,471,21,22,1,-1,-1,-1
83,25,839,510,18,23,1,-1,-1,-1
83,26,754,553,21,22,1,-1,-1,-1
83,27,779,553,23,22,1,-1,-1,-1
83,33,322,523,25,26,1,-1,-1,-1
83,34,768,611,24,22,1,-1,-1,-1
83,36,361,572,24,23,1,-1,-1,-1
83,37,652,617,22,22,1,-1,-1,-1
83,39,345,586,23,24,1,-1,-1,-1
83,40,481,608,21,23,1,-1,-1,-1
83,41,691,628,22,25,1,-1,-1,-1
83,42,522,617,24,23,1,-1,-1,-1
83,43,619,631,23,22,1,-1,-1,-1
83,44,759,629,24,22,1,-1,-1,-1
83,45,420,625,21,23,1,-1,-1,-1
83,51,755,174,19,40,1,-1,-1,-1
83,76,210,98,26,21,1,-1,-1,-1
83,99,759,110,19,26,1,-1,-1,-1
83,107,277,373,22,21,1,-1,-1,-1
83,121,789,488,22,24,1,-1,-1,-1
83,127,257,171,28,24,1,-1,-1,-1
83,128,272,184,23,22,1,-1,-1,-1
83,135,854,150,22,24,1,-1,-1,-1
83,136,837,171,21,21,1,-1,-1,-1
83,137,845,115,21,21,1,-1,-1,-1
83,140,291,332,12,26,1,-1,-1,-1
83,141,756,135,19,39,1,-1,-1,-1
83,144,308,288,16,21,1,-1,-1,-1
83,145,270,530,22,23,1,-1,-1,-1
83,146,863,118,22,25,1,-1,-1,-1
83,147,324,583,23,21,1,-1,-1,-1
83,148,753,597,12,10,1,-1,-1,-1
83,149,596,632,22,20,1,-1,-1,-1
84,8,186,118,42,23,1,-1,-1,-1
84,10,188,134,25,24,1,-1,-1,-1
84,14,302,200,23,23,1,-1,-1,-1
84,15,235,216,22,24,1,-1,-1,-1
84,17,698,617,23,20,1,-1,-1,-1
84,18,269,350,24,26,1,-1,-1,-1
84,19,287,288,24,22,1,-1,-1,-1
84,21,818,451,22,21,1,-1,-1,-1
84,22,267,231,26,23,1,-1,-1,-1
84,23,820,472,21,22,1,-1,-1,-1
84,25,838,511,20,23,1,-1,-1,-1
84,26,752,554,22,22,1,-1,-1,-1
84,27,778,553,23,22,1,-1,-1,-1
84,33,322,522,25,26,1,-1,-1,-1
84,34,767,610,24,23,1,-1,-1,-1
84,36,360,572,24,23,1,-1,-1,-1
84,37,651,617,22,22,1,-1,-1,-1
84,39,345,586,22,23,1,-1,-1,-1
84,40,479,607,22,23,1,-1,-1,-1
84,41,690,629,22,24,1,-1,-1,-1
84,42,520,617,24,23,1,-1,-1,-1
84,43,616,631,24,22,1,-1,-1,-1
84,44,759,629,24,22,1,-1,-1,-1
84,45,419,624,21,24,1,-1,-1,-1
84,51,755,174,18,30,1,-1,-1,-1
84,76,209,98,27,21,1,-1,-1,-1
84,99,759,119,17,16,1,-1,-1,-1
84,107,278,372,22,22,1,-1,-1,-1
84,121,789,492,21,23,1,-1,-1,-1
84,127,257,169,24,26,1,-1,-1,-1
84,128,271,182,24,22,1,-1,-1,-1
84,135,853,151,22,24,1,-1,-1,-1
84,136,836,171,22,22,1,-1,-1,-1
84,137,845,115,22,22,1,-1,-1,-1
84,140,290,324,12,29,1,-1,-1,-1
84,141,756,135,19,39,1,-1,-1,-1
84,144,302,282,21,21,1,-1,-1,-1
84,145,271,530,20,22,1,-1,-1,-1
84,146,858,121,23,24,1,-1,-1,-1
84,147,321,579,25,21,1,-1,-1,-1
84,149,591,632,22,20,1,-1,-1,-1
85,8,204,117,23,23,1,-1,-1,-1
85,10,187,134,25,24,1,-1,-1,-1
85,14,302,200,22,23,1,-1,-1,-1
85,15,233,215,24,24,1,-1,-1,-1
85,17,695,618,21,18,1,-1,-1,-1
85,18,269,350,24,25,1,-1,-1,-1
85,19,287,287,24,22,1,-1,-1,-1
85,21,818,451,22,21,1,-1,-1,-1
85,22,267,226,25,24,1,-1,-1,-1
85,23,820,473,21,22,1,-1,-1,-1
85,25,838,511,20,23,1,-1,-1,-1
85,26,751,555,22,22,1,-1,-1,-1
85,27,778,554,23,22,1,-1,-1,-1
85,33,322,522,25,25,1,-1,-1,-1
85,34,767,610,24,23,1,-1,-1,-1
85,36,359,571,24,23,1,-1,-1,-1
85,37,650,617,21,22,1,-1,-1,-1
85,39,344,586,23,22,1,-1,-1,-1
85,40,478,607,21,23,1,-1,-1,-1
85,41,689,631,21,22,1,-1,-1,-1
85,42,519,617,24,23,1,-1,-1,-1
85,43,615,631,24,22,1,-1,-1,-1
85,44,759,629,24,22,1,-1,-1,-1
85,45,417,624,22,23,1,-1,-1,-1
85,51,755,174,19,34,1,-1,-1,-1
85,76,209,97,26,22,1,-1,-1,-1
85,99,759,110,19,26,1,-1,-1,-1
85,107,278,372,22,21,1,-1,-1,-1
85,121,789,494,21,25,1,-1,-1,-1
85,127,257,166,23,28,1,-1,-1,-1
85,128,269,181,26,22,1,-1,-1,-1
85,135,853,152,21,24,1,-1,-1,-1
85,136,836,173,21,20,1,-1,-1,-1
85,140,289,316,12,29,1,-1,-1,-1
85,141,756,135,19,39,1,-1,-1,-1
85,144,300,276,22,22,1,-1,-1,-1
85,145,271,530,20,22,1,-1,-1,-1
85,147,318,576,25,18,1,-1,-1,-1
85,149,586,632,23,19,1,-1,-1,-1
85,150,178,119,26,13,1,-1,-1,-1
86,8,203,117,23,23,1,-1,-1,-1
86,10,186,133,25,24,1,-1,-1,-1
86,14,302,200,22,22,1,-1,-1,-1
86,15,233,214,24,24,1,-1,-1,-1
86,17,691,619,21,16,1,-1,-1,-1
86,18,269,350,24,25,1,-1,-1,-1
86,19,287,286,24,22,1,-1,-1,-1
86,21,818,452,22,21,1,-1,-1,-1
86,22,267,222,24,23,1,-1,-1,-1
86,23,820,474,21,21,1,-1,-1,-1
86,25,838,512,19,23,1,-1,-1,-1
86,26,748,556,24,22,1,-1,-1,-1
86,27,777,555,23,22,1,-1,-1,-1
86,33,322,521,24,25,1,-1,-1,-1
86,34,766,610,24,23,1,-1,-1,-1
86,36,359,570,23,23,1,-1,-1,-1
86,37,648,617,22,22,1,-1,-1,-1
86,39,343,585,23,23,1,-1,-1,-1
86,40,477,607,21,23,1,-1,-1,-1
86,41,688,633,21,20,1,-1,-1,-1
86,42,518,617,23,23,1,-1,-1,-1
86,43,614,630,24,23,1,-1,-1,-1
86,44,759,629,24,22,1,-1,-1,-1
86,45,416,624,22,23,1,-1,-1,-1
86,51,756,174,17,28,1,-1,-1,-1
86,76,208,97,26,21,1,-1,-1,-1
86,99,759,119,17,16,1,-1,-1,-1
86,107,278,371,22,21,1,-1,-1,-1
86,121,788,498,22,23,1,-1,-1,-1
86,127,256,171,22,23,1,-1,-1,-1
86,128,269,181,26,21,1,-1,-1,-1
86,140,288,309,12,29,1,-1,-1,-1
86,141,757,135,18,23,1,-1,-1,-1
86,143,767,514,19,20,1,-1,-1,-1
86,144,299,270,22,23,1,-1,-1,-1
86,145,271,529,21,23,1,-1,-1,-1
86,147,315,572,23,16,1,-1,-1,-1
86,149,580,632,24,19,1,-1,-1,-1
86,150,170,118,29,13,1,-1,-1,-1
87,8,202,116,23,23,1,-1,-1,-1
87,10,185,133,25,23,1,-1,-1,-1
87,14,302,198,22,23,1,-1,-1,-1
87,15,232,214,25,24,1,-1,-1,-1
87,17,686,620,18,17,1,-1,-1,-1
87,18,269,349,24,26,1,-1,-1,-1
87,19,287,285,24,23,1,-1,-1,-1
87,21,818,453,22,21,1,-1,-1,-1
87,22,267,218,23,24,1,-1,-1,-1
87,23,820,474,21,22,1,-1,-1,-1
87,25,838,512,19,23,1,-1,-1,-1
87,26,746,557,26,22,1,-1,-1,-1
87,27,777,555,23,22,1,-1,-1,-1
87,33,322,520,24,25,1,-1,-1,-1
87,34,766,610,23,22,1,-1,-1,-1
87,36,358,570,24,22,1,-1,-1,-1
87,37,647,617,22,22,1,-1,-1,-1
87,39,343,585,22,22,1,-1,-1,-1
87,40,476,607,21,23,1,-1,-1,-1
87,41,687,631,21,22,1,-1,-1,-1
87,42,517,617,23,23,1,-1,-1,-1
87,43,614,630,24,23,1,-1,-1,-1
87,44,760,629,23,22,1,-1,-1,-1
87,45,416,624,21,23,1,-1,-1,-1
87,51,755,174,18,29,1,-1,-1,-1
87,76,208,97,25,21,1,-1,-1,-1
87,99,759,119,17,16,1,-1,-1,-1
87,107,278,371,22,21,1,-1,-1,-1
87,121,788,501,22,23,1,-1,-1,-1
87,127,257,169,21,23,1,-1,-1,-1
87,128,267,180,27,21,1,-1,-1,-1
87,135,850,153,22,25,1,-1,-1,-1
87,136,834,173,23,22,1,-1,-1,-1
87,137,843,115,23,20,1,-1,-1,-1
87,140,287,305,13,25,1,-1,-1,-1
87,141,757,135,18,24,1,-1,-1,-1
87,143,766,519,19,20,1,-1,-1,-1
87,144,298,265,23,22,1,-1,-1,-1
87,145,271,529,21,23,1,-1,-1,-1
87,146,843,135,24,21,1,-1,-1,-1
87,149,575,631,23,20,1,-1,-1,-1
87,150,160,116,33,14,1,-1,-1,-1
87,151,1065,97,23,17,1,-1,-1,-1
87,152,255,155,20,18,1,-1,-1,-1
87,153,756,159,16,15,1,-1,-1,-1
88,8,201,116,23,23,1,-1,-1,-1
88,10,184,133,25,23,1,-1,-1,-1
88,14,301,197,23,23,1,-1,-1,-1
88,15,230,213,27,24,1,-1,-1,-1
88,17,679,621,19,17,1,-1,-1,-1
88,18,269,349,23,26,1,-1,-1,-1
88,19,285,284,26,39,1,-1,-1,-1
88,21,817,454,22,21,1,-1,-1,-1
88,22,266,215,23,23,1,-1,-1,-1
88,23,819,475,22,22,1,-1,-1,-1
88,25,838,513,19,23,1,-1,-1,-1
88,26,740,556,31,24,1,-1,-1,-1
88,27,776,556,24,22,1,-1,-1,-1
88,33,322,519,24,26,1,-1,-1,-1
88,34,766,610,23,22,1,-1,-1,-1
88,36,358,569,23,23,1,-1,-1,-1
88,37,646,617,22,22,1,-1,-1,-1
88,39,342,584,23,23,1,-1,-1,-1
88,40,474,607,21,23,1,-1,-1,-1
88,41,686,629,21,24,1,-1,-1,-1
88,42,515,617,24,22,1,-1,-1,-1
88,43,612,631,25,22,1,-1,-1,-1
88,44,759,630,24,21,1,-1,-1,-1
88,45,415,624,21,22,1,-1,-1,-1
88,51,755,174,18,29,1,-1,-1,-1
88,76,207,97,26,21,1,-1,-1,-1
88,99,759,118,17,17,1,-1,-1,-1
88,107,278,370,22,21,1,-1,-1,-1
88,121,787,504,23,23,1,-1,-1,-1
88,127,256,166,22,26,1,-1,-1,-1
88,128,267,179,26,20,1,-1,-1,-1
88,135,850,154,22,24,1,-1,-1,-1
88,136,834,174,22,22,1,-1,-1,-1
88,137,843,116,23,21,1,-1,-1,-1
88,141,757,135,18,23,1,-1,-1,-1
88,143,762,522,22,23,1,-1,-1,-1
88,144,297,259,23,22,1,-1,-1,-1
88,145,271,530,21,22,1,-1,-1,-1
88,146,839,135,25,23,1,-1,-1,-1
88,149,570,631,22,20,1,-1,-1,-1
88,150,157,117,26,11,1,-1,-1,-1
88,152,251,150,21,20,1,-1,-1,-1
88,154,226,416,17,85,1,-1,-1,-1
88,155,319,451,21,24,1,-1,-1,-1
89,8,201,116,23,23,1,-1,-1,-1
89,10,183,132,25,23,1,-1,-1,-1
89,14,301,196,23,24,1,-1,-1,-1
89,15,231,213,25,24,1,-1,-1,-1
89,17,670,620,20,19,1,-1,-1,-1
89,18,269,349,23,26,1,-1,-1,-1
89,19,286,283,25,22,1,-1,-1,-1
89,21,818,455,21,21,1,-1,-1,-1
89,22,265,210,22,24,1,-1,-1,-1
89,23,820,476,21,21,1,-1,-1,-1
89,25,838,514,19,23,1,-1,-1,-1
89,26,740,556,29,25,1,-1,-1,-1
89,27,776,557,23,22,1,-1,-1,-1
89,33,321,518,25,26,1,-1,-1,-1
89,34,765,610,23,21,1,-1,-1,-1
89,36,357,568,24,23,1,-1,-1,-1
89,37,645,617,22,22,1,-1,-1,-1
89,39,342,584,22,23,1,-1,-1,-1
89,40,473,607,21,23,1,-1,-1,-1
89,41,685,629,21,24,1,-1,-1,-1
89,42,514,616,24,23,1,-1,-1,-1
89,43,611,630,25,23,1,-1,-1,-1
89,44,759,629,23,21,1,-1,-1,-1
89,45,414,624,21,22,1,-1,-1,-1
89,51,755,174,18,37,1,-1,-1,-1
89,76,206,97,26,21,1,-1,-1,-1
89,99,759,110,19,25,1,-1,-1,-1
89,107,278,370,22,21,1,-1,-1,-1
89,121,787,507,22,23,1,-1,-1,-1
89,127,255,165,23,25,1,-1,-1,-1
89,128,266,177,28,22,1,-1,-1,-1
89,135,849,154,22,25,1,-1,-1,-1
89,136,834,175,22,21,1,-1,-1,-1
89,137,842,116,23,22,1,-1,-1,-1
89,140,283,300,17,17,1,-1,-1,-1
89,141,756,135,19,39,1,-1,-1,-1
89,143,765,526,18,23,1,-1,-1,-1
89,144,297,254,23,22,1,-1,-1,-1
89,146,836,137,25,24,1,-1,-1,-1
89,149,564,631,24,20,1,-1,-1,-1
89,152,248,146,20,20,1,-1,-1,-1
89,155,319,450,21,24,1,-1,-1,-1
89,156,309,553,21,18,1,-1,-1,-1
89,157,714,611,15,9,1,-1,-1,-1
90,8,200,116,23,23,1,-1,-1,-1
90,10,182,132,25,23,1,-1,-1,-1
90,14,301,196,23,23,1,-1,-1,-1
90,15,233,212,23,24,1,-1,-1,-1
90,17,664,621,19,19,1,-1,-1,-1
90,18,269,349,23,26,1,-1,-1,-1
90,19,285,281,26,23,1,-1,-1,-1
90,21,817,455,22,21,1,-1,-1,-1
90,22,265,205,21,24,1,-1,-1,-1
90,23,820,477,20,21,1,-1,-1,-1
90,25,838,514,19,23,1,-1,-1,-1
90,26,742,559,27,23,1,-1,-1,-1
90,27,776,557,23,22,1,-1,-1,-1
90,33,321,517,25,25,1,-1,-1,-1
90,34,765,609,23,22,1,-1,-1,-1
90,36,357,568,23,23,1,-1,-1,-1
90,37,644,617,22,22,1,-1,-1,-1
90,39,341,583,23,23,1,-1,-1,-1
90,40,472,607,21,23,1,-1,-1,-1
90,41,684,629,21,24,1,-1,-1,-1
90,42,512,616,24,23,1,-1,-1,-1
90,43,610,630,25,23,1,-1,-1,-1
90,44,759,629,24,21,1,-1,-1,-1
90,45,412,623,22,23,1,-1,-1,-1
90,51,755,174,18,40,1,-1,-1,-1
90,76,206,96,25,22,1,-1,-1,-1
90,99,759,109,19,26,1,-1,-1,-1
90,107,279,369,22,22,1,-1,-1,-1
90,121,786,510,23,23,1,-1,-1,-1
90,127,255,164,22,26,1,-1,-1,-1
90,128,265,177,28,21,1,-1,-1,-1
90,135,849,155,21,25,1,-1,-1,-1
90,136,834,176,21,20,1,-1,-1,-1
90,137,843,116,21,21,1,-1,-1,-1
90,141,756,135,19,39,1,-1,-1,-1
90,143,763,531,18,21,1,-1,-1,-1
90,144,296,248,24,21,1,-1,-1,-1
90,145,271,530,21,22,1,-1,-1,-1
90,149,558,631,25,20,1,-1,-1,-1
90,151,1043,98,25,17,1,-1,-1,-1
90,152,244,142,18,20,1,-1,-1,-1
90,155,319,449,21,24,1,-1,-1,-1
90,158,997,124,22,25,1,-1,-1,-1
91,8,199,116,23,22,1,-1,-1,-1
91,10,181,132,25,23,1,-1,-1,-1
91,14,301,195,23,23,1,-1,-1,-1
91,15,235,212,19,22,1,-1,-1,-1
91,17,658,622,20,19,1,-1,-1,-1
91,18,268,349,24,26,1,-1,-1,-1
91,19,288,276,23,26,1,-1,-1,-1
91,21,817,456,22,21,1,-1,-1,-1
91,22,265,201,18,22,1,-1,-1,-1
91,23,819,477,22,22,1,-1,-1,-1
91,25,838,515,19,23,1,-1,-1,-1
91,26,746,561,22,22,1,-1,-1,-1
91,27,775,558,24,22,1,-1,-1,-1
91,33,321,516,25,25,1,-1,-1,-1
91,34,764,609,24,23,1,-1,-1,-1
91,36,356,567,23,24,1,-1,-1,-1
91,37,643,617,20,22,1,-1,-1,-1
91,39,340,583,23,23,1,-1,-1,-1
91,40,470,607,22,23,1,-1,-1,-1
91,41,683,629,21,24,1,-1,-1,-1
91,42,511,616,24,23,1,-1,-1,-1
91,43,610,630,24,22,1,-1,-1,-1
91,44,759,630,24,20,1,-1,-1,-1
91,45,412,623,21,23,1,-1,-1,-1
91,51,755,174,18,40,1,-1,-1,-1
91,76,205,96,25,21,1,-1,-1,-1
91,99,759,109,19,26,1,-1,-1,-1
91,107,279,369,22,22,1,-1,-1,-1
91,121,786,513,23,22,1,-1,-1,-1
91,127,254,163,23,25,1,-1,-1,-1
91,128,265,176,28,20,1,-1,-1,-1
91,141,756,135,19,39,1,-1,-1,-1
91,144,297,243,21,19,1,-1,-1,-1
91,149,554,631,22,21,1,-1,-1,-1
91,152,240,138,18,21,1,-1,-1,-1
91,155,319,448,21,24,1,-1,-1,-1
91,156,306,538,21,22,1,-1,-1,-1
91,158,996,124,22,24,1,-1,-1,-1
92,8,198,116,23,23,1,-1,-1,-1
92,10,180,131,25,23,1,-1,-1,-1
92,14,301,195,23,23,1,-1,-1,-1
92,15,234,211,22,24,1,-1,-1,-1
92,18,268,349,24,26,1,-1,-1,-1
92,19,286,278,25,24,1,-1,-1,-1
92,21,817,457,23,21,1,-1,-1,-1
92,22,262,196,20,23,1,-1,-1,-1
92,23,819,478,22,22,1,-1,-1,-1
92,25,837,515,20,23,1,-1,-1,-1
92,26,745,562,21,23,1,-1,-1,-1
92,27,775,558,24,22,1,-1,-1,-1
92,33,320,515,26,25,1,-1,-1,-1
92,34,764,609,23,24,1,-1,-1,-1
92,36,355,566,24,24,1,-1,-1,-1
92,37,641,617,30,25,1,-1,-1,-1
92,39,340,582,22,23,1,-1,-1,-1
92,40,469,607,21,22,1,-1,-1,-1
92,41,681,629,22,24,1,-1,-1,-1
92,42,509,616,25,23,1,-1,-1,-1
92,43,608,630,25,23,1,-1,-1,-1
92,44,759,630,25,20,1,-1,-1,-1
92,45,411,623,21,23,1,-1,-1,-1
92,76,204,96,25,21,1,-1,-1,-1
92,99,759,109,19,26,1,-1,-1,-1
92,107,279,369,22,21,1,-1,-1,-1
92,121,785,516,24,22,1,-1,-1,-1
92,127,254,162,22,25,1,-1,-1,-1
92,128,264,175,29,21,1,-1,-1,-1
92,141,757,135,18,38,1,-1,-1,-1
92,144,295,235,23,23,1,-1,-1,-1
92,145,271,530,20,21,1,-1,-1,-1
92,149,550,631,20,21,1,-1,-1,-1
92,152,235,134,19,22,1,-1,-1,-1
92,154,225,415,19,90,1,-1,-1,-1
92,155,319,448,20,23,1,-1,-1,-1
92,158,995,124,22,24,1,-1,-1,-1
92,159,277,269,21,23,1,-1,-1,-1
93,8,198,115,22,23,1,-1,-1,-1
93,10,179,131,25,23,1,-1,-1,-1
93,14,301,194,23,23,1,-1,-1,-1
93,15,232,210,23,25,1,-1,-1,-1
93,18,268,349,24,26,1,-1,-1,-1
93,19,286,277,25,24,1,-1,-1,-1
93,21,817,458,23,21,1,-1,-1,-1
93,22,259,192,22,22,1,-1,-1,-1
93,23,819,479,22,22,1,-1,-1,-1
93,25,838,516,19,23,1,-1,-1,-1
93,26,743,564,22,22,1,-1,-1,-1
93,27,775,559,23,22,1,-1,-1,-1
93,33,320,514,25,25,1,-1,-1,-1
93,34,763,609,24,23,1,-1,-1,-1
93,36,355,566,23,23,1,-1,-1,-1
93,37,640,617,23,22,1,-1,-1,-1
93,39,339,582,23,22,1,-1,-1,-1
93,40,468,607,21,22,1,-1,-1,-1
93,41,680,629,22,24,1,-1,-1,-1
93,42,508,616,24,23,1,-1,-1,-1
93,43,607,630,25,23,1,-1,-1,-1
93,44,759,630,24,20,1,-1,-1,-1
93,45,410,623,21,23,1,-1,-1,-1
93,51,755,174,18,34,1,-1,-1,-1
93,76,203,96,25,21,1,-1,-1,-1
93,99,758,109,20,26,1,-1,-1,-1
93,107,279,368,22,21,1,-1,-1,-1
93,121,785,519,24,21,1,-1,-1,-1
93,127,253,161,22,26,1,-1,-1,-1
93,128,264,173,28,21,1,-1,-1,-1
93,141,756,135,19,39,1,-1,-1,-1
93,144,294,230,24,23,1,-1,-1,-1
93,145,271,530,20,21,1,-1,-1,-1
93,149,542,630,22,22,1,-1,-1,-1
93,152,231,132,18,20,1,-1,-1,-1
93,154,226,421,17,79,1,-1,-1,-1
93,155,318,446,22,25,1,-1,-1,-1
93,159,276,262,23,22,1,-1,-1,-1
94,8,197,115,23,23,1,-1,-1,-1
94,10,179,131,25,23,1,-1,-1,-1
94,14,301,195,22,21,1,-1,-1,-1
94,15,232,210,23,24,1,-1,-1,-1
94,18,268,349,24,26,1,-1,-1,-1
94,19,287,277,24,23,1,-1,-1,-1
94,21,817,458,22,21,1,-1,-1,-1
94,22,257,188,23,22,1,-1,-1,-1
94,23,819,480,22,21,1,-1,-1,-1
94,25,838,516,19,24,1,-1,-1,-1
94,26,742,565,21,22,1,-1,-1,-1
94,27,775,560,23,21,1,-1,-1,-1
94,33,320,514,25,25,1,-1,-1,-1
94,34,762,609,24,22,1,-1,-1,-1
94,36,354,566,23,23,1,-1,-1,-1
94,37,637,617,23,26,1,-1,-1,-1
94,39,339,581,22,23,1,-1,-1,-1
94,40,467,606,21,23,1,-1,-1,-1
94,41,680,630,21,23,1,-1,-1,-1
94,42,507,616,24,23,1,-1,-1,-1
94,43,607,630,24,23,1,-1,-1,-1
94,44,759,630,24,20,1,-1,-1,-1
94,45,409,623,21,23,1,-1,-1,-1
94,51,755,174,18,37,1,-1,-1,-1
94,76,202,95,26,22,1,-1,-1,-1
94,99,759,109,19,26,1,-1,-1,-1
94,107,279,368,22,21,1,-1,-1,-1
94,121,785,522,24,21,1,-1,-1,-1
94,127,253,160,22,25,1,-1,-1,-1
94,128,266,173,26,20,1,-1,-1,-1
94,135,847,159,20,23,1,-1,-1,-1
94,136,832,180,22,20,1,-1,-1,-1
94,137,841,118,22,20,1,-1,-1,-1
94,141,756,135,19,39,1,-1,-1,-1
94,144,294,225,23,21,1,-1,-1,-1
94,145,271,530,21,21,1,-1,-1,-1
94,149,538,630,21,22,1,-1,-1,-1
94,152,227,130,16,19,1,-1,-1,-1
94,155,319,446,20,23,1,-1,-1,-1
94,159,275,256,24,23,1,-1,-1,-1
94,160,803,244,22,26,1,-1,-1,-1
94,161,831,288,25,21,1,-1,-1,-1
94,162,680,617,10,5,1,-1,-1,-1
95,8,196,115,23,23,1,-1,-1,-1
95,10,177,130,25,23,1,-1,-1,-1
95,14,301,193,23,22,1,-1,-1,-1
95,15,233,209,22,24,1,-1,-1,-1
95,18,268,349,24,26,1,-1,-1,-1
95,19,286,276,25,23,1,-1,-1,-1
95,21,817,459,23,21,1,-1,-1,-1
95,22,256,182,23,24,1,-1,-1,-1
95,23,819,480,21,22,1,-1,-1,-1
95,25,837,517,20,23,1,-1,-1,-1
95,26,740,567,22,22,1,-1,-1,-1
95,27,774,560,23,22,1,-1,-1,-1
95,33,319,512,26,26,1,-1,-1,-1
95,34,762,609,23,22,1,-1,-1,-1
95,36,353,565,23,23,1,-1,-1,-1
95,37,637,617,22,23,1,-1,-1,-1
95,39,338,581,23,22,1,-1,-1,-1
95,40,466,606,21,23,1,-1,-1,-1
95,41,679,630,21,23,1,-1,-1,-1
95,42,506,616,23,23,1,-1,-1,-1
95,43,605,630,25,23,1,-1,-1,-1
95,44,759,630,24,20,1,-1,-1,-1
95,45,408,623,21,23,1,-1,-1,-1
95,51,756,174,17,27,1,-1,-1,-1
95,76,201,95,26,21,1,-1,-1,-1
95,99,759,118,17,17,1,-1,-1,-1
95,107,279,367,22,22,1,-1,-1,-1
95,121,785,525,23,21,1,-1,-1,-1
95,127,253,160,21,24,1,-1,-1,-1
95,128,270,171,22,21,1,-1,-1,-1
95,141,756,135,19,39,1,-1,-1,-1
95,144,293,220,23,21,1,-1,-1,-1
95,145,271,530,20,21,1,-1,-1,-1
95,149,532,631,22,21,1,-1,-1,-1
95,152,223,127,15,19,1,-1,-1,-1
95,155,318,445,21,24,1,-1,-1,-1
95,158,992,124,22,24,1,-1,-1,-1
95,159,275,247,24,25,1,-1,-1,-1
95,160,803,249,22,26,1,-1,-1,-1
95,161,831,289,25,22,1,-1,-1,-1
95,163,810,296,25,22,1,-1,-1,-1
95,164,259,402,23,28,1,-1,-1,-1
95,165,300,507,20,24,1,-1,-1,-1
95,166,628,625,20,19,1,-1,-1,-1
96,8,196,115,22,23,1,-1,-1,-1
96,10,177,130,25,23,1,-1,-1,-1
96,14,300,192,24,23,1,-1,-1,-1
96,15,233,208,22,25,1,-1,-1,-1
96,18,269,350,23,25,1,-1,-1,-1
96,19,287,275,24,23,1,-1,-1,-1
96,21,817,460,22,21,1,-1,-1,-1
96,22,253,182,26,21,1,-1,-1,-1
96,23,819,481,21,22,1,-1,-1,-1
96,25,838,518,20,23,1,-1,-1,-1
96,26,739,569,21,21,1,-1,-1,-1
96,27,774,561,23,21,1,-1,-1,-1
96,33,319,512,26,25,1,-1,-1,-1
96,34,761,609,23,22,1,-1,-1,-1
96,36,353,564,23,23,1,-1,-1,-1
96,37,637,617,22,22,1,-1,-1,-1
96,39,338,581,22,22,1,-1,-1,-1
96,40,464,606,22,23,1,-1,-1,-1
96,41,678,630,21,23,1,-1,-1,-1
96,42,504,616,24,23,1,-1,-1,-1
96,43,604,631,23,22,1,-1,-1,-1
96,44,760,630,23,20,1,-1,-1,-1
96,45,407,623,21,23,1,-1,-1,-1
96,51,756,174,17,29,1,-1,-1,-1
96,76,200,95,26,21,1,-1,-1,-1
96,99,759,109,19,26,1,-1,-1,-1
96,107,280,367,21,21,1,-1,-1,-1
96,121,785,527,23,22,1,-1,-1,-1
96,127,253,159,21,25,1,-1,-1,-1
96,128,269,169,23,22,1,-1,-1,-1
96,141,757,135,18,39,1,-1,-1,-1
96,144,293,216,22,18,1,-1,-1,-1
96,145,270,529,22,23,1,-1,-1,-1
96,149,527,630,22,23,1,-1,-1,-1
96,152,217,124,16,20,1,-1,-1,-1
96,155,318,444,21,25,1,-1,-1,-1
96,159,275,239,23,25,1,-1,-1,-1
96,160,803,256,22,25,1,-1,-1,-1
96,161,830,291,26,21,1,-1,-1,-1
96,163,810,300,25,23,1,-1,-1,-1
96,164,259,399,22,26,1,-1,-1,-1
96,165,297,496,23,28,1,-1,-1,-1
96,166,622,624,20,20,1,-1,-1,-1
96,167,668,619,9,6,1,-1,-1,-1
97,8,195,115,23,23,1,-1,-1,-1
97,10,175,130,25,23,1,-1,-1,-1
97,14,300,191,23,23,1,-1,-1,-1
97,15,233,208,22,24,1,-1,-1,-1
97,18,268,349,23,26,1,-1,-1,-1
97,19,286,274,24,23,1,-1,-1,-1
97,21,817,461,22,21,1,-1,-1,-1
97,22,250,178,27,21,1,-1,-1,-1
97,23,819,482,21,21,1,-1,-1,-1
97,25,837,518,20,23,1,-1,-1,-1
97,26,738,571,20,19,1,-1,-1,-1
97,27,773,561,23,22,1,-1,-1,-1
97,33,319,510,26,26,1,-1,-1,-1
97,34,760,609,24,22,1,-1,-1,-1
97,36,352,564,23,23,1,-1,-1,-1
97,37,635,617,22,22,1,-1,-1,-1
97,39,337,580,23,23,1,-1,-1,-1
97,40,463,606,22,23,1,-1,-1,-1
97,41,677,630,21,23,1,-1,-1,-1
97,42,502,616,24,23,1,-1,-1,-1
97,43,603,630,23,23,1,-1,-1,-1
97,44,759,630,24,20,1,-1,-1,-1
97,45,406,623,21,23,1,-1,-1,-1
97,76,199,94,26,22,1,-1,-1,-1
97,99,759,109,19,26,1,-1,-1,-1
97,107,280,366,21,22,1,-1,-1,-1
97,121,784,530,24,22,1,-1,-1,-1
97,127,252,158,22,22,1,-1,-1,-1
97,128,269,168,23,22,1,-1,-1,-1
97,135,845,162,20,22,1,-1,-1,-1
97,137,840,119,21,20,1,-1,-1,-1
97,141,756,135,19,39,1,-1,-1,-1
97,144,291,213,24,16,1,-1,-1,-1
97,145,271,530,20,21,1,-1,-1,-1
97,149,522,631,21,22,1,-1,-1,-1
97,152,212,122,16,20,1,-1,-1,-1
97,155,317,443,22,25,1,-1,-1,-1
97,158,990,125,22,23,1,-1,-1,-1
97,159,274,232,23,25,1,-1,-1,-1
97,160,802,261,22,28,1,-1,-1,-1
97,161,830,293,26,21,1,-1,-1,-1
97,163,810,306,26,25,1,-1,-1,-1
97,165,297,489,22,27,1,-1,-1,-1
97,166,616,624,21,20,1,-1,-1,-1
97,167,660,620,11,7,1,-1,-1,-1
97,168,840,364,24,22,1,-1,-1,-1
98,8,194,115,29,25,1,-1,-1,-1
98,10,174,129,25,24,1,-1,-1,-1
98,14,300,190,23,24,1,-1,-1,-1
98,15,233,207,21,23,1,-1,-1,-1
98,19,287,273,23,22,1,-1,-1,-1
98,21,817,461,22,21,1,-1,-1,-1
98,22,247,179,28,16,1,-1,-1,-1
98,23,819,482,21,22,1,-1,-1,-1
98,25,837,519,21,23,1,-1,-1,-1
98,26,736,573,21,19,1,-1,-1,-1
98,27,773,562,23,22,1,-1,-1,-1
98,33,318,509,26,25,1,-1,-1,-1
98,34,760,609,23,22,1,-1,-1,-1
98,36,351,563,24,23,1,-1,-1,-1
98,37,634,617,32,22,1,-1,-1,-1
98,39,336,580,23,22,1,-1,-1,-1
98,40,462,606,21,23,1,-1,-1,-1
98,41,676,629,21,24,1,-1,-1,-1
98,42,501,616,24,23,1,-1,-1,-1
98,43,602,624,26,29,1,-1,-1,-1
98,44,759,630,24,21,1,-1,-1,-1
98,45,405,623,21,22,1,-1,-1,-1
98,51,755,174,18,30,1,-1,-1,-1
98,76,198,93,27,23,1,-1,-1,-1
98,99,759,112,18,23,1,-1,-1,-1
98,121,784,532,23,22,1,-1,-1,-1
98,127,251,157,23,24,1,-1,-1,-1
98,128,269,167,22,23,1,-1,-1,-1
98,141,756,135,19,39,1,-1,-1,-1
98,144,291,207,23,14,1,-1,-1,-1
98,149,518,632,21,22,1,-1,-1,-1
98,155,318,443,21,24,1,-1,-1,-1
98,158,989,124,23,25,1,-1,-1,-1
98,159,274,224,22,26,1,-1,-1,-1
98,160,802,267,22,27,1,-1,-1,-1
98,161,830,294,26,21,1,-1,-1,-1
98,163,810,312,26,24,1,-1,-1,-1
98,168,840,364,23,22,1,-1,-1,-1
99,8,193,115,24,24,1,-1,-1,-1
99,10,173,129,25,23,1,-1,-1,-1
99,14,290,189,33,27,1,-1,-1,-1
99,15,232,207,22,23,1,-1,-1,-1
99,19,287,272,23,23,1,-1,-1,-1
99,21,817,462,22,21,1,-1,-1,-1
99,22,245,173,27,18,1,-1,-1,-1
99,23,818,483,22,22,1,-1,-1,-1
99,25,837,519,21,23,1,-1,-1,-1
99,26,734,573,22,20,1,-1,-1,-1
99,27,773,562,23,22,1,-1,-1,-1
99,33,318,508,26,25,1,-1,-1,-1
99,34,759,609,24,22,1,-1,-1,-1
99,36,351,562,23,23,1,-1,-1,-1
99,37,633,617,27,22,1,-1,-1,-1
99,39,336,579,22,23,1,-1,-1,-1
99,40,461,606,21,23,1,-1,-1,-1
99,41,675,630,21,23,1,-1,-1,-1
99,42,500,616,23,22,1,-1,-1,-1
99,43,601,630,24,23,1,-1,-1,-1
99,44,759,630,25,21,1,-1,-1,-1
99,45,404,623,21,22,1,-1,-1,-1
99,51,755,174,18,29,1,-1,-1,-1
99,76,197,94,26,22,1,-1,-1,-1
99,99,759,119,17,16,1,-1,-1,-1
99,121,783,534,23,23,1,-1,-1,-1
99,127,249,156,24,24,1,-1,-1,-1
99,128,268,165,23,23,1,-1,-1,-1
99,135,844,164,19,21,1,-1,-1,-1
99,137,840,119,19,20,1,-1,-1,-1
99,141,757,135,18,22,1,-1,-1,-1
99,149,513,633,20,21,1,-1,-1,-1
99,155,318,442,22,25,1,-1,-1,-1
99,158,988,124,23,25,1,-1,-1,-1
99,159,273,217,21,26,1,-1,-1,-1
99,165,301,475,17,25,1,-1,-1,-1
99,166,599,624,23,13,1,-1,-1,-1
99,169,224,407,20,98,1,-1,-1,-1
100,8,191,114,24,23,1,-1,-1,-1
100,10,173,129,24,23,1,-1,-1,-1
100,15,232,206,21,23,1,-1,-1,-1
100,18,268,349,24,26,1,-1,-1,-1
100,19,287,271,23,23,1,-1,-1,-1
100,21,816,463,23,21,1,-1,-1,-1
100,22,242,166,22,21,1,-1,-1,-1
100,23,818,484,22,22,1,-1,-1,-1
100,25,837,520,21,23,1,-1,-1,-1
100,26,732,571,22,23,1,-1,-1,-1
100,27,772,563,23,22,1,-1,-1,-1
100,33,318,508,26,24,1,-1,-1,-1
100,34,758,609,26,23,1,-1,-1,-1
100,36,350,562,23,23,1,-1,-1,-1
100,37,632,617,22,22,1,-1,-1,-1
100,39,336,579,22,22,1,-1,-1,-1
100,40,459,606,22,23,1,-1,-1,-1
100,41,674,630,21,23,1,-1,-1,-1
100,42,498,616,24,22,1,-1,-1,-1
100,43,598,630,26,23,1,-1,-1,-1
100,44,759,629,25,22,1,-1,-1,-1
100,45,403,623,21,22,1,-1,-1,-1
100,51,756,174,17,27,1,-1,-1,-1
100,76,195,93,28,23,1,-1,-1,-1
100,99,759,119,17,16,1,-1,-1,-1
100,107,281,365,21,21,1,-1,-1,-1
100,121,782,536,23,23,1,-1,-1,-1
100,127,249,155,24,25,1,-1,-1,-1
100,128,267,165,23,22,1,-1,-1,-1
100,141,757,135,18,22,1,-1,-1,-1
100,145,271,529,21,23,1,-1,-1,-1
100,149,507,634,21,19,1,-1,-1,-1
100,155,318,441,21,25,1,-1,-1,-1
100,158,987,124,23,25,1,-1,-1,-1
100,159,272,208,20,29,1,-1,-1,-1
100,165,297,465,20,26,1,-1,-1,-1
100,166,592,624,23,18,1,-1,-1,-1
100,169,224,406,20,100,1,-1,-1,-1
100,170,976,99,20,19,1,-1,-1,-1
100,171,1004,100,21,22,1,-1,-1,-1
100,172,1051,101,28,27,1,-1,-1,-1
100,173,756,158,16,16,1,-1,-1,-1
101,8,183,113,32,24,1,-1,-1,-1
101,10,172,129,24,23,1,-1,-1,-1
101,15,232,206,21,21,1,-1,-1,-1
101,18,269,350,22,24,1,-1,-1,-1
101,19,287,270,23,23,1,-1,-1,-1
101,21,816,464,23,21,1,-1,-1,-1
101,23,818,485,22,22,1,-1,-1,-1
101,25,837,521,21,22,1,-1,-1,-1
101,26,730,571,22,24,1,-1,-1,-1
101,27,772,564,23,22,1,-1,-1,-1
101,33,318,507,25,24,1,-1,-1,-1
101,34,758,609,26,23,1,-1,-1,-1
101,36,350,561,22,23,1,-1,-1,-1
101,37,631,618,22,21,1,-1,-1,-1
101,39,335,578,22,23,1,-1,-1,-1
101,40,458,606,22,23,1,-1,-1,-1
101,41,673,629,21,24,1,-1,-1,-1
101,43,599,631,24,22,1,-1,-1,-1
101,44,759,629,25,22,1,-1,-1,-1
101,45,401,622,22,23,1,-1,-1,-1
101,51,756,174,17,29,1,-1,-1,-1
101,99,759,118,17,17,1,-1,-1,-1
101,107,283,365,19,20,1,-1,-1,-1
101,121,782,539,22,22,1,-1,-1,-1
101,127,239,154,33,29,1,-1,-1,-1
101,128,266,163,23,23,1,-1,-1,-1
101,135,842,164,22,24,1,-1,-1,-1
101,137,838,119,22,22,1,-1,-1,-1
101,141,757,135,18,38,1,-1,-1,-1
101,155,318,440,21,25,1,-1,-1,-1
101,159,271,200,19,29,1,-1,-1,-1
101,160,800,286,23,26,1,-1,-1,-1
101,161,829,299,27,21,1,-1,-1,-1
101,163,810,331,26,26,1,-1,-1,-1
101,165,294,457,22,26,1,-1,-1,-1
101,166,588,624,22,21,1,-1,-1,-1
101,168,840,364,24,22,1,-1,-1,-1
101,169,225,410,19,93,1,-1,-1,-1
101,174,830,184,22,21,1,-1,-1,-1
101,175,811,197,26,18,1,-1,-1,-1
102,8,191,113,23,24,1,-1,-1,-1
102,10,170,129,25,22,1,-1,-1,-1
102,14,287,183,19,19,1,-1,-1,-1
102,15,231,205,22,23,1,-1,-1,-1
102,19,286,269,24,23,1,-1,-1,-1
102,21,816,465,23,20,1,-1,-1,-1
102,23,818,486,22,21,1,-1,-1,-1
102,25,838,521,20,23,1,-1,-1,-1
102,26,726,573,23,23,1,-1,-1,-1
102,27,772,564,22,23,1,-1,-1,-1
102,33,318,506,25,24,1,-1,-1,-1
102,34,757,609,26,21,1,-1,-1,-1
102,36,349,561,23,22,1,-1,-1,-1
102,37,628,617,24,22,1,-1,-1,-1
102,39,334,577,23,23,1,-1,-1,-1
102,40,457,606,21,22,1,-1,-1,-1
102,41,672,629,21,24,1,-1,-1,-1
102,42,496,615,23,22,1,-1,-1,-1
102,43,597,630,25,23,1,-1,-1,-1
102,44,759,629,25,22,1,-1,-1,-1
102,45,400,622,22,23,1,-1,-1,-1
102,51,755,174,18,38,1,-1,-1,-1
102,99,759,114,18,21,1,-1,-1,-1
102,121,781,541,22,23,1,-1,-1,-1
102,128,266,162,23,22,1,-1,-1,-1
102,135,841,165,22,24,1,-1,-1,-1
102,137,837,119,23,22,1,-1,-1,-1
102,141,756,135,19,38,1,-1,-1,-1
102,149,495,637,22,14,1,-1,-1,-1
102,155,318,439,21,25,1,-1,-1,-1
102,158,985,124,23,25,1,-1,-1,-1
102,159,269,194,19,28,1,-1,-1,-1
102,160,800,292,23,25,1,-1,-1,-1
102,161,829,300,26,21,1,-1,-1,-1
102,165,295,449,21,27,1,-1,-1,-1
102,166,578,624,24,21,1,-1,-1,-1
102,168,840,364,23,22,1,-1,-1,-1
102,169,224,407,20,99,1,-1,-1,-1
102,174,830,185,22,22,1,-1,-1,-1
102,175,810,200,26,22,1,-1,-1,-1
102,176,251,153,21,26,1,-1,-1,-1
102,177,236,155,18,24,1,-1,-1,-1
102,178,1031,104,18,21,1,-1,-1,-1
102,179,177,112,16,17,1,-1,-1,-1
103,8,190,113,23,24,1,-1,-1,-1
103,10,169,129,25,22,1,-1,-1,-1
103,14,287,177,22,22,1,-1,-1,-1
103,15,230,205,23,22,1,-1,-1,-1
103,19,286,268,23,23,1,-1,-1,-1
103,21,816,466,22,20,1,-1,-1,-1
103,23,818,487,22,21,1,-1,-1,-1
103,25,837,522,21,23,1,-1,-1,-1
103,26,720,575,27,23,1,-1,-1,-1
103,27,771,565,23,22,1,-1,-1,-1
103,33,318,504,25,25,1,-1,-1,-1
103,34,756,610,27,21,1,-1,-1,-1
103,36,348,560,23,23,1,-1,-1,-1
103,37,618,618,32,21,1,-1,-1,-1
103,39,333,577,23,22,1,-1,-1,-1
103,40,456,605,21,23,1,-1,-1,-1
103,41,671,630,21,23,1,-1,-1,-1
103,42,495,615,23,23,1,-1,-1,-1
103,43,596,631,25,22,1,-1,-1,-1
103,44,759,628,25,23,1,-1,-1,-1
103,45,399,622,22,23,1,-1,-1,-1
103,76,193,93,27,22,1,-1,-1,-1
103,121,780,543,21,23,1,-1,-1,-1
103,128,265,161,24,22,1,-1,-1,-1
103,135,840,166,22,24,1,-1,-1,-1
103,137,837,119,23,22,1,-1,-1,-1
103,141,756,135,19,39,1,-1,-1,-1
103,149,489,635,23,16,1,-1,-1,-1
103,155,318,438,21,25,1,-1,-1,-1
103,158,985,124,23,25,1,-1,-1,-1
103,159,266,185,21,30,1,-1,-1,-1
103,160,800,298,23,27,1,-1,-1,-1
103,161,829,301,26,22,1,-1,-1,-1
103,163,810,342,24,27,1,-1,-1,-1
103,165,294,442,21,25,1,-1,-1,-1
103,166,572,624,23,21,1,-1,-1,-1
103,168,840,364,23,22,1,-1,-1,-1
103,169,224,405,20,101,1,-1,-1,-1
103,170,983,101,18,21,1,-1,-1,-1
103,172,1045,114,23,17,1,-1,-1,-1
103,174,829,186,22,22,1,-1,-1,-1
103,175,810,204,26,25,1,-1,-1,-1
103,176,250,152,21,26,1,-1,-1,-1
103,177,233,151,22,24,1,-1,-1,-1
103,178,1021,101,23,25,1,-1,-1,-1
103,179,170,112,21,17,1,-1,-1,-1
103,180,300,186,23,23,1,-1,-1,-1
104,8,189,113,23,23,1,-1,-1,-1
104,10,168,128,25,23,1,-1,-1,-1
104,14,286,172,22,21,1,-1,-1,-1
104,15,229,204,23,22,1,-1,-1,-1
104,19,287,268,22,22,1,-1,-1,-1
104,21,816,467,23,21,1,-1,-1,-1
104,23,818,488,22,21,1,-1,-1,-1
104,25,837,523,21,23,1,-1,-1,-1
104,26,716,577,29,22,1,-1,-1,-1
104,27,771,566,22,22,1,-1,-1,-1
104,33,317,504,26,25,1,-1,-1,-1
104,34,756,610,26,21,1,-1,-1,-1
104,36,348,559,23,23,1,-1,-1,-1
104,37,627,618,22,21,1,-1,-1,-1
104,39,333,576,23,23,1,-1,-1,-1
104,40,454,605,22,23,1,-1,-1,-1
104,41,670,630,22,23,1,-1,-1,-1
104,42,493,615,23,23,1,-1,-1,-1
104,43,595,631,25,22,1,-1,-1,-1
104,44,759,628,25,23,1,-1,-1,-1
104,45,398,622,22,23,1,-1,-1,-1
104,76,193,93,26,22,1,-1,-1,-1
104,99,759,109,19,26,1,-1,-1,-1
104,121,779,545,21,24,1,-1,-1,-1
104,128,265,160,23,22,1,-1,-1,-1
104,135,840,167,22,24,1,-1,-1,-1
104,137,837,120,22,22,1,-1,-1,-1
104,141,757,135,18,38,1,-1,-1,-1
104,149,485,634,22,17,1,-1,-1,-1
104,155,318,437,21,26,1,-1,-1,-1
104,158,984,124,23,25,1,-1,-1,-1
104,159,264,181,20,27,1,-1,-1,-1
104,160,800,306,22,25,1,-1,-1,-1
104,161,829,302,26,22,1,-1,-1,-1
104,163,810,348,23,28,1,-1,-1,-1
104,165,293,434,22,26,1,-1,-1,-1
104,166,566,624,23,21,1,-1,-1,-1
104,168,840,364,23,22,1,-1,-1,-1
104,169,224,407,21,97,1,-1,-1,-1
104,170,974,101,22,22,1,-1,-1,-1
104,172,1035,114,24,18,1,-1,-1,-1
104,174,829,187,22,22,1,-1,-1,-1
104,175,809,209,27,26,1,-1,-1,-1
104,176,249,152,21,25,1,-1,-1,-1
104,177,229,148,25,23,1,-1,-1,-1
104,178,1010,102,27,24,1,-1,-1,-1
104,180,300,186,23,22,1,-1,-1,-1
104,181,945,102,25,19,1,-1,-1,-1
104,182,611,621,14,7,1,-1,-1,-1
105,8,188,113,23,23,1,-1,-1,-1
105,10,167,128,25,23,1,-1,-1,-1
105,14,285,166,22,22,1,-1,-1,-1
105,15,229,203,24,23,1,-1,-1,-1
105,19,286,267,23,22,1,-1,-1,-1
105,21,816,468,22,20,1,-1,-1,-1
105,23,818,488,22,22,1,-1,-1,-1
105,25,837,523,20,23,1,-1,-1,-1
105,26,713,579,30,20,1,-1,-1,-1
105,27,770,566,22,23,1,-1,-1,-1
105,33,317,503,26,25,1,-1,-1,-1
105,34,755,610,26,21,1,-1,-1,-1
105,36,347,558,24,23,1,-1,-1,-1
105,37,626,618,22,21,1,-1,-1,-1
105,39,332,576,23,22,1,-1,-1,-1
105,40,453,605,21,23,1,-1,-1,-1
105,41,669,630,22,23,1,-1,-1,-1
105,42,492,615,23,23,1,-1,-1,-1
105,43,594,631,25,22,1,-1,-1,-1
105,44,760,628,24,23,1,-1,-1,-1
105,45,397,622,22,23,1,-1,-1,-1
105,51,755,174,18,37,1,-1,-1,-1
105,99,759,119,17,16,1,-1,-1,-1
105,121,778,547,21,24,1,-1,-1,-1
105,128,264,159,24,22,1,-1,-1,-1
105,135,840,168,21,23,1,-1,-1,-1
105,137,837,121,21,20,1,-1,-1,-1
105,141,756,135,19,38,1,-1,-1,-1
105,149,479,632,22,19,1,-1,-1,-1
105,155,317,436,22,26,1,-1,-1,-1
105,158,983,125,23,24,1,-1,-1,-1
105,165,296,428,19,22,1,-1,-1,-1
105,166,561,625,20,19,1,-1,-1,-1
105,169,226,419,17,81,1,-1,-1,-1
105,170,967,102,24,21,1,-1,-1,-1
105,172,1026,114,25,17,1,-1,-1,-1
105,174,829,189,21,20,1,-1,-1,-1
105,175,808,217,27,26,1,-1,-1,-1
105,176,248,150,21,26,1,-1,-1,-1
105,177,225,145,27,23,1,-1,-1,-1
105,178,1003,102,25,24,1,-1,-1,-1
105,180,299,185,23,22,1,-1,-1,-1
105,181,938,102,25,20,1,-1,-1,-1
105,183,890,172,23,26,1,-1,-1,-1
106,8,187,112,24,24,1,-1,-1,-1
106,10,165,127,26,24,1,-1,-1,-1
106,14,285,162,20,21,1,-1,-1,-1
106,15,228,203,24,22,1,-1,-1,-1
106,19,286,265,23,23,1,-1,-1,-1
106,21,816,468,22,21,1,-1,-1,-1
106,23,818,489,22,22,1,-1,-1,-1
106,25,837,524,21,23,1,-1,-1,-1
106,26,710,580,31,20,1,-1,-1,-1
106,27,770,568,22,21,1,-1,-1,-1
106,33,317,502,26,24,1,-1,-1,-1
106,34,754,610,27,21,1,-1,-1,-1
106,36,347,557,22,24,1,-1,-1,-1
106,37,625,618,22,21,1,-1,-1,-1
106,39,332,575,23,23,1,-1,-1,-1
106,40,452,605,21,23,1,-1,-1,-1
106,41,668,630,22,23,1,-1,-1,-1
106,42,491,615,23,23,1,-1,-1,-1
106,43,593,631,25,22,1,-1,-1,-1
106,44,760,628,24,23,1,-1,-1,-1
106,45,396,622,22,22,1,-1,-1,-1
106,51,756,174,17,31,1,-1,-1,-1
106,99,759,119,17,16,1,-1,-1,-1
106,121,777,549,21,24,1,-1,-1,-1
106,128,259,158,28,25,1,-1,-1,-1
106,135,840,169,21,23,1,-1,-1,-1
106,137,837,121,21,21,1,-1,-1,-1
106,141,757,135,18,23,1,-1,-1,-1
106,149,474,631,21,21,1,-1,-1,-1
106,155,318,436,21,25,1,-1,-1,-1
106,158,982,124,23,26,1,-1,-1,-1
106,160,799,318,24,26,1,-1,-1,-1
106,161,828,305,27,21,1,-1,-1,-1
106,163,810,361,22,27,1,-1,-1,-1
106,166,554,624,20,19,1,-1,-1,-1
106,168,840,364,23,22,1,-1,-1,-1
106,169,225,412,19,91,1,-1,-1,-1
106,172,1018,114,24,17,1,-1,-1,-1
106,174,829,189,21,21,1,-1,-1,-1
106,175,807,224,27,27,1,-1,-1,-1
106,176,247,150,22,26,1,-1,-1,-1
106,177,221,142,27,23,1,-1,-1,-1
106,178,991,102,27,24,1,-1,-1,-1
106,180,300,185,20,21,1,-1,-1,-1
106,183,889,174,9,23,1,-1,-1,-1
106,184,596,622,12,7,1,-1,-1,-1
107,8,186,112,24,24,1,-1,-1,-1
107,10,165,127,25,23,1,-1,-1,-1
107,14,285,158,19,21,1,-1,-1,-1
107,15,229,202,23,23,1,-1,-1,-1
107,19,286,264,23,23,1,-1,-1,-1
107,21,816,469,22,21,1,-1,-1,-1
107,23,818,490,22,22,1,-1,-1,-1
107,25,837,525,21,22,1,-1,-1,-1
107,26,705,580,34,21,1,-1,-1,-1
107,27,769,569,22,21,1,-1,-1,-1
107,33,317,501,26,24,1,-1,-1,-1
107,34,753,610,28,22,1,-1,-1,-1
107,36,346,557,23,23,1,-1,-1,-1
107,37,624,618,22,21,1,-1,-1,-1
107,39,331,575,23,22,1,-1,-1,-1
107,40,450,605,21,23,1,-1,-1,-1
107,41,667,630,22,23,1,-1,-1,-1
107,42,489,615,23,24,1,-1,-1,-1
107,43,593,630,23,23,1,-1,-1,-1
107,44,759,628,25,23,1,-1,-1,-1
107,45,395,621,22,23,1,-1,-1,-1
107,51,755,174,18,32,1,-1,-1,-1
107,76,181,87,35,27,1,-1,-1,-1
107,99,759,109,19,26,1,-1,-1,-1
107,121,776,551,21,23,1,-1,-1,-1
107,128,266,157,18,26,1,-1,-1,-1
107,141,756,135,19,39,1,-1,-1,-1
107,149,468,630,22,21,1,-1,-1,-1
107,155,318,435,21,25,1,-1,-1,-1
107,158,985,126,19,23,1,-1,-1,-1
107,166,547,626,21,17,1,-1,-1,-1
107,172,1010,114,23,17,1,-1,-1,-1
107,176,246,149,26,35,1,-1,-1,-1
107,177,217,140,27,22,1,-1,-1,-1
107,178,985,103,23,23,1,-1,-1,-1
107,180,299,184,23,22,1,-1,-1,-1
107,183,888,177,9,24,1,-1,-1,-1
107,185,269,349,22,26,1,-1,-1,-1
107,186,284,361,20,21,1,-1,-1,-1
107,187,271,529,20,23,1,-1,-1,-1
108,8,185,112,24,23,1,-1,-1,-1
108,10,163,126,27,24,1,-1,-1,-1
108,14,282,151,21,24,1,-1,-1,-1
108,15,227,201,25,23,1,-1,-1,-1
108,19,286,264,23,21,1,-1,-1,-1
108,21,816,470,22,21,1,-1,-1,-1
108,23,818,491,21,21,1,-1,-1,-1
108,25,837,525,21,23,1,-1,-1,-1
108,26,715,581,22,20,1,-1,-1,-1
108,27,768,570,22,21,1,-1,-1,-1
108,33,316,500,27,24,1,-1,-1,-1
108,34,753,610,28,22,1,-1,-1,-1
108,36,346,556,22,23,1,-1,-1,-1
108,37,623,618,22,21,1,-1,-1,-1
108,39,331,574,22,22,1,-1,-1,-1
108,40,449,605,21,23,1,-1,-1,-1
108,41,666,630,22,23,1,-1,-1,-1
108,42,488,616,23,22,1,-1,-1,-1
108,43,592,630,23,23,1,-1,-1,-1
108,44,759,627,25,24,1,-1,-1,-1
108,45,395,622,21,22,1,-1,-1,-1
108,51,755,174,18,39,1,-1,-1,-1
108,99,759,119,17,16,1,-1,-1,-1
108,121,775,553,21,22,1,-1,-1,-1
108,128,262,156,22,22,1,-1,-1,-1
108,135,839,171,21,23,1,-1,-1,-1
108,137,836,122,21,20,1,-1,-1,-1
108,141,756,135,19,39,1,-1,-1,-1
108,149,463,630,23,21,1,-1,-1,-1
108,155,317,434,22,25,1,-1,-1,-1
108,158,980,125,23,25,1,-1,-1,-1
108,160,799,330,23,23,1,-1,-1,-1
108,161,829,309,26,20,1,-1,-1,-1
108,163,810,374,21,27,1,-1,-1,-1
108,166,539,626,23,17,1,-1,-1,-1
108,168,840,364,23,22,1,-1,-1,-1
108,170,975,105,22,22,1,-1,-1,-1
108,172,1001,114,24,18,1,-1,-1,-1
108,176,245,148,23,30,1,-1,-1,-1
108,177,213,137,27,23,1,-1,-1,-1
108,180,299,184,20,21,1,-1,-1,-1
108,183,885,179,11,25,1,-1,-1,-1
108,187,271,529,20,23,1,-1,-1,-1
109,8,185,112,23,23,1,-1,-1,-1
109,10,162,126,27,24,1,-1,-1,-1
109,14,280,143,21,27,1,-1,-1,-1
109,15,226,201,25,23,1,-1,-1,-1
109,19,286,263,23,22,1,-1,-1,-1
109,21,816,471,22,21,1,-1,-1,-1
109,23,818,492,21,21,1,-1,-1,-1
109,25,837,526,21,23,1,-1,-1,-1
109,26,713,582,22,20,1,-1,-1,-1
109,27,767,571,23,20,1,-1,-1,-1
109,33,316,499,27,24,1,-1,-1,-1
109,34,752,610,24,22,1,-1,-1,-1
109,36,345,556,22,23,1,-1,-1,-1
109,37,622,618,22,21,1,-1,-1,-1
109,39,330,573,23,22,1,-1,-1,-1
109,40,447,605,22,23,1,-1,-1,-1
109,41,665,630,22,23,1,-1,-1,-1
109,42,486,615,23,23,1,-1,-1,-1
109,43,591,630,23,23,1,-1,-1,-1
109,44,759,626,25,25,1,-1,-1,-1
109,45,394,622,21,22,1,-1,-1,-1
109,51,755,174,18,40,1,-1,-1,-1
109,99,758,109,20,26,1,-1,-1,-1
109,121,773,556,22,21,1,-1,-1,-1
109,128,257,155,28,21,1,-1,-1,-1
109,141,756,135,19,39,1,-1,-1,-1
109,149,458,630,21,21,1,-1,-1,-1
109,155,317,433,22,26,1,-1,-1,-1
109,160,799,335,24,23,1,-1,-1,-1
109,161,829,309,26,21,1,-1,-1,-1
109,163,810,381,21,27,1,-1,-1,-1
109,166,532,626,24,18,1,-1,-1,-1
109,168,840,364,23,22,1,-1,-1,-1
109,176,245,147,22,27,1,-1,-1,-1
109,177,209,134,26,24,1,-1,-1,-1
109,180,299,183,21,21,1,-1,-1,-1
109,181,937,104,27,23,1,-1,-1,-1
109,183,881,182,13,25,1,-1,-1,-1
109,188,909,105,28,21,1,-1,-1,-1
110,8,184,112,23,23,1,-1,-1,-1
110,10,161,126,27,24,1,-1,-1,-1
110,14,276,142,22,23,1,-1,-1,-1
110,15,225,200,26,23,1,-1,-1,-1
110,19,286,262,23,22,1,-1,-1,-1
110,21,816,472,22,21,1,-1,-1,-1
110,23,818,493,22,21,1,-1,-1,-1
110,25,837,526,21,23,1,-1,-1,-1
110,26,712,583,21,20,1,-1,-1,-1
110,27,766,572,23,20,1,-1,-1,-1
110,33,316,497,26,25,1,-1,-1,-1
110,34,752,610,23,22,1,-1,-1,-1
110,36,345,555,22,23,1,-1,-1,-1
110,37,621,618,22,21,1,-1,-1,-1
110,39,329,573,23,22,1,-1,-1,-1
110,40,446,605,22,23,1,-1,-1,-1
110,41,664,630,22,23,1,-1,-1,-1
110,42,485,615,23,23,1,-1,-1,-1
110,43,590,630,23,23,1,-1,-1,-1
110,44,759,627,25,24,1,-1,-1,-1
110,45,393,621,21,23,1,-1,-1,-1
110,51,755,174,18,30,1,-1,-1,-1
110,99,759,119,17,16,1,-1,-1,-1
110,121,772,557,22,21,1,-1,-1,-1
110,128,261,154,24,21,1,-1,-1,-1
110,149,452,629,22,22,1,-1,-1,-1
110,155,317,432,22,26,1,-1,-1,-1
110,160,798,341,25,22,1,-1,-1,-1
110,161,829,310,26,22,1,-1,-1,-1
110,163,810,386,21,28,1,-1,-1,-1
110,166,526,625,23,20,1,-1,-1,-1
110,168,840,364,23,22,1,-1,-1,-1
110,170,954,105,27,26,1,-1,-1,-1
110,176,244,146,22,26,1,-1,-1,-1
110,177,204,133,26,23,1,-1,-1,-1
110,181,930,105,27,25,1,-1,-1,-1
110,183,879,185,19,27,1,-1,-1,-1
110,188,902,106,28,23,1,-1,-1,-1
110,189,757,135,18,23,1,-1,-1,-1
110,190,756,158,16,16,1,-1,-1,-1
111,8,182,111,24,24,1,-1,-1,-1
111,10,160,125,27,24,1,-1,-1,-1
111,14,273,139,24,23,1,-1,-1,-1
111,15,224,199,27,23,1,-1,-1,-1
111,19,286,260,22,23,1,-1,-1,-1
111,21,816,473,22,20,1,-1,-1,-1
111,23,818,494,22,21,1,-1,-1,-1
111,25,837,527,21,22,1,-1,-1,-1
111,27,766,571,23,22,1,-1,-1,-1
111,33,316,497,26,24,1,-1,-1,-1
111,34,751,611,23,22,1,-1,-1,-1
111,36,344,554,22,24,1,-1,-1,-1
111,37,619,618,22,21,1,-1,-1,-1
111,39,329,572,23,22,1,-1,-1,-1
111,40,444,605,22,22,1,-1,-1,-1
111,41,663,630,22,23,1,-1,-1,-1
111,42,484,615,23,23,1,-1,-1,-1
111,43,589,630,23,23,1,-1,-1,-1
111,44,759,627,25,24,1,-1,-1,-1
111,45,392,622,21,22,1,-1,-1,-1
111,51,756,174,17,31,1,-1,-1,-1
111,99,759,118,17,17,1,-1,-1,-1
111,128,260,153,24,22,1,-1,-1,-1
111,149,446,629,22,22,1,-1,-1,-1
111,155,318,432,20,25,1,-1,-1,-1
111,160,799,347,23,22,1,-1,-1,-1
111,161,829,311,26,21,1,-1,-1,-1
111,163,810,392,20,27,1,-1,-1,-1
111,166,519,625,23,20,1,-1,-1,-1
111,168,840,364,23,22,1,-1,-1,-1
111,170,946,106,25,26,1,-1,-1,-1
111,176,239,144,26,27,1,-1,-1,-1
111,177,200,131,26,23,1,-1,-1,-1
111,181,924,106,25,24,1,-1,-1,-1
111,183,878,190,20,25,1,-1,-1,-1
111,188,897,107,27,23,1,-1,-1,-1
111,189,757,135,18,39,1,-1,-1,-1
112,8,181,111,24,24,1,-1,-1,-1
112,10,158,125,27,24,1,-1,-1,-1
112,14,271,137,24,21,1,-1,-1,-1
112,15,225,199,25,23,1,-1,-1,-1
112,19,285,259,24,23,1,-1,-1,-1
112,25,837,527,20,23,1,-1,-1,-1
112,33,316,496,26,23,1,-1,-1,-1
112,34,750,611,23,22,1,-1,-1,-1
112,36,343,553,23,24,1,-1,-1,-1
112,37,618,617,22,22,1,-1,-1,-1
112,39,328,572,23,21,1,-1,-1,-1
112,40,443,605,22,22,1,-1,-1,-1
112,41,662,630,22,23,1,-1,-1,-1
112,42,482,615,23,23,1,-1,-1,-1
112,43,588,630,23,23,1,-1,-1,-1
112,44,759,627,25,23,1,-1,-1,-1
112,45,391,622,21,22,1,-1,-1,-1
112,99,759,109,19,26,1,-1,-1,-1
112,128,260,152,23,22,1,-1,-1,-1
112,149,441,629,21,21,1,-1,-1,-1
112,155,318,431,21,25,1,-1,-1,-1
112,158,976,124,23,25,1,-1,-1,-1
112,160,799,352,23,23,1,-1,-1,-1
112,161,829,312,26,21,1,-1,-1,-1
112,166,511,624,25,21,1,-1,-1,-1
112,168,840,364,23,22,1,-1,-1,-1
112,170,937,107,27,27,1,-1,-1,-1
112,176,234,140,31,30,1,-1,-1,-1
112,177,195,130,26,22,1,-1,-1,-1
112,181,917,106,23,26,1,-1,-1,-1
112,188,890,108,26,24,1,-1,-1,-1
112,189,756,135,19,39,1,-1,-1,-1
112,191,966,116,23,18,1,-1,-1,-1
112,192,1032,117,25,20,1,-1,-1,-1
112,193,804,269,26,27,1,-1,-1,-1
113,8,181,111,23,24,1,-1,-1,-1
113,10,157,125,27,24,1,-1,-1,-1
113,14,269,132,24,23,1,-1,-1,-1
113,15,225,198,25,23,1,-1,-1,-1
113,19,286,259,23,22,1,-1,-1,-1
113,21,816,475,21,20,1,-1,-1,-1
113,26,706,585,22,20,1,-1,-1,-1
113,27,764,564,23,31,1,-1,-1,-1
113,33,315,495,28,23,1,-1,-1,-1
113,34,749,611,24,22,1,-1,-1,-1
113,36,343,553,22,23,1,-1,-1,-1
113,37,617,617,22,22,1,-1,-1,-1
113,39,328,571,22,22,1,-1,-1,-1
113,40,442,604,21,23,1,-1,-1,-1
113,41,661,630,21,23,1,-1,-1,-1
113,42,481,615,23,23,1,-1,-1,-1
113,43,587,630,23,23,1,-1,-1,-1
113,44,759,628,24,22,1,-1,-1,-1
113,45,390,622,21,21,1,-1,-1,-1
113,51,755,174,18,35,1,-1,-1,-1
113,99,759,109,19,26,1,-1,-1,-1
113,128,259,152,24,21,1,-1,-1,-1
113,149,434,629,22,21,1,-1,-1,-1
113,155,318,430,21,25,1,-1,-1,-1
113,166,503,624,25,21,1,-1,-1,-1
113,170,930,109,24,25,1,-1,-1,-1
113,176,242,144,22,26,1,-1,-1,-1
113,177,191,129,25,22,1,-1,-1,-1
113,181,910,108,23,25,1,-1,-1,-1
113,188,885,110,25,24,1,-1,-1,-1
113,189,756,135,19,38,1,-1,-1,-1
113,191,958,118,21,17,1,-1,-1,-1
113,192,1026,119,23,15,1,-1,-1,-1
113,194,228,136,22,22,1,-1,-1,-1
114,8,180,111,24,23,1,-1,-1,-1
114,10,156,124,27,25,1,-1,-1,-1
114,14,267,129,24,23,1,-1,-1,-1
114,15,224,198,26,23,1,-1,-1,-1
114,19,285,258,24,22,1,-1,-1,-1
114,21,816,475,22,21,1,-1,-1,-1
114,23,818,496,21,19,1,-1,-1,-1
114,26,704,584,22,21,1,-1,-1,-1
114,27,763,566,22,29,1,-1,-1,-1
114,33,315,494,27,23,1,-1,-1,-1
114,34,748,611,24,22,1,-1,-1,-1
114,36,343,552,21,24,1,-1,-1,-1
114,37,616,618,22,21,1,-1,-1,-1
114,39,327,570,23,22,1,-1,-1,-1
114,40,441,604,21,23,1,-1,-1,-1
114,41,660,630,21,23,1,-1,-1,-1
114,42,479,615,23,23,1,-1,-1,-1
114,43,586,630,23,23,1,-1,-1,-1
114,44,759,627,24,23,1,-1,-1,-1
114,45,390,622,20,21,1,-1,-1,-1
114,51,756,174,17,37,1,-1,-1,-1
114,99,759,109,19,26,1,-1,-1,-1
114,128,258,150,24,22,1,-1,-1,-1
114,149,429,628,21,21,1,-1,-1,-1
114,155,318,429,21,25,1,-1,-1,-1
114,160,802,364,14,19,1,-1,-1,-1
114,166,498,624,23,21,1,-1,-1,-1
114,176,241,143,23,25,1,-1,-1,-1
114,177,187,129,24,21,1,-1,-1,-1
114,189,756,135,19,38,1,-1,-1,-1
114,192,1018,120,26,15,1,-1,-1,-1
114,194,222,132,25,23,1,-1,-1,-1
115,8,178,110,25,23,1,-1,-1,-1
115,10,154,123,28,25,1,-1,-1,-1
115,14,264,126,22,22,1,-1,-1,-1
115,15,224,197,26,24,1,-1,-1,-1
115,19,286,257,23,22,1,-1,-1,-1
115,26,703,586,21,19,1,-1,-1,-1
115,27,762,569,22,27,1,-1,-1,-1
115,33,315,492,27,24,1,-1,-1,-1
115,34,748,612,23,22,1,-1,-1,-1
115,36,342,552,22,23,1,-1,-1,-1
115,37,614,618,22,21,1,-1,-1,-1
115,39,326,570,24,21,1,-1,-1,-1
115,40,439,604,22,23,1,-1,-1,-1
115,41,659,630,21,23,1,-1,-1,-1
115,42,478,615,23,23,1,-1,-1,-1
115,43,585,630,23,23,1,-1,-1,-1
115,44,759,627,24,23,1,-1,-1,-1
115,45,389,622,20,21,1,-1,-1,-1
115,99,759,118,17,17,1,-1,-1,-1
115,128,258,150,24,22,1,-1,-1,-1
115,149,423,627,21,23,1,-1,-1,-1
115,155,317,428,22,25,1,-1,-1,-1
115,158,974,126,19,22,1,-1,-1,-1
115,160,802,368,13,22,1,-1,-1,-1
115,166,494,624,18,21,1,-1,-1,-1
115,170,942,119,24,20,1,-1,-1,-1
115,176,241,143,22,25,1,-1,-1,-1
115,177,181,130,25,19,1,-1,-1,-1
115,188,896,112,22,24,1,-1,-1,-1
115,189,757,135,18,39,1,-1,-1,-1
115,192,1011,120,26,15,1,-1,-1,-1
115,194,216,129,26,23,1,-1,-1,-1
116,8,177,111,25,22,1,-1,-1,-1
116,10,153,123,27,25,1,-1,-1,-1
116,14,261,124,23,21,1,-1,-1,-1
116,15,223,197,26,23,1,-1,-1,-1
116,19,286,256,22,22,1,-1,-1,-1
116,21,816,477,21,21,1,-1,-1,-1
116,23,817,498,22,22,1,-1,-1,-1
116,25,837,530,20,22,1,-1,-1,-1
116,26,701,586,21,20,1,-1,-1,-1
116,27,760,571,24,26,1,-1,-1,-1
116,33,315,492,27,23,1,-1,-1,-1
116,34,747,612,23,22,1,-1,-1,-1
116,36,341,551,23,23,1,-1,-1,-1
116,37,613,618,22,21,1,-1,-1,-1
116,39,326,569,23,22,1,-1,-1,-1
116,40,437,604,22,23,1,-1,-1,-1
116,41,658,630,21,23,1,-1,-1,-1
116,42,476,615,23,23,1,-1,-1,-1
116,43,584,630,23,23,1,-1,-1,-1
116,44,759,627,24,23,1,-1,-1,-1
116,45,389,621,19,21,1,-1,-1,-1
116,51,755,174,18,29,1,-1,-1,-1
116,99,759,119,17,16,1,-1,-1,-1
116,128,258,150,24,21,1,-1,-1,-1
116,149,417,627,22,22,1,-1,-1,-1
116,155,317,427,21,26,1,-1,-1,-1
116,160,802,373,12,22,1,-1,-1,-1
116,170,933,121,23,20,1,-1,-1,-1
116,176,241,142,22,25,1,-1,-1,-1
116,177,178,132,21,15,1,-1,-1,-1
116,181,908,113,24,26,1,-1,-1,-1
116,188,890,114,19,24,1,-1,-1,-1
116,189,756,135,19,39,1,-1,-1,-1
116,194,208,126,29,22,1,-1,-1,-1
116,195,872,117,17,22,1,-1,-1,-1
116,196,826,201,21,19,1,-1,-1,-1
117,8,176,110,25,26,1,-1,-1,-1
117,10,152,123,38,25,1,-1,-1,-1
117,14,258,121,23,22,1,-1,-1,-1
117,15,225,196,24,21,1,-1,-1,-1
117,21,816,478,21,21,1,-1,-1,-1
117,23,817,499,22,22,1,-1,-1,-1
117,25,836,530,22,23,1,-1,-1,-1
117,33,315,491,27,23,1,-1,-1,-1
117,34,746,613,23,22,1,-1,-1,-1
117,36,341,550,22,23,1,-1,-1,-1
117,37,612,618,22,21,1,-1,-1,-1
117,39,326,569,23,21,1,-1,-1,-1
117,40,436,604,21,23,1,-1,-1,-1
117,41,657,630,21,23,1,-1,-1,-1
117,42,474,614,23,24,1,-1,-1,-1
117,43,583,630,23,22,1,-1,-1,-1
117,44,759,627,24,23,1,-1,-1,-1
117,45,387,621,20,21,1,-1,-1,-1
117,51,755,174,18,38,1,-1,-1,-1
117,99,758,118,18,17,1,-1,-1,-1
117,128,258,149,24,22,1,-1,-1,-1
117,149,412,626,20,22,1,-1,-1,-1
117,155,317,427,22,24,1,-1,-1,-1
117,160,801,377,13,25,1,-1,-1,-1
117,170,926,122,22,19,1,-1,-1,-1
117,176,240,141,23,25,1,-1,-1,-1
117,189,756,135,19,39,1,-1,-1,-1
117,194,201,124,29,22,1,-1,-1,-1
117,197,178,82,30,30,1,-1,-1,-1
118,8,175,110,26,25,1,-1,-1,-1
118,10,153,124,33,23,1,-1,-1,-1
118,14,255,118,23,23,1,-1,-1,-1
118,15,222,196,27,21,1,-1,-1,-1
118,21,816,479,21,20,1,-1,-1,-1
118,23,817,500,22,22,1,-1,-1,-1
118,25,836,531,21,23,1,-1,-1,-1
118,26,698,587,21,20,1,-1,-1,-1
118,33,315,490,27,23,1,-1,-1,-1
118,34,746,613,23,22,1,-1,-1,-1
118,36,340,549,23,24,1,-1,-1,-1
118,37,611,618,22,21,1,-1,-1,-1
118,39,325,568,23,21,1,-1,-1,-1
118,40,434,604,22,23,1,-1,-1,-1
118,41,656,630,21,23,1,-1,-1,-1
118,42,473,614,21,24,1,-1,-1,-1
118,43,582,630,23,22,1,-1,-1,-1
118,44,759,627,24,23,1,-1,-1,-1
118,45,384,620,22,23,1,-1,-1,-1
118,51,756,174,17,29,1,-1,-1,-1
118,99,759,119,17,16,1,-1,-1,-1
118,128,257,149,25,21,1,-1,-1,-1
118,149,406,626,22,21,1,-1,-1,-1
118,155,317,426,22,25,1,-1,-1,-1
118,160,800,383,13,25,1,-1,-1,-1
118,176,239,141,23,24,1,-1,-1,-1
118,194,195,122,30,21,1,-1,-1,-1
118,196,826,205,21,17,1,-1,-1,-1
118,197,178,89,29,23,1,-1,-1,-1
118,198,757,135,18,21,1,-1,-1,-1
118,199,757,157,15,17,1,-1,-1,-1
119,8,174,110,25,24,1,-1,-1,-1
119,10,157,122,23,23,1,-1,-1,-1
119,14,252,116,22,23,1,-1,-1,-1
119,15,225,195,24,23,1,-1,-1,-1
119,19,285,252,24,23,1,-1,-1,-1
119,21,816,480,21,20,1,-1,-1,-1
119,23,817,501,21,22,1,-1,-1,-1
119,25,836,531,21,23,1,-1,-1,-1
119,26,696,587,21,20,1,-1,-1,-1
119,27,753,577,29,23,1,-1,-1,-1
119,33,314,489,28,23,1,-1,-1,-1
119,34,745,613,23,22,1,-1,-1,-1
119,36,340,548,22,24,1,-1,-1,-1
119,37,610,618,22,21,1,-1,-1,-1
119,39,325,567,23,22,1,-1,-1,-1
119,40,433,604,21,23,1,-1,-1,-1
119,41,655,630,21,23,1,-1,-1,-1
119,42,470,614,33,24,1,-1,-1,-1
119,43,580,630,24,23,1,-1,-1,-1
119,44,759,627,24,23,1,-1,-1,-1
119,45,383,620,21,23,1,-1,-1,-1
119,51,756,174,17,29,1,-1,-1,-1
119,99,759,119,17,16,1,-1,-1,-1
119,128,257,149,24,21,1,-1,-1,-1
119,149,403,626,20,21,1,-1,-1,-1
119,155,317,425,22,25,1,-1,-1,-1
119,158,970,126,23,24,1,-1,-1,-1
119,160,800,389,13,23,1,-1,-1,-1
119,176,239,140,23,25,1,-1,-1,-1
119,181,910,126,25,20,1,-1,-1,-1
119,188,877,121,34,27,1,-1,-1,-1
119,192,1010,110,26,20,1,-1,-1,-1
119,194,190,121,27,20,1,-1,-1,-1
119,196,826,205,21,18,1,-1,-1,-1
119,197,177,89,29,23,1,-1,-1,-1
119,199,757,159,15,14,1,-1,-1,-1
119,200,985,118,25,21,1,-1,-1,-1
119,201,299,177,17,21,1,-1,-1,-1
119,202,250,271,20,22,1,-1,-1,-1
119,203,808,442,18,23,1,-1,-1,-1
119,204,462,628,22,17,1,-1,-1,-1
120,8,174,110,36,29,1,-1,-1,-1
120,14,249,114,21,23,1,-1,-1,-1
120,15,226,194,23,22,1,-1,-1,-1
120,19,287,252,21,21,1,-1,-1,-1
120,21,815,480,22,21,1,-1,-1,-1
120,23,817,502,21,22,1,-1,-1,-1
120,25,836,532,21,23,1,-1,-1,-1
120,26,695,587,21,21,1,-1,-1,-1
120,27,749,578,32,25,1,-1,-1,-1
120,33,314,488,27,23,1,-1,-1,-1
120,34,744,614,23,22,1,-1,-1,-1
120,36,339,548,23,23,1,-1,-1,-1
120,37,609,618,22,21,1,-1,-1,-1
120,39,324,566,24,22,1,-1,-1,-1
120,40,431,603,22,24,1,-1,-1,-1
120,41,654,631,21,22,1,-1,-1,-1
120,42,468,613,29,25,1,-1,-1,-1
120,43,579,629,24,24,1,-1,-1,-1
120,44,759,627,24,23,1,-1,-1,-1
120,45,382,620,21,23,1,-1,-1,-1
120,51,755,174,18,30,1,-1,-1,-1
120,99,759,109,19,26,1,-1,-1,-1
120,128,257,148,24,21,1,-1,-1,-1
120,149,399,625,20,21,1,-1,-1,-1
120,155,317,424,21,25,1,-1,-1,-1
120,160,798,395,15,22,1,-1,-1,-1
120,176,238,139,23,25,1,-1,-1,-1
120,196,826,206,21,18,1,-1,-1,-1
120,197,175,88,30,24,1,-1,-1,-1
120,198,756,134,19,39,1,-1,-1,-1
120,203,808,447,19,26,1,-1,-1,-1
120,204,455,625,22,20,1,-1,-1,-1
121,14,246,111,21,24,1,-1,-1,-1
121,15,226,194,22,18,1,-1,-1,-1
121,21,815,481,22,21,1,-1,-1,-1
121,23,816,503,22,22,1,-1,-1,-1
121,25,836,532,20,23,1,-1,-1,-1
121,26,693,588,22,20,1,-1,-1,-1
121,33,314,487,27,23,1,-1,-1,-1
121,34,744,614,23,22,1,-1,-1,-1
121,36,339,547,22,23,1,-1,-1,-1
121,37,607,618,23,22,1,-1,-1,-1
121,39,324,566,23,21,1,-1,-1,-1
121,40,430,604,21,23,1,-1,-1,-1
121,41,653,630,21,23,1,-1,-1,-1
121,42,467,614,23,24,1,-1,-1,-1
121,43,578,629,24,23,1,-1,-1,-1
121,44,759,627,24,23,1,-1,-1,-1
121,128,257,148,24,21,1,-1,-1,-1
121,149,397,625,17,20,1,-1,-1,-1
121,155,317,424,21,24,1,-1,-1,-1
121,160,796,399,19,25,1,-1,-1,-1
121,176,237,139,24,25,1,-1,-1,-1
121,196,825,204,22,21,1,-1,-1,-1
121,197,173,84,32,28,1,-1,-1,-1
121,198,757,135,18,38,1,-1,-1,-1
121,203,807,453,20,26,1,-1,-1,-1
121,204,449,624,23,21,1,-1,-1,-1
121,205,760,579,20,22,1,-1,-1,-1
121,206,746,581,18,24,1,-1,-1,-1
121,207,829,324,25,21,1,-1,-1,-1
121,208,284,344,19,21,1,-1,-1,-1
121,209,269,349,21,26,1,-1,-1,-1
122,8,171,110,26,24,1,-1,-1,-1
122,14,243,110,19,23,1,-1,-1,-1
122,15,226,194,22,19,1,-1,-1,-1
122,21,815,482,22,21,1,-1,-1,-1
122,23,816,504,22,21,1,-1,-1,-1
122,25,836,533,20,23,1,-1,-1,-1
122,26,691,588,22,21,1,-1,-1,-1
122,33,314,486,27,23,1,-1,-1,-1
122,34,743,614,23,23,1,-1,-1,-1
122,36,338,546,23,23,1,-1,-1,-1
122,37,606,618,23,22,1,-1,-1,-1
122,39,323,565,23,22,1,-1,-1,-1
122,40,428,603,21,23,1,-1,-1,-1
122,41,652,630,21,23,1,-1,-1,-1
122,42,465,614,23,24,1,-1,-1,-1
122,43,577,629,24,23,1,-1,-1,-1
122,44,759,626,24,24,1,-1,-1,-1
122,51,755,174,18,37,1,-1,-1,-1
122,99,758,118,18,17,1,-1,-1,-1
122,128,256,147,25,21,1,-1,-1,-1
122,149,395,625,15,19,1,-1,-1,-1
122,155,317,423,21,24,1,-1,-1,-1
122,160,795,406,21,23,1,-1,-1,-1
122,176,237,138,23,25,1,-1,-1,-1
122,196,825,205,22,21,1,-1,-1,-1
122,197,172,85,32,27,1,-1,-1,-1
122,198,756,135,19,38,1,-1,-1,-1
122,203,807,458,19,27,1,-1,-1,-1
122,204,440,624,25,20,1,-1,-1,-1
122,205,758,580,21,21,1,-1,-1,-1
122,206,744,583,19,24,1,-1,-1,-1
122,210,857,237,21,24,1,-1,-1,-1
123,8,169,110,27,24,1,-1,-1,-1
123,14,240,108,17,23,1,-1,-1,-1
123,15,224,193,24,21,1,-1,-1,-1
123,19,286,248,22,22,1,-1,-1,-1
123,21,815,483,23,21,1,-1,-1,-1
123,23,816,505,22,21,1,-1,-1,-1
123,25,836,534,21,23,1,-1,-1,-1
123,26,690,588,22,21,1,-1,-1,-1
123,33,314,484,26,23,1,-1,-1,-1
123,34,742,614,23,23,1,-1,-1,-1
123,36,338,545,22,23,1,-1,-1,-1
123,37,605,618,23,22,1,-1,-1,-1
123,39,323,564,23,22,1,-1,-1,-1
123,40,426,603,22,23,1,-1,-1,-1
123,41,651,630,21,23,1,-1,-1,-1
123,42,463,614,23,24,1,-1,-1,-1
123,43,576,629,24,23,1,-1,-1,-1
123,44,759,627,24,23,1,-1,-1,-1
123,51,755,174,18,33,1,-1,-1,-1
123,99,759,119,17,16,1,-1,-1,-1
123,128,256,147,25,21,1,-1,-1,-1
123,155,317,422,21,24,1,-1,-1,-1
123,158,956,118,32,33,1,-1,-1,-1
123,160,795,412,21,22,1,-1,-1,-1
123,176,237,138,22,24,1,-1,-1,-1
123,188,884,136,21,20,1,-1,-1,-1
123,196,825,206,22,22,1,-1,-1,-1
123,197,172,87,30,24,1,-1,-1,-1
123,198,757,135,18,38,1,-1,-1,-1
123,200,979,113,27,20,1,-1,-1,-1
123,203,805,464,21,26,1,-1,-1,-1
123,204,433,624,26,19,1,-1,-1,-1
123,205,757,580,21,22,1,-1,-1,-1
123,206,741,585,20,23,1,-1,-1,-1
123,207,829,326,25,21,1,-1,-1,-1
123,210,855,242,22,24,1,-1,-1,-1
123,211,286,282,21,22,1,-1,-1,-1
123,212,799,354,26,20,1,-1,-1,-1
123,213,841,364,21,22,1,-1,-1,-1
124,8,168,109,27,24,1,-1,-1,-1
124,14,237,106,16,24,1,-1,-1,-1
124,15,225,192,22,22,1,-1,-1,-1
124,19,285,247,22,22,1,-1,-1,-1
124,21,815,484,23,21,1,-1,-1,-1
124,23,816,506,22,21,1,-1,-1,-1
124,25,836,534,21,24,1,-1,-1,-1
124,26,688,588,22,21,1,-1,-1,-1
124,33,314,483,26,24,1,-1,-1,-1
124,34,742,615,23,22,1,-1,-1,-1
124,36,337,544,22,23,1,-1,-1,-1
124,37,604,618,23,21,1,-1,-1,-1
124,39,322,563,24,22,1,-1,-1,-1
124,40,425,603,21,22,1,-1,-1,-1
124,41,650,630,21,23,1,-1,-1,-1
124,42,461,613,23,25,1,-1,-1,-1
124,43,575,629,24,23,1,-1,-1,-1
124,44,759,627,24,22,1,-1,-1,-1
124,99,759,109,19,26,1,-1,-1,-1
124,128,256,146,25,22,1,-1,-1,-1
124,155,317,420,21,25,1,-1,-1,-1
124,160,795,418,21,24,1,-1,-1,-1
124,176,236,137,23,24,1,-1,-1,-1
124,196,824,207,23,22,1,-1,-1,-1
124,198,756,135,19,38,1,-1,-1,-1
124,203,804,469,21,27,1,-1,-1,-1
124,204,426,625,25,18,1,-1,-1,-1
124,205,756,581,21,22,1,-1,-1,-1
124,206,738,588,21,22,1,-1,-1,-1
124,210,854,248,19,21,1,-1,-1,-1
124,211,286,277,20,18,1,-1,-1,-1
125,14,231,104,18,25,1,-1,-1,-1
125,15,224,192,23,21,1,-1,-1,-1
125,19,286,247,21,20,1,-1,-1,-1
125,21,816,485,22,21,1,-1,-1,-1
125,23,816,507,22,21,1,-1,-1,-1
125,25,836,535,20,23,1,-1,-1,-1
125,26,686,589,22,20,1,-1,-1,-1
125,33,314,482,26,23,1,-1,-1,-1
125,34,741,615,23,22,1,-1,-1,-1
125,36,337,543,22,23,1,-1,-1,-1
125,37,603,618,22,21,1,-1,-1,-1
125,39,322,562,23,22,1,-1,-1,-1
125,40,423,602,22,22,1,-1,-1,-1
125,41,649,630,21,24,1,-1,-1,-1
125,42,460,613,23,25,1,-1,-1,-1
125,43,574,629,24,23,1,-1,-1,-1
125,44,759,626,24,23,1,-1,-1,-1
125,99,759,109,18,26,1,-1,-1,-1
125,128,256,145,25,22,1,-1,-1,-1
125,155,317,419,21,25,1,-1,-1,-1
125,160,796,426,20,20,1,-1,-1,-1
125,176,236,136,22,25,1,-1,-1,-1
125,188,874,146,19,14,1,-1,-1,-1
125,196,823,207,24,23,1,-1,-1,-1
125,197,170,81,31,30,1,-1,-1,-1
125,198,757,135,18,39,1,-1,-1,-1
125,203,803,476,19,25,1,-1,-1,-1
125,204,418,624,26,17,1,-1,-1,-1
125,205,754,582,22,21,1,-1,-1,-1
125,206,735,589,22,23,1,-1,-1,-1
125,208,281,336,21,21,1,-1,-1,-1
125,209,268,349,24,26,1,-1,-1,-1
125,210,853,252,22,24,1,-1,-1,-1
125,214,829,127,22,21,1,-1,-1,-1
125,215,853,137,19,21,1,-1,-1,-1
125,216,834,150,15,23,1,-1,-1,-1
125,217,850,153,19,19,1,-1,-1,-1
125,218,831,187,23,23,1,-1,-1,-1
125,219,604,591,20,20,1,-1,-1,-1
126,14,227,104,17,23,1,-1,-1,-1
126,15,224,191,23,22,1,-1,-1,-1
126,19,284,244,23,34,1,-1,-1,-1
126,21,815,487,22,20,1,-1,-1,-1
126,23,816,508,22,21,1,-1,-1,-1
126,25,836,536,20,23,1,-1,-1,-1
126,26,685,589,21,20,1,-1,-1,-1
126,33,313,481,28,23,1,-1,-1,-1
126,34,740,615,23,22,1,-1,-1,-1
126,36,336,542,22,23,1,-1,-1,-1
126,37,602,618,22,21,1,-1,-1,-1
126,39,321,561,24,22,1,-1,-1,-1
126,40,421,602,22,24,1,-1,-1,-1
126,41,648,631,21,23,1,-1,-1,-1
126,42,459,613,22,24,1,-1,-1,-1
126,43,573,629,24,23,1,-1,-1,-1
126,44,759,627,24,22,1,-1,-1,-1
126,128,256,145,25,22,1,-1,-1,-1
126,155,316,418,22,25,1,-1,-1,-1
126,176,235,136,23,24,1,-1,-1,-1
126,196,823,208,23,23,1,-1,-1,-1
126,204,411,623,23,15,1,-1,-1,-1
126,205,753,582,23,22,1,-1,-1,-1
126,206,732,591,22,22,1,-1,-1,-1
126,208,282,334,20,21,1,-1,-1,-1
126,209,269,350,22,24,1,-1,-1,-1
126,214,828,127,23,21,1,-1,-1,-1
126,215,850,140,18,21,1,-1,-1,-1
126,216,831,155,14,23,1,-1,-1,-1
126,217,846,155,19,21,1,-1,-1,-1
126,218,831,187,23,24,1,-1,-1,-1
126,220,298,171,20,22,1,-1,-1,-1
126,221,245,228,21,23,1,-1,-1,-1
127,14,222,105,18,20,1,-1,-1,-1
127,15,224,190,22,23,1,-1,-1,-1
127,19,284,243,23,29,1,-1,-1,-1
127,21,814,488,23,20,1,-1,-1,-1
127,26,682,589,23,21,1,-1,-1,-1
127,33,313,480,28,23,1,-1,-1,-1
127,34,740,616,23,22,1,-1,-1,-1
127,36,336,541,22,24,1,-1,-1,-1
127,37,600,618,23,21,1,-1,-1,-1
127,39,321,561,23,22,1,-1,-1,-1
127,40,420,602,21,24,1,-1,-1,-1
127,41,647,630,21,24,1,-1,-1,-1
127,42,457,613,23,24,1,-1,-1,-1
127,43,571,629,25,23,1,-1,-1,-1
127,44,759,626,24,23,1,-1,-1,-1
127,51,756,174,17,27,1,-1,-1,-1
127,99,759,118,17,17,1,-1,-1,-1
127,128,256,144,24,22,1,-1,-1,-1
127,155,317,417,21,25,1,-1,-1,-1
127,176,235,135,22,25,1,-1,-1,-1
127,196,823,209,23,22,1,-1,-1,-1
127,198,757,135,18,23,1,-1,-1,-1
127,204,405,622,24,14,1,-1,-1,-1
127,205,752,583,23,22,1,-1,-1,-1
127,206,730,592,21,22,1,-1,-1,-1
127,208,281,332,20,21,1,-1,-1,-1
127,209,269,350,22,24,1,-1,-1,-1
127,214,828,127,23,22,1,-1,-1,-1
127,215,848,144,18,19,1,-1,-1,-1
127,216,828,160,14,23,1,-1,-1,-1
127,217,843,160,19,23,1,-1,-1,-1
127,218,830,188,24,24,1,-1,-1,-1
127,221,244,222,22,23,1,-1,-1,-1
128,14,216,104,21,21,1,-1,-1,-1
128,15,224,190,21,19,1,-1,-1,-1
128,21,814,488,23,21,1,-1,-1,-1
128,26,681,589,22,21,1,-1,-1,-1
128,33,313,479,28,23,1,-1,-1,-1
128,34,739,616,23,22,1,-1,-1,-1
128,36,335,540,22,24,1,-1,-1,-1
128,37,599,618,23,21,1,-1,-1,-1
128,39,320,560,24,22,1,-1,-1,-1
128,40,418,602,21,24,1,-1,-1,-1
128,41,645,630,21,24,1,-1,-1,-1
128,42,456,613,22,24,1,-1,-1,-1
128,43,571,629,24,22,1,-1,-1,-1
128,44,759,626,25,23,1,-1,-1,-1
128,51,756,173,17,28,1,-1,-1,-1
128,99,759,119,17,16,1,-1,-1,-1
128,128,256,144,24,22,1,-1,-1,-1
128,155,317,416,21,25,1,-1,-1,-1
128,160,794,445,21,21,1,-1,-1,-1
128,176,234,134,22,25,1,-1,-1,-1
128,196,823,210,23,22,1,-1,-1,-1
128,198,756,135,19,39,1,-1,-1,-1
128,204,398,621,23,13,1,-1,-1,-1
128,205,751,583,23,22,1,-1,-1,-1
128,206,726,594,23,21,1,-1,-1,-1
128,208,282,331,19,20,1,-1,-1,-1
128,214,829,128,21,20,1,-1,-1,-1
128,215,845,149,17,16,1,-1,-1,-1
128,216,825,166,17,22,1,-1,-1,-1
128,218,830,190,23,22,1,-1,-1,-1
128,222,366,619,29,22,1,-1,-1,-1
129,14,211,103,21,21,1,-1,-1,-1
129,15,222,189,23,19,1,-1,-1,-1
129,21,815,490,22,19,1,-1,-1,-1
129,23,815,510,23,22,1,-1,-1,-1
129,25,836,538,20,23,1,-1,-1,-1
129,26,679,590,22,20,1,-1,-1,-1
129,33,314,478,26,23,1,-1,-1,-1
129,34,739,616,23,22,1,-1,-1,-1
129,36,335,540,22,23,1,-1,-1,-1
129,37,598,618,23,21,1,-1,-1,-1
129,39,320,560,23,21,1,-1,-1,-1
129,40,416,602,22,24,1,-1,-1,-1
129,41,644,630,22,24,1,-1,-1,-1
129,42,455,613,21,24,1,-1,-1,-1
129,43,570,629,23,22,1,-1,-1,-1
129,44,759,626,24,23,1,-1,-1,-1
129,51,756,174,17,29,1,-1,-1,-1
129,99,759,119,17,16,1,-1,-1,-1
129,128,256,143,24,23,1,-1,-1,-1
129,155,317,415,21,25,1,-1,-1,-1
129,176,233,134,23,25,1,-1,-1,-1
129,196,823,211,23,22,1,-1,-1,-1
129,198,757,135,18,38,1,-1,-1,-1
129,205,751,584,22,21,1,-1,-1,-1
129,206,724,595,22,22,1,-1,-1,-1
129,214,828,128,22,21,1,-1,-1,-1
129,215,841,152,20,16,1,-1,-1,-1
129,216,822,172,18,22,1,-1,-1,-1
129,217,857,165,19,15,1,-1,-1,-1
129,218,829,190,24,24,1,-1,-1,-1
129,223,935,114,25,25,1,-1,-1,-1
129,224,958,126,22,25,1,-1,-1,-1
129,225,912,128,27,24,1,-1,-1,-1
130,14,204,101,23,22,1,-1,-1,-1
130,21,814,490,23,21,1,-1,-1,-1
130,23,816,511,22,22,1,-1,-1,-1
130,25,836,538,21,24,1,-1,-1,-1
130,26,677,590,23,20,1,-1,-1,-1
130,33,313,477,27,23,1,-1,-1,-1
130,34,738,616,23,23,1,-1,-1,-1
130,36,334,539,23,23,1,-1,-1,-1
130,37,597,618,23,21,1,-1,-1,-1
130,39,319,559,24,22,1,-1,-1,-1
130,40,415,602,21,23,1,-1,-1,-1
130,41,643,630,21,24,1,-1,-1,-1
130,42,453,612,22,25,1,-1,-1,-1
130,43,569,629,23,23,1,-1,-1,-1
130,44,759,626,24,23,1,-1,-1,-1
130,51,756,174,17,26,1,-1,-1,-1
130,99,759,119,17,16,1,-1,-1,-1
130,128,256,143,24,23,1,-1,-1,-1
130,155,317,414,21,25,1,-1,-1,-1
130,176,233,134,22,24,1,-1,-1,-1
130,196,823,213,23,22,1,-1,-1,-1
130,198,756,135,19,37,1,-1,-1,-1
130,205,749,584,23,22,1,-1,-1,-1
130,206,721,596,23,22,1,-1,-1,-1
130,220,297,169,21,21,1,-1,-1,-1
130,223,930,115,21,25,1,-1,-1,-1
130,224,956,127,23,24,1,-1,-1,-1
130,225,905,129,26,25,1,-1,-1,-1
130,226,797,510,21,25,1,-1,-1,-1
131,15,221,188,24,22,1,-1,-1,-1
131,19,285,239,21,21,1,-1,-1,-1
131,21,815,492,22,20,1,-1,-1,-1
131,23,816,512,22,22,1,-1,-1,-1
131,25,836,539,20,23,1,-1,-1,-1
131,26,676,590,22,20,1,-1,-1,-1
131,33,313,476,27,23,1,-1,-1,-1
131,34,738,616,22,22,1,-1,-1,-1
131,36,334,537,22,25,1,-1,-1,-1
131,37,596,618,23,21,1,-1,-1,-1
131,39,319,558,24,22,1,-1,-1,-1
131,40,413,601,22,23,1,-1,-1,-1
131,41,642,630,21,24,1,-1,-1,-1
131,42,452,612,22,25,1,-1,-1,-1
131,43,568,629,23,23,1,-1,-1,-1
131,44,759,626,24,23,1,-1,-1,-1
131,99,759,109,19,26,1,-1,-1,-1
131,128,256,143,24,22,1,-1,-1,-1
131,155,317,413,21,25,1,-1,-1,-1
131,176,232,133,23,25,1,-1,-1,-1
131,196,823,215,22,20,1,-1,-1,-1
131,198,756,135,19,39,1,-1,-1,-1
131,205,749,584,23,22,1,-1,-1,-1
131,206,719,597,22,22,1,-1,-1,-1
131,226,796,516,23,24,1,-1,-1,-1
132,15,219,188,25,21,1,-1,-1,-1
132,21,814,492,22,21,1,-1,-1,-1
132,23,816,513,21,22,1,-1,-1,-1
132,25,836,540,21,22,1,-1,-1,-1
132,26,675,591,22,20,1,-1,-1,-1
132,33,313,475,27,23,1,-1,-1,-1
132,34,737,616,23,22,1,-1,-1,-1
132,36,334,537,21,24,1,-1,-1,-1
132,37,595,618,23,22,1,-1,-1,-1
132,39,318,558,24,21,1,-1,-1,-1
132,40,411,601,22,23,1,-1,-1,-1
132,41,641,630,21,24,1,-1,-1,-1
132,42,450,612,22,25,1,-1,-1,-1
132,43,566,629,24,23,1,-1,-1,-1
132,44,759,626,24,23,1,-1,-1,-1
132,51,756,174,17,28,1,-1,-1,-1
132,99,759,119,17,16,1,-1,-1,-1
132,128,257,142,23,23,1,-1,-1,-1
132,155,317,412,21,25,1,-1,-1,-1
132,176,231,132,23,25,1,-1,-1,-1
132,198,757,135,18,39,1,-1,-1,-1
132,205,748,585,23,22,1,-1,-1,-1
132,206,717,598,22,22,1,-1,-1,-1
132,226,795,522,24,26,1,-1,-1,-1
132,227,270,529,21,22,1,-1,-1,-1
133,15,212,187,30,22,1,-1,-1,-1
133,19,286,236,19,21,1,-1,-1,-1
133,21,814,493,22,20,1,-1,-1,-1
133,23,815,514,22,22,1,-1,-1,-1
133,25,835,540,22,23,1,-1,-1,-1
133,26,673,590,22,21,1,-1,-1,-1
133,33,313,474,28,23,1,-1,-1,-1
133,34,737,616,22,23,1,-1,-1,-1
133,36,333,535,21,25,1,-1,-1,-1
133,37,594,618,23,21,1,-1,-1,-1
133,39,318,557,24,22,1,-1,-1,-1
133,40,410,601,22,23,1,-1,-1,-1
133,41,640,631,21,23,1,-1,-1,-1
133,42,449,612,21,25,1,-1,-1,-1
133,43,565,629,24,23,1,-1,-1,-1
133,44,759,626,24,23,1,-1,-1,-1
133,128,257,142,23,22,1,-1,-1,-1
133,155,317,411,21,26,1,-1,-1,-1
133,176,230,132,23,24,1,-1,-1,-1
133,196,823,216,23,21,1,-1,-1,-1
133,198,757,135,18,38,1,-1,-1,-1
133,205,747,585,23,22,1,-1,-1,-1
133,206,715,599,21,22,1,-1,-1,-1
133,220,297,166,19,22,1,-1,-1,-1
133,226,793,528,25,25,1,-1,-1,-1
133,228,240,187,15,19,1,-1,-1,-1
133,229,792,478,19,25,1,-1,-1,-1
134,15,212,186,31,22,1,-1,-1,-1
134,19,284,235,22,22,1,-1,-1,-1
134,21,814,494,23,20,1,-1,-1,-1
134,23,815,515,22,22,1,-1,-1,-1
134,25,835,541,22,23,1,-1,-1,-1
134,26,672,591,21,20,1,-1,-1,-1
134,33,312,473,29,22,1,-1,-1,-1
134,34,736,617,22,22,1,-1,-1,-1
134,36,333,535,21,24,1,-1,-1,-1
134,37,592,619,23,20,1,-1,-1,-1
134,39,317,557,25,21,1,-1,-1,-1
134,40,408,601,22,22,1,-1,-1,-1
134,41,639,631,20,23,1,-1,-1,-1
134,42,447,612,22,25,1,-1,-1,-1
134,43,564,629,24,23,1,-1,-1,-1
134,44,759,626,24,23,1,-1,-1,-1
134,99,759,118,17,17,1,-1,-1,-1
134,128,257,141,23,23,1,-1,-1,-1
134,155,317,410,21,25,1,-1,-1,-1
134,176,229,131,24,25,1,-1,-1,-1
134,196,823,219,21,19,1,-1,-1,-1
134,198,756,135,19,38,1,-1,-1,-1
134,205,746,586,23,22,1,-1,-1,-1
134,206,713,601,19,21,1,-1,-1,-1
134,220,297,165,22,22,1,-1,-1,-1
134,226,791,536,26,23,1,-1,-1,-1
134,227,271,530,20,20,1,-1,-1,-1
134,229,791,488,19,22,1,-1,-1,-1
134,230,342,612,18,18,1,-1,-1,-1
134,231,366,616,21,23,1,-1,-1,-1
134,232,276,196,22,23,1,-1,-1,-1
135,15,213,184,30,24,1,-1,-1,-1
135,19,283,233,23,23,1,-1,-1,-1
135,21,814,495,22,20,1,-1,-1,-1
135,23,815,516,22,22,1,-1,-1,-1
135,25,835,541,22,24,1,-1,-1,-1
135,26,670,591,22,20,1,-1,-1,-1
135,33,312,472,28,23,1,-1,-1,-1
135,34,735,617,23,22,1,-1,-1,-1
135,36,332,534,21,24,1,-1,-1,-1
135,37,591,618,23,22,1,-1,-1,-1
135,39,317,556,24,21,1,-1,-1,-1
135,40,407,600,22,23,1,-1,-1,-1
135,41,637,631,22,23,1,-1,-1,-1
135,42,445,612,23,25,1,-1,-1,-1
135,43,563,629,24,23,1,-1,-1,-1
135,44,759,626,24,23,1,-1,-1,-1
135,51,755,174,18,30,1,-1,-1,-1
135,99,759,118,17,17,1,-1,-1,-1
135,128,256,140,24,23,1,-1,-1,-1
135,155,317,409,21,26,1,-1,-1,-1
135,176,228,131,24,24,1,-1,-1,-1
135,198,756,135,19,39,1,-1,-1,-1
135,205,745,586,24,23,1,-1,-1,-1
135,206,709,601,18,22,1,-1,-1,-1
135,220,296,165,20,22,1,-1,-1,-1
135,226,789,541,26,24,1,-1,-1,-1
135,227,270,529,21,22,1,-1,-1,-1
135,230,339,610,18,19,1,-1,-1,-1
135,231,365,616,21,23,1,-1,-1,-1
135,232,275,190,21,23,1,-1,-1,-1
135,233,898,124,21,22,1,-1,-1,-1
135,234,951,128,21,23,1,-1,-1,-1
135,235,849,310,21,20,1,-1,-1,-1
135,236,827,340,26,21,1,-1,-1,-1
135,237,840,364,23,22,1,-1,-1,-1
135,238,356,604,33,19,1,-1,-1,-1
136,15,212,184,30,25,1,-1,-1,-1
136,19,283,232,23,23,1,-1,-1,-1
136,21,814,497,21,19,1,-1,-1,-1
136,23,815,517,22,22,1,-1,-1,-1
136,25,835,542,22,23,1,-1,-1,-1
136,26,669,591,21,20,1,-1,-1,-1
136,33,312,471,28,23,1,-1,-1,-1
136,34,734,617,23,22,1,-1,-1,-1
136,36,332,533,21,25,1,-1,-1,-1
136,37,590,618,23,21,1,-1,-1,-1
136,39,316,555,25,21,1,-1,-1,-1
136,40,405,600,22,23,1,-1,-1,-1
136,41,636,631,21,23,1,-1,-1,-1
136,42,444,612,22,24,1,-1,-1,-1
136,43,562,629,24,23,1,-1,-1,-1
136,44,758,626,25,23,1,-1,-1,-1
136,51,756,174,17,28,1,-1,-1,-1
136,99,759,119,17,15,1,-1,-1,-1
136,128,255,139,24,24,1,-1,-1,-1
136,155,316,408,22,26,1,-1,-1,-1
136,176,227,131,24,24,1,-1,-1,-1
136,205,744,587,24,22,1,-1,-1,-1
136,206,704,602,17,23,1,-1,-1,-1
136,220,296,165,20,21,1,-1,-1,-1
136,226,787,547,25,23,1,-1,-1,-1
136,227,270,529,21,23,1,-1,-1,-1
136,229,789,505,19,17,1,-1,-1,-1
136,230,335,608,19,19,1,-1,-1,-1
136,231,364,616,21,23,1,-1,-1,-1
136,232,272,182,21,24,1,-1,-1,-1
136,233,893,126,21,21,1,-1,-1,-1
136,238,350,601,27,21,1,-1,-1,-1
136,239,757,135,18,22,1,-1,-1,-1
136,240,757,157,15,17,1,-1,-1,-1
136,241,877,150,15,18,1,-1,-1,-1
137,15,212,184,30,24,1,-1,-1,-1
137,19,283,231,22,22,1,-1,-1,-1
137,21,814,497,22,20,1,-1,-1,-1
137,23,815,518,21,22,1,-1,-1,-1
137,25,835,543,22,23,1,-1,-1,-1
137,26,667,591,22,20,1,-1,-1,-1
137,33,312,470,28,22,1,-1,-1,-1
137,34,733,617,23,22,1,-1,-1,-1
137,36,332,532,21,25,1,-1,-1,-1
137,37,589,618,23,21,1,-1,-1,-1
137,39,316,554,25,22,1,-1,-1,-1
137,40,404,600,22,23,1,-1,-1,-1
137,41,635,631,21,23,1,-1,-1,-1
137,42,442,612,22,24,1,-1,-1,-1
137,43,561,629,24,23,1,-1,-1,-1
137,44,759,626,24,22,1,-1,-1,-1
137,51,755,174,18,38,1,-1,-1,-1
137,99,759,109,19,26,1,-1,-1,-1
137,128,255,138,23,23,1,-1,-1,-1
137,155,317,408,21,25,1,-1,-1,-1
137,176,227,130,23,24,1,-1,-1,-1
137,196,822,221,23,23,1,-1,-1,-1
137,205,743,588,24,22,1,-1,-1,-1
137,206,698,603,17,22,1,-1,-1,-1
137,226,785,553,25,23,1,-1,-1,-1
137,227,270,529,21,23,1,-1,-1,-1
137,229,787,505,21,25,1,-1,-1,-1
137,230,331,605,19,21,1,-1,-1,-1
137,231,363,615,22,24,1,-1,-1,-1
137,232,265,177,26,20,1,-1,-1,-1
137,235,849,317,21,23,1,-1,-1,-1
137,236,827,342,26,21,1,-1,-1,-1
137,237,840,364,23,22,1,-1,-1,-1
137,238,346,598,30,22,1,-1,-1,-1
137,239,756,135,19,39,1,-1,-1,-1
137,241,873,153,14,19,1,-1,-1,-1
137,242,217,167,21,18,1,-1,-1,-1
137,243,827,205,21,16,1,-1,-1,-1
137,244,836,210,19,21,1,-1,-1,-1
137,245,810,225,15,27,1,-1,-1,-1
137,246,819,245,23,30,1,-1,-1,-1
138,15,211,181,30,26,1,-1,-1,-1
138,19,283,230,22,22,1,-1,-1,-1
138,21,813,499,22,19,1,-1,-1,-1
138,23,815,519,21,22,1,-1,-1,-1
138,25,835,543,22,23,1,-1,-1,-1
138,26,665,591,23,21,1,-1,-1,-1
138,33,312,468,28,23,1,-1,-1,-1
138,34,733,618,22,22,1,-1,-1,-1
138,36,331,531,22,25,1,-1,-1,-1
138,37,587,618,23,22,1,-1,-1,-1
138,39,316,554,24,21,1,-1,-1,-1
138,40,403,599,22,23,1,-1,-1,-1
138,41,634,631,21,23,1,-1,-1,-1
138,42,441,612,21,24,1,-1,-1,-1
138,43,560,629,24,23,1,-1,-1,-1
138,44,758,626,25,23,1,-1,-1,-1
138,51,755,174,18,41,1,-1,-1,-1
138,99,759,109,19,26,1,-1,-1,-1
138,128,254,137,24,23,1,-1,-1,-1
138,155,316,407,22,24,1,-1,-1,-1
138,176,226,129,23,24,1,-1,-1,-1
138,205,742,588,24,23,1,-1,-1,-1
138,206,691,604,21,22,1,-1,-1,-1
138,220,296,163,20,21,1,-1,-1,-1
138,226,782,558,27,23,1,-1,-1,-1
138,227,270,529,21,22,1,-1,-1,-1
138,229,785,512,22,23,1,-1,-1,-1
138,230,327,602,20,21,1,-1,-1,-1
138,231,362,615,22,23,1,-1,-1,-1
138,235,849,323,23,21,1,-1,-1,-1
138,236,827,343,26,21,1,-1,-1,-1
138,237,840,364,23,22,1,-1,-1,-1
138,238,341,596,26,21,1,-1,-1,-1
138,239,756,135,19,38,1,-1,-1,-1
138,241,869,156,14,20,1,-1,-1,-1
139,15,212,182,29,24,1,-1,-1,-1
139,19,283,229,22,22,1,-1,-1,-1
139,21,813,499,22,20,1,-1,-1,-1
139,23,815,520,21,22,1,-1,-1,-1
139,25,835,544,22,23,1,-1,-1,-1
139,26,664,591,22,21,1,-1,-1,-1
139,33,312,468,28,22,1,-1,-1,-1
139,34,732,618,22,22,1,-1,-1,-1
139,36,330,530,22,25,1,-1,-1,-1
139,37,586,618,23,22,1,-1,-1,-1
139,39,315,553,25,21,1,-1,-1,-1
139,40,401,599,22,23,1,-1,-1,-1
139,41,633,631,21,23,1,-1,-1,-1
139,42,439,611,22,25,1,-1,-1,-1
139,43,559,629,24,23,1,-1,-1,-1
139,44,758,626,25,22,1,-1,-1,-1
139,99,759,109,19,26,1,-1,-1,-1
139,128,253,136,24,23,1,-1,-1,-1
139,155,317,406,22,24,1,-1,-1,-1
139,176,225,129,24,24,1,-1,-1,-1
139,205,741,589,24,22,1,-1,-1,-1
139,206,685,606,23,20,1,-1,-1,-1
139,226,779,563,27,22,1,-1,-1,-1
139,227,270,529,20,22,1,-1,-1,-1
139,229,784,517,22,26,1,-1,-1,-1
139,230,324,600,19,21,1,-1,-1,-1
139,231,361,615,22,23,1,-1,-1,-1
139,232,265,162,19,25,1,-1,-1,-1
139,235,849,326,22,24,1,-1,-1,-1
139,236,827,344,25,22,1,-1,-1,-1
139,237,840,364,23,22,1,-1,-1,-1
139,238,336,592,26,22,1,-1,-1,-1
139,239,756,135,19,38,1,-1,-1,-1
139,241,866,161,12,19,1,-1,-1,-1
139,242,206,160,23,24,1,-1,-1,-1
140,15,212,182,28,22,1,-1,-1,-1
140,19,283,228,22,22,1,-1,-1,-1
140,21,813,501,22,19,1,-1,-1,-1
140,23,814,521,22,22,1,-1,-1,-1
140,25,835,545,22,22,1,-1,-1,-1
140,26,662,592,23,20,1,-1,-1,-1
140,33,312,466,28,23,1,-1,-1,-1
140,34,731,618,22,23,1,-1,-1,-1
140,36,330,529,22,25,1,-1,-1,-1
140,37,585,618,23,22,1,-1,-1,-1
140,39,315,552,25,21,1,-1,-1,-1
140,40,400,599,21,23,1,-1,-1,-1
140,41,632,631,21,23,1,-1,-1,-1
140,42,437,611,22,24,1,-1,-1,-1
140,43,558,629,24,23,1,-1,-1,-1
140,44,758,626,25,23,1,-1,-1,-1
140,99,758,109,20,26,1,-1,-1,-1
140,128,253,135,23,22,1,-1,-1,-1
140,155,317,404,22,26,1,-1,-1,-1
140,176,224,128,23,24,1,-1,-1,-1
140,205,740,589,24,23,1,-1,-1,-1
140,206,680,607,23,20,1,-1,-1,-1
140,220,296,162,18,21,1,-1,-1,-1
140,226,776,567,27,23,1,-1,-1,-1
140,227,270,529,21,23,1,-1,-1,-1
140,229,782,522,22,26,1,-1,-1,-1
140,230,320,597,19,22,1,-1,-1,-1
140,231,360,615,22,23,1,-1,-1,-1
140,232,261,157,24,22,1,-1,-1,-1
140,235,850,331,19,23,1,-1,-1,-1
140,236,827,346,25,20,1,-1,-1,-1
140,237,840,365,22,20,1,-1,-1,-1
140,238,332,588,23,22,1,-1,-1,-1
140,239,756,135,19,39,1,-1,-1,-1
140,242,199,156,24,22,1,-1,-1,-1
141,15,211,181,28,24,1,-1,-1,-1
141,19,282,226,23,23,1,-1,-1,-1
141,21,814,505,20,16,1,-1,-1,-1
141,23,814,522,22,22,1,-1,-1,-1
141,25,835,546,21,22,1,-1,-1,-1
141,26,660,592,23,20,1,-1,-1,-1
141,33,312,465,28,23,1,-1,-1,-1
141,34,730,618,23,23,1,-1,-1,-1
141,36,330,529,21,23,1,-1,-1,-1
141,37,584,618,23,21,1,-1,-1,-1
141,39,315,552,25,20,1,-1,-1,-1
141,40,398,599,22,22,1,-1,-1,-1
141,41,631,631,21,23,1,-1,-1,-1
141,42,436,611,22,24,1,-1,-1,-1
141,43,557,629,23,23,1,-1,-1,-1
141,44,758,626,25,23,1,-1,-1,-1
141,51,756,174,17,26,1,-1,-1,-1
141,99,759,118,17,17,1,-1,-1,-1
141,128,252,134,22,21,1,-1,-1,-1
141,155,317,404,22,25,1,-1,-1,-1
141,176,223,128,23,23,1,-1,-1,-1
141,196,821,228,22,21,1,-1,-1,-1
141,205,739,590,24,22,1,-1,-1,-1
141,206,674,608,24,20,1,-1,-1,-1
141,220,296,161,20,21,1,-1,-1,-1
141,226,773,571,27,24,1,-1,-1,-1
141,227,270,529,21,23,1,-1,-1,-1
141,229,780,529,22,26,1,-1,-1,-1
141,230,318,595,18,22,1,-1,-1,-1
141,231,360,614,21,24,1,-1,-1,-1
141,232,258,153,24,21,1,-1,-1,-1
141,235,851,336,19,22,1,-1,-1,-1
141,238,327,585,23,21,1,-1,-1,-1
141,239,757,135,18,38,1,-1,-1,-1
141,241,859,173,8,17,1,-1,-1,-1
141,246,832,239,18,21,1,-1,-1,-1
141,247,944,129,24,24,1,-1,-1,-1
141,248,191,216,7,8,1,-1,-1,-1
141,249,811,260,15,24,1,-1,-1,-1
142,15,212,181,27,22,1,-1,-1,-1
142,19,283,225,22,22,1,-1,-1,-1
142,21,813,504,21,18,1,-1,-1,-1
142,23,814,523,22,22,1,-1,-1,-1
142,25,834,546,23,23,1,-1,-1,-1
142,33,312,464,28,23,1,-1,-1,-1
142,34,729,618,23,23,1,-1,-1,-1
142,36,329,528,22,23,1,-1,-1,-1
142,37,583,618,23,21,1,-1,-1,-1
142,39,314,551,25,21,1,-1,-1,-1
142,40,397,598,22,23,1,-1,-1,-1
142,41,629,631,22,23,1,-1,-1,-1
142,42,434,611,22,24,1,-1,-1,-1
142,43,556,629,23,23,1,-1,-1,-1
142,44,758,626,25,23,1,-1,-1,-1
142,51,756,174,17,28,1,-1,-1,-1
142,99,759,119,17,16,1,-1,-1,-1
142,128,251,132,22,21,1,-1,-1,-1
142,155,317,403,21,24,1,-1,-1,-1
142,176,222,127,23,24,1,-1,-1,-1
142,196,821,230,22,20,1,-1,-1,-1
142,205,738,589,25,24,1,-1,-1,-1
142,206,668,610,25,19,1,-1,-1,-1
142,220,295,161,18,21,1,-1,-1,-1
142,226,767,576,29,24,1,-1,-1,-1
142,227,269,529,22,23,1,-1,-1,-1
142,229,778,536,22,24,1,-1,-1,-1
142,230,314,592,19,22,1,-1,-1,-1
142,231,359,614,21,23,1,-1,-1,-1
142,232,255,150,24,20,1,-1,-1,-1
142,235,850,341,19,21,1,-1,-1,-1
142,238,323,579,23,23,1,-1,-1,-1
142,239,757,135,18,23,1,-1,-1,-1
142,241,855,177,11,19,1,-1,-1,-1
142,246,831,248,18,21,1,-1,-1,-1
142,248,191,216,7,7,1,-1,-1,-1
142,249,810,267,15,25,1,-1,-1,-1
142,250,757,158,15,16,1,-1,-1,-1
142,251,817,299,19,25,1,-1,-1,-1
143,15,211,180,28,23,1,-1,-1,-1
143,19,283,224,21,22,1,-1,-1,-1
143,21,813,505,21,18,1,-1,-1,-1
143,23,814,524,21,21,1,-1,-1,-1
143,25,834,547,23,22,1,-1,-1,-1
143,26,657,594,22,18,1,-1,-1,-1
143,33,312,463,28,23,1,-1,-1,-1
143,34,728,619,23,23,1,-1,-1,-1
143,36,329,527,22,23,1,-1,-1,-1
143,37,581,618,23,21,1,-1,-1,-1
143,39,314,549,25,22,1,-1,-1,-1
143,40,396,598,21,23,1,-1,-1,-1
143,41,628,631,22,23,1,-1,-1,-1
143,42,433,611,22,24,1,-1,-1,-1
143,43,555,629,23,23,1,-1,-1,-1
143,44,758,626,26,23,1,-1,-1,-1
143,51,756,174,17,26,1,-1,-1,-1
143,99,759,119,17,16,1,-1,-1,-1
143,128,249,131,23,19,1,-1,-1,-1
143,155,317,402,21,25,1,-1,-1,-1
143,176,221,126,23,25,1,-1,-1,-1
143,205,737,590,24,23,1,-1,-1,-1
143,206,660,610,26,20,1,-1,-1,-1
143,220,295,160,19,21,1,-1,-1,-1
143,226,765,581,28,22,1,-1,-1,-1
143,229,775,541,23,24,1,-1,-1,-1
143,230,311,589,20,21,1,-1,-1,-1
143,231,358,614,21,23,1,-1,-1,-1
143,232,252,148,23,19,1,-1,-1,-1
143,235,850,345,21,21,1,-1,-1,-1
143,236,826,349,24,21,1,-1,-1,-1
143,238,320,575,22,22,1,-1,-1,-1
143,239,757,135,18,22,1,-1,-1,-1
143,241,853,183,11,20,1,-1,-1,-1
143,250,756,158,16,15,1,-1,-1,-1
143,251,815,312,21,26,1,-1,-1,-1
143,252,789,512,25,23,1,-1,-1,-1
144,15,211,180,27,20,1,-1,-1,-1
144,19,282,223,22,22,1,-1,-1,-1
144,21,812,505,22,19,1,-1,-1,-1
144,23,814,525,21,21,1,-1,-1,-1
144,25,835,548,21,22,1,-1,-1,-1
144,26,655,593,23,18,1,-1,-1,-1
144,33,312,461,28,24,1,-1,-1,-1
144,34,727,619,23,23,1,-1,-1,-1
144,36,329,525,22,24,1,-1,-1,-1
144,37,580,618,23,21,1,-1,-1,-1
144,39,314,547,23,23,1,-1,-1,-1
144,40,394,598,22,23,1,-1,-1,-1
144,41,627,631,22,23,1,-1,-1,-1
144,42,431,611,22,24,1,-1,-1,-1
144,43,554,629,23,23,1,-1,-1,-1
144,44,758,626,26,23,1,-1,-1,-1
144,51,756,174,17,27,1,-1,-1,-1
144,99,759,117,17,18,1,-1,-1,-1
144,128,248,129,23,21,1,-1,-1,-1
144,155,317,401,21,25,1,-1,-1,-1
144,176,221,126,22,24,1,-1,-1,-1
144,196,821,234,22,19,1,-1,-1,-1
144,205,736,591,24,23,1,-1,-1,-1
144,206,654,612,26,19,1,-1,-1,-1
144,220,295,159,18,21,1,-1,-1,-1
144,226,761,585,28,21,1,-1,-1,-1
144,229,772,546,23,24,1,-1,-1,-1
144,230,309,585,20,22,1,-1,-1,-1
144,231,357,614,21,23,1,-1,-1,-1
144,235,850,349,21,20,1,-1,-1,-1
144,236,825,350,25,21,1,-1,-1,-1
144,237,841,366,21,20,1,-1,-1,-1
144,238,316,570,23,22,1,-1,-1,-1
144,239,757,135,18,39,1,-1,-1,-1
144,241,851,188,11,22,1,-1,-1,-1
144,251,815,323,20,25,1,-1,-1,-1
144,252,788,518,25,22,1,-1,-1,-1
144,253,277,297,21,19,1,-1,-1,-1
144,254,489,593,16,18,1,-1,-1,-1
145,15,211,179,26,20,1,-1,-1,-1
145,19,282,222,22,22,1,-1,-1,-1
145,21,813,507,21,18,1,-1,-1,-1
145,23,814,526,21,21,1,-1,-1,-1
145,25,835,548,21,22,1,-1,-1,-1
145,26,654,595,22,17,1,-1,-1,-1
145,33,312,460,27,23,1,-1,-1,-1
145,34,726,619,23,23,1,-1,-1,-1
145,36,329,525,21,23,1,-1,-1,-1
145,37,579,618,23,21,1,-1,-1,-1
145,39,313,545,24,22,1,-1,-1,-1
145,40,393,597,22,24,1,-1,-1,-1
145,41,626,631,21,23,1,-1,-1,-1
145,42,430,611,22,24,1,-1,-1,-1
145,43,553,628,23,24,1,-1,-1,-1
145,44,758,626,26,23,1,-1,-1,-1
145,51,756,174,17,28,1,-1,-1,-1
145,99,759,118,17,17,1,-1,-1,-1
145,128,243,128,26,29,1,-1,-1,-1
145,155,317,400,21,25,1,-1,-1,-1
145,176,219,125,23,25,1,-1,-1,-1
145,205,735,592,23,22,1,-1,-1,-1
145,206,646,611,27,20,1,-1,-1,-1
145,220,295,159,20,21,1,-1,-1,-1
145,226,759,589,26,19,1,-1,-1,-1
145,229,769,552,23,22,1,-1,-1,-1
145,230,307,581,19,23,1,-1,-1,-1
145,231,356,614,22,22,1,-1,-1,-1
145,235,849,354,22,19,1,-1,-1,-1
145,236,825,351,25,21,1,-1,-1,-1
145,237,841,368,20,18,1,-1,-1,-1
145,238,313,568,23,19,1,-1,-1,-1
145,239,757,135,18,24,1,-1,-1,-1
145,241,849,195,11,21,1,-1,-1,-1
145,248,190,216,8,8,1,-1,-1,-1
145,252,787,524,24,22,1,-1,-1,-1
145,253,277,295,21,19,1,-1,-1,-1
146,15,212,178,25,21,1,-1,-1,-1
146,19,282,220,22,23,1,-1,-1,-1
146,21,812,507,22,19,1,-1,-1,-1
146,23,813,527,22,21,1,-1,-1,-1
146,25,834,548,22,23,1,-1,-1,-1
146,26,652,593,22,19,1,-1,-1,-1
146,33,312,460,27,22,1,-1,-1,-1
146,34,725,620,23,22,1,-1,-1,-1
146,36,329,523,21,24,1,-1,-1,-1
146,37,578,618,23,21,1,-1,-1,-1
146,39,313,543,23,21,1,-1,-1,-1
146,40,392,597,21,23,1,-1,-1,-1
146,41,625,631,22,23,1,-1,-1,-1
146,42,428,611,22,24,1,-1,-1,-1
146,43,552,628,23,24,1,-1,-1,-1
146,44,758,626,26,23,1,-1,-1,-1
146,51,755,174,18,27,1,-1,-1,-1
146,99,759,119,17,16,1,-1,-1,-1
146,128,239,126,29,26,1,-1,-1,-1
146,155,317,399,21,25,1,-1,-1,-1
146,176,218,124,23,25,1,-1,-1,-1
146,196,815,234,29,23,1,-1,-1,-1
146,205,735,592,22,23,1,-1,-1,-1
146,206,640,611,25,20,1,-1,-1,-1
146,220,295,158,18,21,1,-1,-1,-1
146,229,767,558,22,20,1,-1,-1,-1
146,230,305,577,19,22,1,-1,-1,-1
146,231,355,613,22,23,1,-1,-1,-1
146,238,310,562,23,20,1,-1,-1,-1
146,239,757,135,18,21,1,-1,-1,-1
146,241,845,200,14,26,1,-1,-1,-1
146,248,191,216,7,7,1,-1,-1,-1
146,250,756,157,16,17,1,-1,-1,-1
146,251,807,304,18,22,1,-1,-1,-1
146,253,276,293,22,19,1,-1,-1,-1
146,255,823,215,26,22,1,-1,-1,-1
146,256,827,282,20,23,1,-1,-1,-1
146,257,158,140,29,28,1,-1,-1,-1
147,15,211,178,26,21,1,-1,-1,-1
147,19,282,219,21,23,1,-1,-1,-1
147,21,812,508,22,19,1,-1,-1,-1
147,23,813,527,22,22,1,-1,-1,-1
147,25,834,549,22,22,1,-1,-1,-1
147,26,651,595,21,18,1,-1,-1,-1
147,33,312,458,27,23,1,-1,-1,-1
147,34,724,620,23,22,1,-1,-1,-1
147,36,328,522,21,24,1,-1,-1,-1
147,37,576,618,23,22,1,-1,-1,-1
147,39,312,543,24,21,1,-1,-1,-1
147,40,391,597,21,23,1,-1,-1,-1
147,41,624,631,21,23,1,-1,-1,-1
147,42,427,610,22,25,1,-1,-1,-1
147,43,551,628,23,24,1,-1,-1,-1
147,44,758,626,25,22,1,-1,-1,-1
147,51,755,174,18,28,1,-1,-1,-1
147,99,759,118,17,17,1,-1,-1,-1
147,128,240,125,26,23,1,-1,-1,-1
147,155,317,398,21,25,1,-1,-1,-1
147,176,217,124,24,24,1,-1,-1,-1
147,196,815,237,29,21,1,-1,-1,-1
147,205,733,593,22,22,1,-1,-1,-1
147,206,632,611,27,20,1,-1,-1,-1
147,220,295,157,22,22,1,-1,-1,-1
147,226,753,597,21,17,1,-1,-1,-1
147,230,304,573,18,23,1,-1,-1,-1
147,231,354,613,22,22,1,-1,-1,-1
147,236,823,353,27,21,1,-1,-1,-1
147,238,308,556,23,21,1,-1,-1,-1
147,239,757,135,18,38,1,-1,-1,-1
147,241,844,207,14,26,1,-1,-1,-1
147,251,806,312,20,27,1,-1,-1,-1
147,253,276,291,22,20,1,-1,-1,-1
147,255,823,217,24,21,1,-1,-1,-1
147,256,827,290,19,25,1,-1,-1,-1
147,257,153,141,27,24,1,-1,-1,-1
147,258,467,590,18,20,1,-1,-1,-1
148,15,212,178,24,19,1,-1,-1,-1
148,19,282,218,21,23,1,-1,-1,-1
148,21,812,509,22,19,1,-1,-1,-1
148,23,813,528,21,22,1,-1,-1,-1
148,25,834,550,22,22,1,-1,-1,-1
148,26,649,592,22,21,1,-1,-1,-1
148,33,312,457,27,23,1,-1,-1,-1
148,34,723,620,23,22,1,-1,-1,-1
148,36,328,521,21,24,1,-1,-1,-1
148,37,575,618,23,22,1,-1,-1,-1
148,39,305,541,31,29,1,-1,-1,-1
148,40,389,597,22,23,1,-1,-1,-1
148,41,622,631,22,24,1,-1,-1,-1
148,42,426,610,21,25,1,-1,-1,-1
148,43,550,628,23,24,1,-1,-1,-1
148,44,758,626,25,23,1,-1,-1,-1
148,51,755,174,18,42,1,-1,-1,-1
148,99,758,109,20,26,1,-1,-1,-1
148,128,242,124,22,23,1,-1,-1,-1
148,155,316,397,22,25,1,-1,-1,-1
148,176,217,123,26,25,1,-1,-1,-1
148,196,819,238,24,21,1,-1,-1,-1
148,205,732,595,21,21,1,-1,-1,-1
148,206,625,610,27,21,1,-1,-1,-1
148,220,294,156,24,23,1,-1,-1,-1
148,226,746,600,22,16,1,-1,-1,-1
148,229,782,546,24,18,1,-1,-1,-1
148,230,302,569,18,23,1,-1,-1,-1
148,231,354,613,21,22,1,-1,-1,-1
148,236,823,354,27,22,1,-1,-1,-1
148,237,841,365,31,22,1,-1,-1,-1
148,239,756,135,19,39,1,-1,-1,-1
148,241,843,215,14,26,1,-1,-1,-1
148,251,806,321,18,27,1,-1,-1,-1
148,253,276,290,21,18,1,-1,-1,-1
148,255,823,218,20,21,1,-1,-1,-1
148,256,826,300,20,24,1,-1,-1,-1
148,259,815,251,21,19,1,-1,-1,-1
148,260,810,368,24,27,1,-1,-1,-1
149,15,211,177,24,20,1,-1,-1,-1
149,19,282,217,21,23,1,-1,-1,-1
149,21,812,510,21,19,1,-1,-1,-1
149,23,813,530,21,21,1,-1,-1,-1
149,25,834,550,21,23,1,-1,-1,-1
149,26,648,596,20,17,1,-1,-1,-1
149,33,312,456,27,23,1,-1,-1,-1
149,34,722,621,22,22,1,-1,-1,-1
149,36,327,520,22,23,1,-1,-1,-1
149,37,573,618,23,21,1,-1,-1,-1
149,39,313,541,22,24,1,-1,-1,-1
149,40,388,596,22,23,1,-1,-1,-1
149,41,621,631,22,24,1,-1,-1,-1
149,42,424,610,22,24,1,-1,-1,-1
149,43,549,628,23,24,1,-1,-1,-1
149,44,759,626,24,23,1,-1,-1,-1
149,51,755,174,18,39,1,-1,-1,-1
149,99,759,109,19,26,1,-1,-1,-1
149,128,241,123,22,23,1,-1,-1,-1
149,155,316,396,22,25,1,-1,-1,-1
149,176,215,122,28,25,1,-1,-1,-1
149,196,820,240,23,22,1,-1,-1,-1
149,205,731,595,22,21,1,-1,-1,-1
149,206,618,611,27,19,1,-1,-1,-1
149,220,295,156,22,22,1,-1,-1,-1
149,226,740,602,24,17,1,-1,-1,-1
149,229,785,552,19,21,1,-1,-1,-1
149,230,300,565,18,23,1,-1,-1,-1
149,231,353,612,21,23,1,-1,-1,-1
149,236,823,355,26,22,1,-1,-1,-1
149,237,842,365,28,25,1,-1,-1,-1
149,238,303,543,14,20,1,-1,-1,-1
149,239,756,134,19,39,1,-1,-1,-1
149,241,841,223,15,26,1,-1,-1,-1
149,251,806,329,17,29,1,-1,-1,-1
149,253,276,288,21,19,1,-1,-1,-1
149,255,823,219,23,22,1,-1,-1,-1
149,256,826,309,19,24,1,-1,-1,-1
149,259,815,257,20,23,1,-1,-1,-1
149,260,809,377,25,27,1,-1,-1,-1
150,15,208,176,27,20,1,-1,-1,-1
150,19,281,216,22,23,1,-1,-1,-1
150,21,812,514,21,16,1,-1,-1,-1
150,23,813,530,21,22,1,-1,-1,-1
150,25,834,551,21,22,1,-1,-1,-1
150,33,312,454,27,23,1,-1,-1,-1
150,34,720,621,23,22,1,-1,-1,-1
150,36,327,519,21,23,1,-1,-1,-1
150,37,572,618,23,21,1,-1,-1,-1
150,39,311,540,23,24,1,-1,-1,-1
150,40,386,596,22,23,1,-1,-1,-1
150,41,620,631,22,24,1,-1,-1,-1
150,42,423,610,21,24,1,-1,-1,-1
150,43,548,628,23,23,1,-1,-1,-1
150,44,758,626,25,23,1,-1,-1,-1
150,51,756,173,17,28,1,-1,-1,-1
150,99,759,118,17,17,1,-1,-1,-1
150,128,239,122,22,23,1,-1,-1,-1
150,155,316,395,22,25,1,-1,-1,-1
150,176,214,119,23,28,1,-1,-1,-1
150,196,819,241,24,23,1,-1,-1,-1
150,206,612,611,26,20,1,-1,-1,-1
150,220,294,155,23,22,1,-1,-1,-1
150,230,297,561,19,23,1,-1,-1,-1
150,231,352,612,21,23,1,-1,-1,-1
150,236,823,356,25,21,1,-1,-1,-1
150,237,843,367,25,28,1,-1,-1,-1
150,238,302,535,21,21,1,-1,-1,-1
150,239,757,135,18,38,1,-1,-1,-1
150,241,840,230,16,26,1,-1,-1,-1
150,251,806,339,16,27,1,-1,-1,-1
150,253,275,286,21,20,1,-1,-1,-1
150,255,822,220,27,22,1,-1,-1,-1
150,256,826,319,18,22,1,-1,-1,-1
150,258,447,590,21,18,1,-1,-1,-1
150,259,814,262,20,27,1,-1,-1,-1
150,261,730,595,23,18,1,-1,-1,-1
150,262,734,605,23,16,1,-1,-1,-1
150,263,270,529,22,23,1,-1,-1,-1
150,264,751,576,24,16,1,-1,-1,-1
151,15,209,176,25,20,1,-1,-1,-1
151,19,282,215,20,22,1,-1,-1,-1
151,21,811,512,22,19,1,-1,-1,-1
151,23,812,531,22,22,1,-1,-1,-1
151,25,833,551,22,23,1,-1,-1,-1
151,33,312,453,27,24,1,-1,-1,-1
151,34,719,620,24,23,1,-1,-1,-1
151,36,326,518,22,23,1,-1,-1,-1
151,37,570,618,23,21,1,-1,-1,-1
151,39,311,540,23,23,1,-1,-1,-1
151,40,385,595,22,23,1,-1,-1,-1
151,41,619,631,21,24,1,-1,-1,-1
151,42,421,609,21,25,1,-1,-1,-1
151,43,547,628,23,24,1,-1,-1,-1
151,44,758,626,25,23,1,-1,-1,-1
151,128,238,121,22,23,1,-1,-1,-1
151,155,316,394,22,25,1,-1,-1,-1
151,176,205,115,30,32,1,-1,-1,-1
151,196,820,242,20,23,1,-1,-1,-1
151,206,606,612,24,20,1,-1,-1,-1
151,220,294,154,23,23,1,-1,-1,-1
151,230,295,556,19,24,1,-1,-1,-1
151,231,351,612,22,22,1,-1,-1,-1
151,238,300,528,23,21,1,-1,-1,-1
151,239,757,135,18,38,1,-1,-1,-1
151,241,838,237,17,26,1,-1,-1,-1
151,251,807,349,13,26,1,-1,-1,-1
151,253,276,285,20,19,1,-1,-1,-1
151,255,822,222,25,21,1,-1,-1,-1
151,256,826,329,16,20,1,-1,-1,-1
151,258,440,576,23,32,1,-1,-1,-1
151,259,814,271,19,26,1,-1,-1,-1
151,261,728,598,23,23,1,-1,-1,-1
151,263,270,529,22,23,1,-1,-1,-1
152,15,209,175,25,21,1,-1,-1,-1
152,19,281,214,21,22,1,-1,-1,-1
152,21,811,512,22,20,1,-1,-1,-1
152,23,812,532,22,21,1,-1,-1,-1
152,25,833,552,22,23,1,-1,-1,-1
152,33,312,452,27,23,1,-1,-1,-1
152,34,718,622,23,22,1,-1,-1,-1
152,36,326,516,21,24,1,-1,-1,-1
152,37,569,618,23,21,1,-1,-1,-1
152,39,311,540,23,22,1,-1,-1,-1
152,40,384,595,22,23,1,-1,-1,-1
152,41,618,631,21,24,1,-1,-1,-1
152,42,419,609,22,25,1,-1,-1,-1
152,43,546,628,23,23,1,-1,-1,-1
152,44,758,626,25,23,1,-1,-1,-1
152,99,759,109,19,26,1,-1,-1,-1
152,128,236,120,22,23,1,-1,-1,-1
152,155,316,394,22,24,1,-1,-1,-1
152,176,211,120,23,26,1,-1,-1,-1
152,196,820,244,19,22,1,-1,-1,-1
152,206,599,612,25,20,1,-1,-1,-1
152,220,294,153,23,23,1,-1,-1,-1
152,230,293,552,20,24,1,-1,-1,-1
152,231,350,612,22,22,1,-1,-1,-1
152,236,822,357,25,22,1,-1,-1,-1
152,237,842,366,19,19,1,-1,-1,-1
152,238,300,522,21,20,1,-1,-1,-1
152,239,756,135,19,39,1,-1,-1,-1
152,241,837,244,17,28,1,-1,-1,-1
152,251,805,358,16,27,1,-1,-1,-1
152,253,275,283,21,19,1,-1,-1,-1
152,255,822,222,26,22,1,-1,-1,-1
152,256,824,339,18,19,1,-1,-1,-1
152,259,814,281,19,26,1,-1,-1,-1
152,261,728,596,22,19,1,-1,-1,-1
152,262,720,610,25,12,1,-1,-1,-1
152,263,270,528,21,24,1,-1,-1,-1
152,265,847,383,23,18,1,-1,-1,-1
153,15,209,174,24,21,1,-1,-1,-1
153,19,281,212,21,23,1,-1,-1,-1
153,21,811,513,22,19,1,-1,-1,-1
153,23,812,533,21,21,1,-1,-1,-1
153,25,833,553,22,22,1,-1,-1,-1
153,26,640,596,22,18,1,-1,-1,-1
153,33,312,451,27,23,1,-1,-1,-1
153,34,717,622,23,22,1,-1,-1,-1
153,36,325,515,22,24,1,-1,-1,-1
153,37,567,618,23,21,1,-1,-1,-1
153,39,311,540,23,21,1,-1,-1,-1
153,40,382,595,22,22,1,-1,-1,-1
153,41,616,631,22,24,1,-1,-1,-1
153,42,418,609,22,25,1,-1,-1,-1
153,43,545,628,22,23,1,-1,-1,-1
153,44,758,626,25,22,1,-1,-1,-1
153,51,755,174,18,29,1,-1,-1,-1
153,99,759,118,17,17,1,-1,-1,-1
153,128,235,119,22,24,1,-1,-1,-1
153,155,316,393,22,24,1,-1,-1,-1
153,176,211,120,21,25,1,-1,-1,-1
153,196,819,245,24,23,1,-1,-1,-1
153,206,593,612,24,21,1,-1,-1,-1
153,220,294,153,23,22,1,-1,-1,-1
153,230,292,547,20,24,1,-1,-1,-1
153,231,350,611,21,23,1,-1,-1,-1
153,236,822,360,24,21,1,-1,-1,-1
153,237,842,365,22,21,1,-1,-1,-1
153,238,299,516,21,20,1,-1,-1,-1
153,239,756,135,19,39,1,-1,-1,-1
153,241,834,253,19,26,1,-1,-1,-1
153,251,805,367,15,27,1,-1,-1,-1
153,253,275,281,21,19,1,-1,-1,-1
153,255,822,223,26,23,1,-1,-1,-1
153,256,824,347,18,16,1,-1,-1,-1
153,259,813,288,19,29,1,-1,-1,-1
153,261,726,597,22,22,1,-1,-1,-1
153,262,712,612,25,11,1,-1,-1,-1
153,263,270,528,22,24,1,-1,-1,-1
153,265,846,385,24,22,1,-1,-1,-1
153,266,831,205,22,13,1,-1,-1,-1
154,15,209,174,24,21,1,-1,-1,-1
154,19,280,211,22,23,1,-1,-1,-1
154,21,811,514,22,19,1,-1,-1,-1
154,23,812,534,21,21,1,-1,-1,-1
154,25,833,553,22,23,1,-1,-1,-1
154,26,639,596,21,18,1,-1,-1,-1
154,33,312,449,27,24,1,-1,-1,-1
154,34,716,619,23,25,1,-1,-1,-1
154,36,325,514,22,23,1,-1,-1,-1
154,37,565,618,23,21,1,-1,-1,-1
154,39,310,539,24,21,1,-1,-1,-1
154,40,381,594,22,23,1,-1,-1,-1
154,41,615,631,22,24,1,-1,-1,-1
154,42,416,609,22,25,1,-1,-1,-1
154,43,543,628,23,23,1,-1,-1,-1
154,44,758,626,26,23,1,-1,-1,-1
154,51,756,174,17,29,1,-1,-1,-1
154,99,759,118,17,17,1,-1,-1,-1
154,128,233,118,22,23,1,-1,-1,-1
154,155,316,392,22,24,1,-1,-1,-1
154,176,209,119,23,26,1,-1,-1,-1
154,196,819,247,23,22,1,-1,-1,-1
154,206,586,612,24,21,1,-1,-1,-1
154,220,293,152,24,23,1,-1,-1,-1
154,230,291,544,20,21,1,-1,-1,-1
154,231,349,611,22,22,1,-1,-1,-1
154,236,820,356,25,27,1,-1,-1,-1
154,237,842,364,22,24,1,-1,-1,-1
154,238,298,508,21,19,1,-1,-1,-1
154,239,757,135,18,38,1,-1,-1,-1
154,241,827,265,26,28,1,-1,-1,-1
154,251,805,376,15,26,1,-1,-1,-1
154,253,275,279,21,20,1,-1,-1,-1
154,255,822,224,25,23,1,-1,-1,-1
154,259,812,297,20,30,1,-1,-1,-1
154,261,726,604,20,14,1,-1,-1,-1
154,263,270,528,22,24,1,-1,-1,-1
154,265,846,387,23,22,1,-1,-1,-1
154,266,829,208,24,17,1,-1,-1,-1
155,15,209,173,23,22,1,-1,-1,-1
155,19,280,210,21,23,1,-1,-1,-1
155,21,810,514,23,21,1,-1,-1,-1
155,23,811,535,22,22,1,-1,-1,-1
155,25,833,554,22,22,1,-1,-1,-1
155,26,637,594,22,20,1,-1,-1,-1
155,33,312,448,27,24,1,-1,-1,-1
155,34,715,622,23,22,1,-1,-1,-1
155,36,325,513,22,24,1,-1,-1,-1
155,37,564,618,22,21,1,-1,-1,-1
155,39,311,538,23,21,1,-1,-1,-1
155,40,380,594,22,23,1,-1,-1,-1
155,41,614,631,21,24,1,-1,-1,-1
155,42,414,609,23,24,1,-1,-1,-1
155,43,542,628,24,23,1,-1,-1,-1
155,44,758,626,25,22,1,-1,-1,-1
155,51,755,174,18,37,1,-1,-1,-1
155,99,759,109,19,26,1,-1,-1,-1
155,128,231,118,23,23,1,-1,-1,-1
155,155,316,391,22,24,1,-1,-1,-1
155,176,208,118,23,26,1,-1,-1,-1
155,196,820,248,22,22,1,-1,-1,-1
155,206,583,611,23,22,1,-1,-1,-1
155,220,293,151,24,23,1,-1,-1,-1
155,230,290,537,20,24,1,-1,-1,-1
155,231,348,611,22,22,1,-1,-1,-1
155,236,820,361,25,24,1,-1,-1,-1
155,237,843,364,21,23,1,-1,-1,-1
155,238,297,499,21,22,1,-1,-1,-1
155,239,756,135,19,39,1,-1,-1,-1
155,241,829,270,23,25,1,-1,-1,-1
155,251,804,385,15,25,1,-1,-1,-1
155,253,275,278,20,19,1,-1,-1,-1
155,255,822,227,25,21,1,-1,-1,-1
155,259,811,309,21,27,1,-1,-1,-1
155,261,724,603,21,16,1,-1,-1,-1
155,263,270,528,21,24,1,-1,-1,-1
155,266,829,213,24,17,1,-1,-1,-1
156,15,208,172,24,23,1,-1,-1,-1
156,19,280,209,21,23,1,-1,-1,-1
156,21,810,516,22,19,1,-1,-1,-1
156,23,811,536,22,21,1,-1,-1,-1
156,25,833,554,21,23,1,-1,-1,-1
156,26,636,596,20,18,1,-1,-1,-1
156,33,312,447,27,24,1,-1,-1,-1
156,34,713,622,23,22,1,-1,-1,-1
156,36,325,512,22,23,1,-1,-1,-1
156,37,561,618,23,22,1,-1,-1,-1
156,39,310,537,23,21,1,-1,-1,-1
156,40,379,593,21,23,1,-1,-1,-1
156,41,612,631,22,24,1,-1,-1,-1
156,42,413,608,22,25,1,-1,-1,-1
156,43,541,628,23,23,1,-1,-1,-1
156,44,758,626,25,22,1,-1,-1,-1
156,128,230,117,22,22,1,-1,-1,-1
156,155,316,390,22,24,1,-1,-1,-1
156,176,207,118,23,26,1,-1,-1,-1
156,196,819,250,23,21,1,-1,-1,-1
156,206,579,610,21,22,1,-1,-1,-1
156,220,293,151,23,22,1,-1,-1,-1
156,230,290,533,20,23,1,-1,-1,-1
156,231,347,610,22,23,1,-1,-1,-1
156,236,820,363,24,33,1,-1,-1,-1
156,237,844,364,20,23,1,-1,-1,-1
156,238,297,492,21,23,1,-1,-1,-1
156,239,757,135,18,38,1,-1,-1,-1
156,251,805,396,12,17,1,-1,-1,-1
156,253,274,277,21,19,1,-1,-1,-1
156,255,821,230,26,20,1,-1,-1,-1
156,259,811,317,20,28,1,-1,-1,-1
156,262,692,617,26,12,1,-1,-1,-1
156,263,270,528,22,24,1,-1,-1,-1
156,266,827,217,24,19,1,-1,-1,-1
157,15,207,172,24,22,1,-1,-1,-1
157,19,280,208,21,22,1,-1,-1,-1
157,21,810,517,22,19,1,-1,-1,-1
157,23,811,537,22,21,1,-1,-1,-1
157,25,833,555,22,22,1,-1,-1,-1
157,33,313,445,26,24,1,-1,-1,-1
157,34,712,622,23,22,1,-1,-1,-1
157,36,324,510,22,24,1,-1,-1,-1
157,37,559,618,23,22,1,-1,-1,-1
157,39,309,536,24,21,1,-1,-1,-1
157,40,378,593,21,23,1,-1,-1,-1
157,41,611,631,21,24,1,-1,-1,-1
157,42,411,608,22,25,1,-1,-1,-1
157,43,540,628,23,23,1,-1,-1,-1
157,44,758,626,25,22,1,-1,-1,-1
157,51,755,174,18,40,1,-1,-1,-1
157,99,759,109,19,26,1,-1,-1,-1
157,128,229,116,22,23,1,-1,-1,-1
157,155,316,389,22,24,1,-1,-1,-1
157,176,206,117,22,26,1,-1,-1,-1
157,196,819,251,23,21,1,-1,-1,-1
157,206,575,610,20,20,1,-1,-1,-1
157,220,293,150,23,23,1,-1,-1,-1
157,230,291,529,19,22,1,-1,-1,-1
157,231,347,610,22,22,1,-1,-1,-1
157,236,820,365,23,22,1,-1,-1,-1
157,237,844,364,20,23,1,-1,-1,-1
157,238,298,486,20,23,1,-1,-1,-1
157,239,756,135,19,39,1,-1,-1,-1
157,253,274,275,21,19,1,-1,-1,-1
157,255,821,224,29,27,1,-1,-1,-1
157,259,811,327,19,30,1,-1,-1,-1
157,261,717,600,25,20,1,-1,-1,-1
157,262,685,617,28,12,1,-1,-1,-1
157,263,270,528,20,24,1,-1,-1,-1
157,267,821,387,19,18,1,-1,-1,-1
158,15,205,172,25,23,1,-1,-1,-1
158,19,280,207,21,22,1,-1,-1,-1
158,21,810,517,22,20,1,-1,-1,-1
158,23,811,538,22,21,1,-1,-1,-1
158,25,833,555,22,23,1,-1,-1,-1
158,33,312,444,27,24,1,-1,-1,-1
158,34,711,622,23,22,1,-1,-1,-1
158,36,324,509,22,23,1,-1,-1,-1
158,39,308,535,24,22,1,-1,-1,-1
158,40,376,593,22,23,1,-1,-1,-1
158,41,611,632,19,22,1,-1,-1,-1
158,42,409,608,23,25,1,-1,-1,-1
158,44,758,626,25,22,1,-1,-1,-1
158,51,756,174,17,29,1,-1,-1,-1
158,99,759,119,17,16,1,-1,-1,-1
158,128,228,115,21,23,1,-1,-1,-1
158,155,316,389,22,23,1,-1,-1,-1
158,176,205,117,22,26,1,-1,-1,-1
158,196,819,252,23,22,1,-1,-1,-1
158,220,293,150,22,22,1,-1,-1,-1
158,230,289,524,20,21,1,-1,-1,-1
158,231,346,609,22,23,1,-1,-1,-1
158,236,820,366,23,24,1,-1,-1,-1
158,237,843,364,21,22,1,-1,-1,-1
158,238,297,478,20,22,1,-1,-1,-1
158,253,274,274,21,19,1,-1,-1,-1
158,255,821,230,29,22,1,-1,-1,-1
158,259,810,338,20,27,1,-1,-1,-1
158,261,709,594,32,26,1,-1,-1,-1
158,262,679,618,27,11,1,-1,-1,-1
158,263,270,529,21,23,1,-1,-1,-1
158,267,822,394,17,18,1,-1,-1,-1
158,268,757,135,18,23,1,-1,-1,-1
158,269,756,158,16,16,1,-1,-1,-1
158,270,828,301,21,17,1,-1,-1,-1
158,271,738,592,24,25,1,-1,-1,-1
159,15,205,171,24,23,1,-1,-1,-1
159,19,279,205,21,23,1,-1,-1,-1
159,21,809,518,23,20,1,-1,-1,-1
159,23,811,539,22,21,1,-1,-1,-1
159,25,833,556,22,23,1,-1,-1,-1
159,33,312,443,26,24,1,-1,-1,-1
159,34,709,622,23,23,1,-1,-1,-1
159,36,324,508,22,23,1,-1,-1,-1
159,39,308,535,24,21,1,-1,-1,-1
159,40,375,592,22,23,1,-1,-1,-1
159,41,608,632,21,23,1,-1,-1,-1
159,42,408,608,22,24,1,-1,-1,-1
159,44,758,626,25,22,1,-1,-1,-1
159,51,756,174,17,30,1,-1,-1,-1
159,99,759,119,17,16,1,-1,-1,-1
159,128,225,115,23,22,1,-1,-1,-1
159,155,316,387,22,24,1,-1,-1,-1
159,176,203,117,22,26,1,-1,-1,-1
159,196,820,254,21,21,1,-1,-1,-1
159,220,292,149,23,23,1,-1,-1,-1
159,230,289,518,20,23,1,-1,-1,-1
159,231,345,609,23,23,1,-1,-1,-1
159,236,820,368,23,23,1,-1,-1,-1
159,237,843,364,21,22,1,-1,-1,-1
159,238,296,469,21,22,1,-1,-1,-1
159,253,274,272,21,20,1,-1,-1,-1
159,255,821,233,27,21,1,-1,-1,-1
159,259,810,346,19,27,1,-1,-1,-1
159,261,719,603,19,18,1,-1,-1,-1
159,262,672,618,27,12,1,-1,-1,-1
159,263,270,528,22,24,1,-1,-1,-1
159,267,822,403,17,18,1,-1,-1,-1
159,268,757,135,18,21,1,-1,-1,-1
159,269,757,157,15,16,1,-1,-1,-1
159,270,828,307,21,20,1,-1,-1,-1
159,272,992,102,27,24,1,-1,-1,-1
159,273,962,130,26,23,1,-1,-1,-1
159,274,923,133,25,24,1,-1,-1,-1
159,275,1052,137,25,20,1,-1,-1,-1
159,276,804,422,10,23,1,-1,-1,-1
160,15,205,170,24,24,1,-1,-1,-1
160,19,279,204,21,23,1,-1,-1,-1
160,21,809,519,23,20,1,-1,-1,-1
160,23,811,540,21,21,1,-1,-1,-1
160,25,833,557,21,23,1,-1,-1,-1
160,26,628,595,20,19,1,-1,-1,-1
160,33,312,442,26,23,1,-1,-1,-1
160,34,708,623,23,22,1,-1,-1,-1
160,36,323,507,22,23,1,-1,-1,-1
160,37,553,617,24,22,1,-1,-1,-1
160,39,308,534,24,21,1,-1,-1,-1
160,40,374,592,22,23,1,-1,-1,-1
160,41,607,632,21,23,1,-1,-1,-1
160,42,407,608,21,24,1,-1,-1,-1
160,43,536,628,23,24,1,-1,-1,-1
160,44,758,626,25,22,1,-1,-1,-1
160,51,756,174,17,28,1,-1,-1,-1
160,99,759,119,17,16,1,-1,-1,-1
160,128,224,114,22,22,1,-1,-1,-1
160,155,316,387,21,23,1,-1,-1,-1
160,176,202,116,22,27,1,-1,-1,-1
160,220,292,148,23,23,1,-1,-1,-1
160,230,288,515,21,18,1,-1,-1,-1
160,231,345,609,22,22,1,-1,-1,-1
160,236,820,370,24,22,1,-1,-1,-1
160,237,843,364,21,22,1,-1,-1,-1
160,238,295,463,20,20,1,-1,-1,-1
160,253,274,271,20,19,1,-1,-1,-1
160,259,809,355,18,24,1,-1,-1,-1
160,261,718,606,19,15,1,-1,-1,-1
160,262,664,618,28,14,1,-1,-1,-1
160,263,271,529,20,22,1,-1,-1,-1
160,267,822,412,16,19,1,-1,-1,-1
160,268,757,135,18,21,1,-1,-1,-1
160,269,757,156,15,18,1,-1,-1,-1
160,270,829,312,20,25,1,-1,-1,-1
160,276,804,431,12,25,1,-1,-1,-1
161,15,204,170,25,24,1,-1,-1,-1
161,19,279,203,21,23,1,-1,-1,-1
161,21,809,520,22,20,1,-1,-1,-1
161,23,810,541,22,21,1,-1,-1,-1
161,25,833,558,21,22,1,-1,-1,-1
161,26,626,593,21,21,1,-1,-1,-1
161,33,312,440,26,24,1,-1,-1,-1
161,34,706,623,24,22,1,-1,-1,-1
161,36,323,506,22,23,1,-1,-1,-1
161,37,551,616,24,23,1,-1,-1,-1
161,39,307,533,25,21,1,-1,-1,-1
161,40,373,592,22,22,1,-1,-1,-1
161,41,605,631,22,24,1,-1,-1,-1
161,42,405,607,22,25,1,-1,-1,-1
161,43,534,628,23,24,1,-1,-1,-1
161,44,758,626,25,22,1,-1,-1,-1
161,99,759,119,17,16,1,-1,-1,-1
161,128,223,113,22,23,1,-1,-1,-1
161,155,316,386,21,23,1,-1,-1,-1
161,176,201,116,22,26,1,-1,-1,-1
161,220,292,148,23,22,1,-1,-1,-1
161,230,289,507,19,23,1,-1,-1,-1
161,231,344,609,22,22,1,-1,-1,-1
161,238,295,454,19,21,1,-1,-1,-1
161,261,716,605,20,18,1,-1,-1,-1
161,262,657,617,28,16,1,-1,-1,-1
161,263,270,528,21,24,1,-1,-1,-1
161,267,822,423,16,17,1,-1,-1,-1
161,268,757,135,18,38,1,-1,-1,-1
161,273,947,132,25,25,1,-1,-1,-1
161,274,920,133,26,25,1,-1,-1,-1
161,276,804,440,13,24,1,-1,-1,-1
162,15,203,170,25,24,1,-1,-1,-1
162,19,279,202,21,22,1,-1,-1,-1
162,26,624,593,22,21,1,-1,-1,-1
162,33,312,439,26,24,1,-1,-1,-1
162,34,705,625,23,20,1,-1,-1,-1
162,36,323,504,22,24,1,-1,-1,-1
162,37,551,617,22,22,1,-1,-1,-1
162,39,307,532,24,21,1,-1,-1,-1
162,40,372,590,22,24,1,-1,-1,-1
162,41,604,631,21,24,1,-1,-1,-1
162,42,404,607,21,25,1,-1,-1,-1
162,43,533,629,23,23,1,-1,-1,-1
162,44,758,626,25,22,1,-1,-1,-1
162,51,755,174,18,39,1,-1,-1,-1
162,99,759,118,17,17,1,-1,-1,-1
162,128,221,112,22,23,1,-1,-1,-1
162,155,316,385,21,24,1,-1,-1,-1
162,176,199,116,23,26,1,-1,-1,-1
162,220,292,147,24,23,1,-1,-1,-1
162,230,288,502,20,23,1,-1,-1,-1
162,231,344,608,21,22,1,-1,-1,-1
162,236,822,373,22,23,1,-1,-1,-1
162,237,841,364,22,22,1,-1,-1,-1
162,238,294,447,20,20,1,-1,-1,-1
162,259,809,377,15,23,1,-1,-1,-1
162,261,714,605,21,17,1,-1,-1,-1
162,262,651,617,25,17,1,-1,-1,-1
162,263,270,528,21,24,1,-1,-1,-1
162,267,821,433,17,17,1,-1,-1,-1
162,268,756,135,19,39,1,-1,-1,-1
162,270,829,326,18,30,1,-1,-1,-1
162,277,683,603,21,16,1,-1,-1,-1
163,15,203,169,24,25,1,-1,-1,-1
163,19,278,201,22,22,1,-1,-1,-1
163,26,622,596,21,18,1,-1,-1,-1
163,33,313,437,25,25,1,-1,-1,-1
163,34,704,624,23,21,1,-1,-1,-1
163,36,323,503,22,23,1,-1,-1,-1
163,37,549,617,23,21,1,-1,-1,-1
163,39,307,531,24,21,1,-1,-1,-1
163,40,371,590,22,23,1,-1,-1,-1
163,41,602,631,22,24,1,-1,-1,-1
163,42,402,607,22,24,1,-1,-1,-1
163,43,531,628,23,24,1,-1,-1,-1
163,44,758,626,25,22,1,-1,-1,-1
163,99,759,119,17,16,1,-1,-1,-1
163,128,220,112,22,22,1,-1,-1,-1
163,155,316,384,22,23,1,-1,-1,-1
163,176,198,115,22,27,1,-1,-1,-1
163,220,291,146,24,23,1,-1,-1,-1
163,230,289,499,18,19,1,-1,-1,-1
163,231,343,608,22,22,1,-1,-1,-1
163,236,820,374,24,23,1,-1,-1,-1
163,237,842,364,21,22,1,-1,-1,-1
163,259,809,386,16,20,1,-1,-1,-1
163,261,713,606,21,16,1,-1,-1,-1
163,262,643,617,25,18,1,-1,-1,-1
163,263,270,529,21,23,1,-1,-1,-1
163,268,757,135,18,23,1,-1,-1,-1
163,270,830,335,16,29,1,-1,-1,-1
163,278,524,613,22,17,1,-1,-1,-1
164,15,202,168,24,26,1,-1,-1,-1
164,19,278,199,21,23,1,-1,-1,-1
164,21,809,523,22,20,1,-1,-1,-1
164,23,809,544,23,21,1,-1,-1,-1
164,25,832,559,22,23,1,-1,-1,-1
164,26,620,597,21,17,1,-1,-1,-1
164,33,312,436,26,24,1,-1,-1,-1
164,34,702,622,24,23,1,-1,-1,-1
164,36,322,502,23,23,1,-1,-1,-1
164,37,548,616,22,22,1,-1,-1,-1
164,39,306,529,25,22,1,-1,-1,-1
164,40,369,589,22,23,1,-1,-1,-1
164,41,601,631,22,24,1,-1,-1,-1
164,42,401,607,21,24,1,-1,-1,-1
164,43,530,629,23,24,1,-1,-1,-1
164,44,758,626,25,22,1,-1,-1,-1
164,51,756,174,17,27,1,-1,-1,-1
164,99,759,119,17,16,1,-1,-1,-1
164,128,218,111,23,23,1,-1,-1,-1
164,155,316,382,21,24,1,-1,-1,-1
164,176,197,114,22,27,1,-1,-1,-1
164,220,291,146,24,23,1,-1,-1,-1
164,230,288,491,18,23,1,-1,-1,-1
164,231,342,607,22,23,1,-1,-1,-1
164,236,821,377,22,21,1,-1,-1,-1
164,261,712,605,20,17,1,-1,-1,-1
164,262,634,618,27,19,1,-1,-1,-1
164,263,270,528,22,24,1,-1,-1,-1
164,268,757,141,18,16,1,-1,-1,-1
164,269,756,157,16,16,1,-1,-1,-1
164,270,831,346,13,24,1,-1,-1,-1
164,277,669,605,24,16,1,-1,-1,-1
164,279,763,109,15,11,1,-1,-1,-1
164,280,691,610,22,21,1,-1,-1,-1
165,15,202,168,24,25,1,-1,-1,-1
165,19,277,198,22,23,1,-1,-1,-1
165,21,808,524,23,20,1,-1,-1,-1
165,23,810,544,22,22,1,-1,-1,-1
165,25,832,560,22,23,1,-1,-1,-1
165,26,618,595,21,19,1,-1,-1,-1
165,33,312,434,26,25,1,-1,-1,-1
165,34,701,623,23,22,1,-1,-1,-1
165,36,322,500,23,24,1,-1,-1,-1
165,37,546,616,22,22,1,-1,-1,-1
165,39,306,528,24,22,1,-1,-1,-1
165,40,368,588,22,24,1,-1,-1,-1
165,41,600,631,21,24,1,-1,-1,-1
165,42,399,606,22,25,1,-1,-1,-1
165,43,529,629,23,24,1,-1,-1,-1
165,44,758,626,25,22,1,-1,-1,-1
165,99,758,119,18,16,1,-1,-1,-1
165,128,217,110,22,23,1,-1,-1,-1
165,155,316,382,22,23,1,-1,-1,-1
165,176,196,114,21,27,1,-1,-1,-1
165,220,291,145,24,23,1,-1,-1,-1
165,230,289,486,16,23,1,-1,-1,-1
165,231,341,607,23,23,1,-1,-1,-1
165,236,821,378,23,22,1,-1,-1,-1
165,237,843,365,19,20,1,-1,-1,-1
165,261,710,604,21,19,1,-1,-1,-1
165,262,625,619,28,18,1,-1,-1,-1
165,263,270,528,22,24,1,-1,-1,-1
165,268,756,135,19,23,1,-1,-1,-1
165,270,830,353,12,24,1,-1,-1,-1
165,277,661,604,25,17,1,-1,-1,-1
165,278,507,613,22,17,1,-1,-1,-1
165,280,682,610,25,22,1,-1,-1,-1
165,281,273,265,21,19,1,-1,-1,-1
165,282,296,424,17,17,1,-1,-1,-1
166,15,201,168,24,26,1,-1,-1,-1
166,19,277,196,22,24,1,-1,-1,-1
166,21,808,525,23,20,1,-1,-1,-1
166,23,809,545,22,22,1,-1,-1,-1
166,25,832,561,22,22,1,-1,-1,-1
166,26,615,593,22,21,1,-1,-1,-1
166,33,312,433,25,25,1,-1,-1,-1
166,34,699,623,24,23,1,-1,-1,-1
166,36,322,499,23,23,1,-1,-1,-1
166,37,544,616,23,22,1,-1,-1,-1
166,39,305,527,24,22,1,-1,-1,-1
166,40,366,588,22,23,1,-1,-1,-1
166,41,598,631,21,24,1,-1,-1,-1
166,42,397,606,22,25,1,-1,-1,-1
166,43,527,629,23,24,1,-1,-1,-1
166,44,758,626,25,22,1,-1,-1,-1
166,128,216,110,22,23,1,-1,-1,-1
166,155,316,380,22,24,1,-1,-1,-1
166,176,195,113,21,27,1,-1,-1,-1
166,220,291,145,24,23,1,-1,-1,-1
166,231,340,606,23,23,1,-1,-1,-1
166,261,709,604,21,19,1,-1,-1,-1
166,262,616,619,30,18,1,-1,-1,-1
166,263,270,528,21,24,1,-1,-1,-1
166,268,756,135,19,38,1,-1,-1,-1
166,270,829,362,11,22,1,-1,-1,-1
166,277,654,603,25,19,1,-1,-1,-1
166,280,676,610,26,23,1,-1,-1,-1
166,281,273,263,21,19,1,-1,-1,-1
166,282,293,414,20,19,1,-1,-1,-1
166,283,821,242,25,23,1,-1,-1,-1
166,284,818,265,27,31,1,-1,-1,-1
166,285,225,419,18,81,1,-1,-1,-1
167,15,201,167,24,26,1,-1,-1,-1
167,19,276,195,23,23,1,-1,-1,-1
167,21,808,526,23,20,1,-1,-1,-1
167,23,809,546,22,22,1,-1,-1,-1
167,25,831,561,22,23,1,-1,-1,-1
167,26,613,593,22,21,1,-1,-1,-1
167,33,312,431,26,26,1,-1,-1,-1
167,34,698,623,23,23,1,-1,-1,-1
167,36,322,498,22,23,1,-1,-1,-1
167,37,543,616,22,22,1,-1,-1,-1
167,39,305,525,24,24,1,-1,-1,-1
167,40,365,588,22,22,1,-1,-1,-1
167,41,596,631,22,24,1,-1,-1,-1
167,42,395,606,23,24,1,-1,-1,-1
167,43,526,629,23,24,1,-1,-1,-1
167,44,758,626,25,22,1,-1,-1,-1
167,51,755,174,18,29,1,-1,-1,-1
167,99,759,119,17,16,1,-1,-1,-1
167,128,214,109,22,23,1,-1,-1,-1
167,155,315,379,23,25,1,-1,-1,-1
167,176,193,113,22,26,1,-1,-1,-1
167,220,290,144,24,24,1,-1,-1,-1
167,231,340,606,22,23,1,-1,-1,-1
167,261,708,604,21,19,1,-1,-1,-1
167,262,609,619,28,18,1,-1,-1,-1
167,263,270,528,22,24,1,-1,-1,-1
167,268,756,135,19,38,1,-1,-1,-1
167,277,646,604,26,18,1,-1,-1,-1
167,278,486,611,23,19,1,-1,-1,-1
167,280,669,611,22,24,1,-1,-1,-1
167,281,273,262,21,18,1,-1,-1,-1
167,283,821,244,25,23,1,-1,-1,-1
167,284,818,266,22,21,1,-1,-1,-1
168,15,200,167,24,22,1,-1,-1,-1
168,19,276,194,22,23,1,-1,-1,-1
168,21,808,527,22,20,1,-1,-1,-1
168,23,809,547,22,22,1,-1,-1,-1
168,25,831,562,23,23,1,-1,-1,-1
168,26,610,591,24,24,1,-1,-1,-1
168,33,312,430,25,25,1,-1,-1,-1
168,34,697,622,23,24,1,-1,-1,-1
168,36,321,497,23,23,1,-1,-1,-1
168,37,541,616,23,21,1,-1,-1,-1
168,39,305,524,24,25,1,-1,-1,-1
168,40,364,587,22,23,1,-1,-1,-1
168,41,595,631,22,24,1,-1,-1,-1
168,42,394,605,22,25,1,-1,-1,-1
168,43,525,629,23,24,1,-1,-1,-1
168,44,758,626,25,22,1,-1,-1,-1
168,99,759,119,17,16,1,-1,-1,-1
168,128,213,109,22,23,1,-1,-1,-1
168,155,315,378,23,24,1,-1,-1,-1
168,176,192,112,21,27,1,-1,-1,-1
168,220,290,144,24,23,1,-1,-1,-1
168,231,339,606,22,23,1,-1,-1,-1
168,236,820,382,25,23,1,-1,-1,-1
168,237,841,364,22,22,1,-1,-1,-1
168,261,706,604,22,20,1,-1,-1,-1
168,262,602,619,27,18,1,-1,-1,-1
168,263,270,528,21,24,1,-1,-1,-1
168,268,756,135,19,39,1,-1,-1,-1
168,277,638,603,27,21,1,-1,-1,-1
168,280,660,612,25,23,1,-1,-1,-1
168,281,273,260,20,20,1,-1,-1,-1
168,283,821,245,25,23,1,-1,-1,-1
168,284,818,268,22,21,1,-1,-1,-1
168,286,821,295,23,16,1,-1,-1,-1
169,15,199,166,24,21,1,-1,-1,-1
169,19,276,193,22,23,1,-1,-1,-1
169,21,807,528,23,19,1,-1,-1,-1
169,23,809,548,21,22,1,-1,-1,-1
169,25,831,563,22,22,1,-1,-1,-1
169,33,312,429,25,25,1,-1,-1,-1
169,34,695,622,23,24,1,-1,-1,-1
169,36,321,496,23,23,1,-1,-1,-1
169,37,540,616,23,21,1,-1,-1,-1
169,39,305,524,24,24,1,-1,-1,-1
169,40,363,586,22,23,1,-1,-1,-1
169,41,594,631,21,24,1,-1,-1,-1
169,42,392,605,21,25,1,-1,-1,-1
169,43,523,629,23,24,1,-1,-1,-1
169,44,758,626,26,22,1,-1,-1,-1
169,99,759,119,17,16,1,-1,-1,-1
169,128,211,108,22,23,1,-1,-1,-1
169,155,315,377,23,24,1,-1,-1,-1
169,176,191,112,21,27,1,-1,-1,-1
169,220,289,143,25,23,1,-1,-1,-1
169,231,339,605,22,23,1,-1,-1,-1
169,261,705,604,22,20,1,-1,-1,-1
169,263,270,528,21,24,1,-1,-1,-1
169,268,756,135,19,39,1,-1,-1,-1
169,277,631,606,23,18,1,-1,-1,-1
169,280,652,614,24,20,1,-1,-1,-1
169,283,821,247,25,22,1,-1,-1,-1
169,284,818,269,22,22,1,-1,-1,-1
170,15,198,166,24,20,1,-1,-1,-1
170,19,275,191,22,23,1,-1,-1,-1
170,21,807,528,23,21,1,-1,-1,-1
170,23,808,549,22,22,1,-1,-1,-1
170,25,831,563,22,23,1,-1,-1,-1
170,33,312,427,25,25,1,-1,-1,-1
170,34,694,622,22,24,1,-1,-1,-1
170,36,321,494,23,24,1,-1,-1,-1
170,37,538,616,23,21,1,-1,-1,-1
170,39,305,523,24,23,1,-1,-1,-1
170,40,362,586,22,23,1,-1,-1,-1
170,41,592,631,22,24,1,-1,-1,-1
170,42,390,605,21,24,1,-1,-1,-1
170,43,522,629,23,24,1,-1,-1,-1
170,44,758,626,25,22,1,-1,-1,-1
170,51,756,174,17,30,1,-1,-1,-1
170,99,759,109,19,26,1,-1,-1,-1
170,128,210,108,22,23,1,-1,-1,-1
170,155,316,377,21,23,1,-1,-1,-1
170,176,188,112,22,26,1,-1,-1,-1
170,220,288,142,26,24,1,-1,-1,-1
170,231,338,605,22,23,1,-1,-1,-1
170,236,828,398,7,22,1,-1,-1,-1
170,261,704,605,21,19,1,-1,-1,-1
170,262,580,618,26,20,1,-1,-1,-1
170,263,270,529,21,23,1,-1,-1,-1
170,268,756,135,19,39,1,-1,-1,-1
170,280,640,614,28,21,1,-1,-1,-1
170,281,273,258,20,19,1,-1,-1,-1
170,287,807,458,3,12,1,-1,-1,-1
170,288,846,474,8,24,1,-1,-1,-1
170,289,341,536,12,21,1,-1,-1,-1
171,15,197,165,25,21,1,-1,-1,-1
171,19,275,190,22,23,1,-1,-1,-1
171,21,806,530,24,19,1,-1,-1,-1
171,23,808,550,22,22,1,-1,-1,-1
171,25,831,564,22,22,1,-1,-1,-1
171,33,312,426,25,25,1,-1,-1,-1
171,34,692,623,23,23,1,-1,-1,-1
171,36,321,493,23,24,1,-1,-1,-1
171,37,537,616,23,21,1,-1,-1,-1
171,39,304,521,24,22,1,-1,-1,-1
171,40,361,585,22,23,1,-1,-1,-1
171,41,591,631,22,24,1,-1,-1,-1
171,42,389,605,20,24,1,-1,-1,-1
171,43,520,629,24,24,1,-1,-1,-1
171,44,758,626,25,22,1,-1,-1,-1
171,51,756,174,17,28,1,-1,-1,-1
171,99,759,118,17,17,1,-1,-1,-1
171,128,209,108,22,23,1,-1,-1,-1
171,155,316,375,22,24,1,-1,-1,-1
171,176,187,111,22,27,1,-1,-1,-1
171,220,288,142,25,23,1,-1,-1,-1
171,231,337,605,23,22,1,-1,-1,-1
171,261,702,605,22,20,1,-1,-1,-1
171,262,574,618,23,22,1,-1,-1,-1
171,263,270,529,21,23,1,-1,-1,-1
171,268,756,135,19,39,1,-1,-1,-1
171,280,619,614,43,23,1,-1,-1,-1
171,283,820,249,26,23,1,-1,-1,-1
171,284,817,272,23,22,1,-1,-1,-1
171,289,338,530,17,21,1,-1,-1,-1
171,290,888,116,23,26,1,-1,-1,-1
171,291,903,138,27,29,1,-1,-1,-1
171,292,815,511,5,14,1,-1,-1,-1
171,293,793,530,8,16,1,-1,-1,-1
171,294,796,532,10,21,1,-1,-1,-1
172,15,196,165,25,20,1,-1,-1,-1
172,19,275,189,22,23,1,-1,-1,-1
172,21,806,518,26,32,1,-1,-1,-1
172,23,808,551,22,22,1,-1,-1,-1
172,25,831,565,22,22,1,-1,-1,-1
172,26,610,611,22,18,1,-1,-1,-1
172,33,312,425,25,25,1,-1,-1,-1
172,34,691,623,22,23,1,-1,-1,-1
172,36,321,492,23,23,1,-1,-1,-1
172,37,535,616,23,21,1,-1,-1,-1
172,39,304,521,24,20,1,-1,-1,-1
172,40,360,585,21,22,1,-1,-1,-1
172,41,590,632,21,23,1,-1,-1,-1
172,42,387,604,21,25,1,-1,-1,-1
172,43,519,629,23,24,1,-1,-1,-1
172,44,758,626,25,22,1,-1,-1,-1
172,51,755,174,18,38,1,-1,-1,-1
172,99,759,109,19,26,1,-1,-1,-1
172,128,208,108,22,23,1,-1,-1,-1
172,155,315,374,23,25,1,-1,-1,-1
172,176,186,111,21,27,1,-1,-1,-1
172,220,287,141,26,23,1,-1,-1,-1
172,231,337,604,22,23,1,-1,-1,-1
172,236,828,415,6,23,1,-1,-1,-1
172,237,841,364,21,22,1,-1,-1,-1
172,261,701,605,21,20,1,-1,-1,-1
172,262,564,619,28,21,1,-1,-1,-1
172,263,270,528,21,24,1,-1,-1,-1
172,268,756,135,19,38,1,-1,-1,-1
172,280,627,615,27,22,1,-1,-1,-1
172,283,820,251,27,23,1,-1,-1,-1
172,284,817,274,23,22,1,-1,-1,-1
172,289,336,523,15,22,1,-1,-1,-1
172,291,903,139,25,26,1,-1,-1,-1
172,294,791,538,13,22,1,-1,-1,-1
173,15,195,164,25,21,1,-1,-1,-1
173,19,274,187,23,24,1,-1,-1,-1
173,26,600,613,24,16,1,-1,-1,-1
173,33,312,423,25,25,1,-1,-1,-1
173,34,689,624,23,22,1,-1,-1,-1
173,36,321,491,23,23,1,-1,-1,-1
173,37,534,615,22,22,1,-1,-1,-1
173,39,304,520,24,20,1,-1,-1,-1
173,40,359,584,22,23,1,-1,-1,-1
173,41,588,632,22,23,1,-1,-1,-1
173,42,386,604,21,24,1,-1,-1,-1
173,43,517,629,24,24,1,-1,-1,-1
173,44,758,626,25,22,1,-1,-1,-1
173,51,755,174,18,39,1,-1,-1,-1
173,128,206,107,23,23,1,-1,-1,-1
173,155,315,373,23,25,1,-1,-1,-1
173,176,184,110,22,27,1,-1,-1,-1
173,220,287,141,26,22,1,-1,-1,-1
173,231,336,604,22,22,1,-1,-1,-1
173,236,827,426,5,22,1,-1,-1,-1
173,261,700,605,21,21,1,-1,-1,-1
173,262,555,620,23,20,1,-1,-1,-1
173,263,270,529,21,22,1,-1,-1,-1
173,268,756,134,19,40,1,-1,-1,-1
173,280,619,615,27,24,1,-1,-1,-1
173,281,272,254,20,20,1,-1,-1,-1
173,283,820,252,26,23,1,-1,-1,-1
173,284,817,275,23,22,1,-1,-1,-1
173,295,804,489,4,13,1,-1,-1,-1
173,296,600,596,19,18,1,-1,-1,-1
174,15,195,164,25,21,1,-1,-1,-1
174,19,274,186,23,24,1,-1,-1,-1
174,26,592,610,22,19,1,-1,-1,-1
174,33,312,422,25,25,1,-1,-1,-1
174,34,688,623,22,23,1,-1,-1,-1
174,36,320,490,24,23,1,-1,-1,-1
174,37,532,615,22,22,1,-1,-1,-1
174,39,304,519,24,20,1,-1,-1,-1
174,40,358,583,22,23,1,-1,-1,-1
174,41,587,632,21,23,1,-1,-1,-1
174,42,384,604,21,24,1,-1,-1,-1
174,43,516,629,23,24,1,-1,-1,-1
174,44,758,626,25,22,1,-1,-1,-1
174,51,755,174,18,39,1,-1,-1,-1
174,99,759,109,19,26,1,-1,-1,-1
174,128,205,106,22,24,1,-1,-1,-1
174,155,315,372,23,25,1,-1,-1,-1
174,176,183,110,22,27,1,-1,-1,-1
174,220,287,140,26,23,1,-1,-1,-1
174,231,335,604,22,22,1,-1,-1,-1
174,236,826,436,6,23,1,-1,-1,-1
174,237,841,364,22,22,1,-1,-1,-1
174,261,698,606,21,20,1,-1,-1,-1
174,262,549,620,18,20,1,-1,-1,-1
174,263,271,530,20,20,1,-1,-1,-1
174,268,756,135,19,39,1,-1,-1,-1
174,280,609,615,29,24,1,-1,-1,-1
174,283,820,254,25,22,1,-1,-1,-1
174,284,818,277,22,21,1,-1,-1,-1
174,295,803,496,4,15,1,-1,-1,-1
174,296,597,594,20,20,1,-1,-1,-1
174,297,818,332,23,24,1,-1,-1,-1
174,298,821,393,24,20,1,-1,-1,-1
175,15,193,163,26,23,1,-1,-1,-1
175,19,274,185,22,24,1,-1,-1,-1
175,26,583,608,22,21,1,-1,-1,-1
175,33,312,421,25,24,1,-1,-1,-1
175,34,686,624,23,23,1,-1,-1,-1
175,36,320,488,23,24,1,-1,-1,-1
175,37,530,615,27,22,1,-1,-1,-1
175,39,304,517,24,21,1,-1,-1,-1
175,40,357,582,21,23,1,-1,-1,-1
175,41,585,632,22,23,1,-1,-1,-1
175,42,382,603,22,24,1,-1,-1,-1
175,43,514,629,24,24,1,-1,-1,-1
175,44,758,626,25,22,1,-1,-1,-1
175,99,759,118,17,17,1,-1,-1,-1
175,128,204,106,22,23,1,-1,-1,-1
175,155,315,372,23,24,1,-1,-1,-1
175,176,181,109,22,28,1,-1,-1,-1
175,220,287,140,26,22,1,-1,-1,-1
175,231,334,603,23,23,1,-1,-1,-1
175,237,841,364,22,22,1,-1,-1,-1
175,261,697,606,21,20,1,-1,-1,-1
175,263,270,529,21,22,1,-1,-1,-1
175,268,756,135,19,39,1,-1,-1,-1
175,280,601,616,29,24,1,-1,-1,-1
175,281,272,251,20,20,1,-1,-1,-1
175,291,900,141,24,24,1,-1,-1,-1
175,297,818,341,22,22,1,-1,-1,-1
175,298,821,395,24,20,1,-1,-1,-1
175,299,945,142,23,21,1,-1,-1,-1
175,300,411,602,22,24,1,-1,-1,-1
176,15,193,163,25,22,1,-1,-1,-1
176,19,273,184,23,23,1,-1,-1,-1
176,26,575,608,21,21,1,-1,-1,-1
176,33,312,420,26,24,1,-1,-1,-1
176,34,684,624,23,23,1,-1,-1,-1
176,36,320,487,23,23,1,-1,-1,-1
176,37,528,615,24,21,1,-1,-1,-1
176,39,304,516,23,21,1,-1,-1,-1
176,40,356,581,21,24,1,-1,-1,-1
176,41,584,631,22,25,1,-1,-1,-1
176,42,380,603,22,24,1,-1,-1,-1
176,43,512,628,26,25,1,-1,-1,-1
176,44,758,626,25,22,1,-1,-1,-1
176,99,759,118,17,17,1,-1,-1,-1
176,128,203,106,22,23,1,-1,-1,-1
176,155,315,371,23,24,1,-1,-1,-1
176,176,180,108,21,28,1,-1,-1,-1
176,220,287,139,26,23,1,-1,-1,-1
176,231,334,603,22,22,1,-1,-1,-1
176,237,841,364,22,22,1,-1,-1,-1
176,261,695,606,21,21,1,-1,-1,-1
176,263,270,529,21,23,1,-1,-1,-1
176,268,756,135,19,39,1,-1,-1,-1
176,280,595,617,26,23,1,-1,-1,-1
176,281,272,251,20,19,1,-1,-1,-1
176,283,819,257,26,23,1,-1,-1,-1
176,284,817,280,23,21,1,-1,-1,-1
176,291,900,142,22,22,1,-1,-1,-1
176,297,818,347,22,25,1,-1,-1,-1
176,299,940,145,22,16,1,-1,-1,-1
176,300,405,602,17,23,1,-1,-1,-1
176,301,918,118,22,18,1,-1,-1,-1
177,15,192,162,25,21,1,-1,-1,-1
177,19,272,182,24,24,1,-1,-1,-1
177,26,565,608,25,20,1,-1,-1,-1
177,33,312,418,26,25,1,-1,-1,-1
177,34,683,625,22,22,1,-1,-1,-1
177,36,320,485,28,28,1,-1,-1,-1
177,37,526,615,23,21,1,-1,-1,-1
177,39,303,515,24,21,1,-1,-1,-1
177,40,354,581,22,23,1,-1,-1,-1
177,41,582,633,22,23,1,-1,-1,-1
177,42,379,602,19,24,1,-1,-1,-1
177,43,511,629,24,24,1,-1,-1,-1
177,44,758,626,25,22,1,-1,-1,-1
177,51,756,174,17,26,1,-1,-1,-1
177,99,759,119,17,16,1,-1,-1,-1
177,128,201,105,23,24,1,-1,-1,-1
177,155,315,370,23,24,1,-1,-1,-1
177,176,176,94,25,42,1,-1,-1,-1
177,220,287,138,26,23,1,-1,-1,-1
177,231,333,602,22,23,1,-1,-1,-1
177,237,841,364,22,22,1,-1,-1,-1
177,261,693,604,27,31,1,-1,-1,-1
177,263,270,529,21,23,1,-1,-1,-1
177,268,756,135,19,23,1,-1,-1,-1
177,280,586,616,24,22,1,-1,-1,-1
177,281,272,249,20,19,1,-1,-1,-1
177,297,817,354,22,26,1,-1,-1,-1
177,300,397,600,15,22,1,-1,-1,-1
177,302,796,522,20,21,1,-1,-1,-1
177,303,805,536,23,20,1,-1,-1,-1
177,304,807,557,21,21,1,-1,-1,-1
177,305,830,569,22,21,1,-1,-1,-1
177,306,861,191,8,15,1,-1,-1,-1
177,307,847,513,12,21,1,-1,-1,-1
178,15,191,162,25,22,1,-1,-1,-1
178,19,272,181,24,24,1,-1,-1,-1
178,26,555,609,25,18,1,-1,-1,-1
178,33,312,416,26,26,1,-1,-1,-1
178,34,681,623,24,24,1,-1,-1,-1
178,36,319,484,27,24,1,-1,-1,-1
178,37,525,614,23,22,1,-1,-1,-1
178,39,303,514,24,21,1,-1,-1,-1
178,40,354,580,21,23,1,-1,-1,-1
178,41,581,632,21,24,1,-1,-1,-1
178,42,377,602,23,24,1,-1,-1,-1
178,43,510,629,22,24,1,-1,-1,-1
178,44,758,626,25,22,1,-1,-1,-1
178,51,756,174,17,28,1,-1,-1,-1
178,99,759,119,17,16,1,-1,-1,-1
178,128,200,105,23,24,1,-1,-1,-1
178,155,315,369,23,24,1,-1,-1,-1
178,176,176,91,23,44,1,-1,-1,-1
178,220,286,138,26,23,1,-1,-1,-1
178,231,332,602,23,23,1,-1,-1,-1
178,237,841,364,22,22,1,-1,-1,-1
178,261,692,607,20,15,1,-1,-1,-1
178,263,269,528,22,24,1,-1,-1,-1
178,268,757,135,18,22,1,-1,-1,-1
178,281,271,248,21,20,1,-1,-1,-1
178,283,820,261,25,22,1,-1,-1,-1
178,284,817,283,22,21,1,-1,-1,-1
178,297,816,363,22,25,1,-1,-1,-1
178,303,804,538,24,19,1,-1,-1,-1
178,304,804,558,23,22,1,-1,-1,-1
178,305,830,569,22,22,1,-1,-1,-1
178,307,847,519,12,20,1,-1,-1,-1
178,308,756,157,16,17,1,-1,-1,-1
178,309,283,410,21,20,1,-1,-1,-1
179,15,191,161,25,22,1,-1,-1,-1
179,19,271,180,24,24,1,-1,-1,-1
179,26,546,609,28,19,1,-1,-1,-1
179,33,312,416,26,25,1,-1,-1,-1
179,34,680,625,22,22,1,-1,-1,-1
179,36,319,481,33,25,1,-1,-1,-1
179,37,524,614,22,22,1,-1,-1,-1
179,39,302,513,25,21,1,-1,-1,-1
179,40,353,579,21,23,1,-1,-1,-1
179,41,576,631,25,25,1,-1,-1,-1
179,42,375,601,22,25,1,-1,-1,-1
179,43,508,629,23,24,1,-1,-1,-1
179,44,758,626,25,22,1,-1,-1,-1
179,128,199,105,22,23,1,-1,-1,-1
179,155,315,368,23,24,1,-1,-1,-1
179,176,175,90,22,45,1,-1,-1,-1
179,220,286,137,26,23,1,-1,-1,-1
179,231,332,601,22,23,1,-1,-1,-1
179,237,841,364,22,22,1,-1,-1,-1
179,261,690,606,21,18,1,-1,-1,-1
179,263,270,528,21,24,1,-1,-1,-1
179,268,757,135,18,38,1,-1,-1,-1
179,281,271,246,22,21,1,-1,-1,-1
179,284,818,284,21,21,1,-1,-1,-1
179,297,816,369,22,26,1,-1,-1,-1
179,302,789,540,15,17,1,-1,-1,-1
179,303,804,539,24,20,1,-1,-1,-1
179,304,802,559,26,28,1,-1,-1,-1
179,305,830,570,22,22,1,-1,-1,-1
179,307,846,523,13,22,1,-1,-1,-1
179,309,282,404,22,22,1,-1,-1,-1
179,310,583,599,20,16,1,-1,-1,-1
179,311,501,616,22,22,1,-1,-1,-1
179,312,289,308,21,20,1,-1,-1,-1
180,15,190,161,25,21,1,-1,-1,-1
180,19,270,178,23,25,1,-1,-1,-1
180,26,539,609,24,18,1,-1,-1,-1
180,33,312,414,25,25,1,-1,-1,-1
180,34,677,625,23,22,1,-1,-1,-1
180,36,319,480,22,25,1,-1,-1,-1
180,37,521,614,23,21,1,-1,-1,-1
180,39,302,512,24,21,1,-1,-1,-1
180,40,352,579,21,22,1,-1,-1,-1
180,41,578,632,21,24,1,-1,-1,-1
180,42,372,601,23,24,1,-1,-1,-1
180,43,507,629,22,24,1,-1,-1,-1
180,44,758,626,25,22,1,-1,-1,-1
180,99,758,109,20,26,1,-1,-1,-1
180,128,198,105,22,23,1,-1,-1,-1
180,155,315,367,23,24,1,-1,-1,-1
180,176,174,92,23,43,1,-1,-1,-1
180,220,285,137,26,23,1,-1,-1,-1
180,231,331,601,23,22,1,-1,-1,-1
180,237,841,364,22,22,1,-1,-1,-1
180,261,688,606,21,21,1,-1,-1,-1
180,263,269,529,22,22,1,-1,-1,-1
180,268,756,135,19,38,1,-1,-1,-1
180,281,271,246,21,19,1,-1,-1,-1
180,284,817,286,22,21,1,-1,-1,-1
180,297,816,376,21,25,1,-1,-1,-1
180,303,804,540,23,20,1,-1,-1,-1
180,304,804,560,23,23,1,-1,-1,-1
180,305,830,571,21,22,1,-1,-1,-1
180,307,845,528,13,22,1,-1,-1,-1
180,310,581,599,20,16,1,-1,-1,-1
180,311,496,616,19,23,1,-1,-1,-1
180,312,288,301,20,20,1,-1,-1,-1
180,313,269,349,23,26,1,-1,-1,-1
180,314,329,475,18,21,1,-1,-1,-1
180,315,554,617,28,25,1,-1,-1,-1
181,15,189,160,25,22,1,-1,-1,-1
181,19,268,177,25,24,1,-1,-1,-1
181,33,312,413,25,25,1,-1,-1,-1
181,34,677,625,22,22,1,-1,-1,-1
181,36,319,480,21,23,1,-1,-1,-1
181,37,519,614,25,21,1,-1,-1,-1
181,39,302,511,24,21,1,-1,-1,-1
181,40,351,578,21,23,1,-1,-1,-1
181,41,575,632,23,24,1,-1,-1,-1
181,42,372,600,22,25,1,-1,-1,-1
181,43,505,628,22,25,1,-1,-1,-1
181,44,758,626,25,22,1,-1,-1,-1
181,128,197,104,22,24,1,-1,-1,-1
181,155,315,366,23,24,1,-1,-1,-1
181,176,171,92,24,43,1,-1,-1,-1
181,220,286,136,25,23,1,-1,-1,-1
181,231,330,601,23,22,1,-1,-1,-1
181,237,841,364,22,22,1,-1,-1,-1
181,261,686,604,22,23,1,-1,-1,-1
181,263,269,528,22,24,1,-1,-1,-1
181,297,816,383,21,24,1,-1,-1,-1
181,302,782,556,23,16,1,-1,-1,-1
181,303,803,541,24,20,1,-1,-1,-1
181,304,805,561,22,22,1,-1,-1,-1
181,305,829,572,23,21,1,-1,-1,-1
181,307,844,532,14,23,1,-1,-1,-1
181,310,579,598,19,17,1,-1,-1,-1
181,314,328,468,20,21,1,-1,-1,-1
181,315,544,618,27,23,1,-1,-1,-1
181,316,817,513,20,24,1,-1,-1,-1
181,317,796,577,18,20,1,-1,-1,-1
181,318,362,591,22,22,1,-1,-1,-1
181,319,744,593,24,20,1,-1,-1,-1
181,320,657,618,25,23,1,-1,-1,-1
182,15,188,160,25,21,1,-1,-1,-1
182,19,266,176,27,24,1,-1,-1,-1
182,33,312,412,25,25,1,-1,-1,-1
182,34,674,625,23,22,1,-1,-1,-1
182,36,319,478,22,23,1,-1,-1,-1
182,37,518,614,22,21,1,-1,-1,-1
182,39,302,509,23,22,1,-1,-1,-1
182,40,350,577,22,22,1,-1,-1,-1
182,41,574,631,22,25,1,-1,-1,-1
182,42,371,600,21,25,1,-1,-1,-1
182,43,503,628,23,25,1,-1,-1,-1
182,44,758,626,26,22,1,-1,-1,-1
182,128,195,104,23,24,1,-1,-1,-1
182,155,315,365,23,24,1,-1,-1,-1
182,220,285,136,26,23,1,-1,-1,-1
182,231,330,600,22,23,1,-1,-1,-1
182,237,841,364,22,22,1,-1,-1,-1
182,261,684,605,22,21,1,-1,-1,-1
182,263,270,529,21,22,1,-1,-1,-1
182,268,757,135,18,39,1,-1,-1,-1
182,297,815,390,21,21,1,-1,-1,-1
182,302,778,562,24,19,1,-1,-1,-1
182,303,803,541,23,21,1,-1,-1,-1
182,304,804,562,23,22,1,-1,-1,-1
182,305,829,572,23,22,1,-1,-1,-1
182,307,843,536,15,25,1,-1,-1,-1
182,309,281,383,23,22,1,-1,-1,-1
182,310,576,598,19,17,1,-1,-1,-1
182,313,268,348,25,28,1,-1,-1,-1
182,314,328,462,18,20,1,-1,-1,-1
182,315,537,618,25,24,1,-1,-1,-1
182,316,815,522,22,23,1,-1,-1,-1
182,317,792,582,20,23,1,-1,-1,-1
182,318,356,589,24,21,1,-1,-1,-1
182,320,646,619,29,22,1,-1,-1,-1
182,321,897,119,29,25,1,-1,-1,-1
182,322,892,144,23,25,1,-1,-1,-1
183,15,188,160,24,22,1,-1,-1,-1
183,19,265,175,27,24,1,-1,-1,-1
183,33,312,410,25,25,1,-1,-1,-1
183,34,673,625,23,22,1,-1,-1,-1
183,36,319,477,22,23,1,-1,-1,-1
183,37,515,613,27,23,1,-1,-1,-1
183,39,301,508,24,22,1,-1,-1,-1
183,40,348,576,23,23,1,-1,-1,-1
183,41,573,631,22,25,1,-1,-1,-1
183,42,369,600,22,24,1,-1,-1,-1
183,43,501,628,23,25,1,-1,-1,-1
183,44,758,626,26,22,1,-1,-1,-1
183,99,759,118,17,17,1,-1,-1,-1
183,128,193,103,23,25,1,-1,-1,-1
183,155,315,364,23,24,1,-1,-1,-1
183,176,168,95,24,39,1,-1,-1,-1
183,220,285,136,25,22,1,-1,-1,-1
183,231,329,600,23,22,1,-1,-1,-1
183,237,841,364,22,22,1,-1,-1,-1
183,261,683,605,22,21,1,-1,-1,-1
183,263,269,529,22,22,1,-1,-1,-1
183,268,756,135,19,39,1,-1,-1,-1
183,297,815,395,19,18,1,-1,-1,-1
183,302,775,568,23,20,1,-1,-1,-1
183,303,803,542,23,21,1,-1,-1,-1
183,304,804,563,22,22,1,-1,-1,-1
183,305,829,573,22,22,1,-1,-1,-1
183,307,842,541,17,24,1,-1,-1,-1
183,310,573,598,20,17,1,-1,-1,-1
183,314,328,457,18,19,1,-1,-1,-1
183,316,815,531,20,22,1,-1,-1,-1
183,317,790,588,19,22,1,-1,-1,-1
183,319,729,603,21,16,1,-1,-1,-1
183,323,756,174,17,26,1,-1,-1,-1
184,15,188,160,24,21,1,-1,-1,-1
184,19,265,174,27,24,1,-1,-1,-1
184,33,312,409,25,25,1,-1,-1,-1
184,34,671,625,23,22,1,-1,-1,-1
184,36,318,475,23,24,1,-1,-1,-1
184,37,514,611,23,24,1,-1,-1,-1
184,39,301,507,24,21,1,-1,-1,-1
184,40,348,576,21,23,1,-1,-1,-1
184,41,571,632,22,24,1,-1,-1,-1
184,42,368,599,21,25,1,-1,-1,-1
184,43,499,628,24,24,1,-1,-1,-1
184,44,758,626,25,22,1,-1,-1,-1
184,99,759,119,17,16,1,-1,-1,-1
184,128,192,103,23,24,1,-1,-1,-1
184,155,315,363,22,24,1,-1,-1,-1
184,220,285,135,25,23,1,-1,-1,-1
184,231,328,599,23,22,1,-1,-1,-1
184,237,841,364,22,22,1,-1,-1,-1
184,261,681,605,23,22,1,-1,-1,-1
184,263,270,529,20,22,1,-1,-1,-1
184,284,817,291,22,22,1,-1,-1,-1
184,302,769,575,25,19,1,-1,-1,-1
184,303,802,543,23,21,1,-1,-1,-1
184,304,804,564,22,22,1,-1,-1,-1
184,305,829,573,23,23,1,-1,-1,-1
184,307,840,546,19,25,1,-1,-1,-1
184,309,282,372,21,21,1,-1,-1,-1
184,310,569,595,21,20,1,-1,-1,-1
184,311,502,607,21,18,1,-1,-1,-1
184,313,269,349,23,26,1,-1,-1,-1
184,319,720,602,25,18,1,-1,-1,-1
184,323,755,174,18,28,1,-1,-1,-1
184,324,757,135,18,22,1,-1,-1,-1
184,325,756,157,16,17,1,-1,-1,-1
184,326,457,617,26,18,1,-1,-1,-1
185,15,186,159,25,21,1,-1,-1,-1
185,19,265,173,27,24,1,-1,-1,-1
185,33,312,408,26,24,1,-1,-1,-1
185,34,669,625,23,22,1,-1,-1,-1
185,36,318,474,23,23,1,-1,-1,-1
185,37,512,613,23,22,1,-1,-1,-1
185,39,301,506,24,21,1,-1,-1,-1
185,40,348,574,20,23,1,-1,-1,-1
185,41,570,632,22,24,1,-1,-1,-1
185,42,366,599,22,24,1,-1,-1,-1
185,43,498,628,25,24,1,-1,-1,-1
185,44,758,626,26,22,1,-1,-1,-1
185,99,759,109,18,26,1,-1,-1,-1
185,155,315,362,23,24,1,-1,-1,-1
185,220,284,135,26,22,1,-1,-1,-1
185,231,328,599,22,22,1,-1,-1,-1
185,261,679,606,23,21,1,-1,-1,-1
185,263,270,529,21,23,1,-1,-1,-1
185,302,764,580,25,20,1,-1,-1,-1
185,303,802,545,24,20,1,-1,-1,-1
185,304,803,565,22,22,1,-1,-1,-1
185,305,829,574,23,23,1,-1,-1,-1
185,307,839,551,22,25,1,-1,-1,-1
185,310,567,597,21,18,1,-1,-1,-1
185,311,493,608,22,17,1,-1,-1,-1
185,319,711,605,25,17,1,-1,-1,-1
185,323,756,174,17,29,1,-1,-1,-1
185,324,757,135,18,21,1,-1,-1,-1
185,327,336,575,14,19,1,-1,-1,-1
186,15,185,159,25,21,1,-1,-1,-1
186,19,264,172,28,24,1,-1,-1,-1
186,33,312,406,25,25,1,-1,-1,-1
186,34,668,625,23,23,1,-1,-1,-1
186,36,318,472,23,24,1,-1,-1,-1
186,37,509,613,25,21,1,-1,-1,-1
186,39,300,505,25,20,1,-1,-1,-1
186,40,346,573,21,24,1,-1,-1,-1
186,41,568,632,22,24,1,-1,-1,-1
186,42,365,598,21,25,1,-1,-1,-1
186,43,497,628,23,24,1,-1,-1,-1
186,44,758,626,26,22,1,-1,-1,-1
186,99,759,118,17,17,1,-1,-1,-1
186,155,314,361,23,24,1,-1,-1,-1
186,220,284,134,26,23,1,-1,-1,-1
186,231,328,598,21,23,1,-1,-1,-1
186,237,841,364,22,22,1,-1,-1,-1
186,261,677,606,23,21,1,-1,-1,-1
186,263,270,529,21,23,1,-1,-1,-1
186,302,758,585,26,20,1,-1,-1,-1
186,303,802,546,23,20,1,-1,-1,-1
186,304,803,565,26,23,1,-1,-1,-1
186,305,829,575,22,22,1,-1,-1,-1
186,307,839,555,20,25,1,-1,-1,-1
186,311,483,608,26,16,1,-1,-1,-1
186,319,704,607,25,17,1,-1,-1,-1
186,323,756,174,17,27,1,-1,-1,-1
186,324,757,135,18,21,1,-1,-1,-1
186,325,756,157,16,17,1,-1,-1,-1
186,327,331,568,23,22,1,-1,-1,-1
187,15,184,158,25,21,1,-1,-1,-1
187,19,266,171,25,24,1,-1,-1,-1
187,33,312,405,25,24,1,-1,-1,-1
187,34,666,625,23,23,1,-1,-1,-1
187,36,318,471,23,24,1,-1,-1,-1
187,37,509,612,23,22,1,-1,-1,-1
187,39,300,503,24,21,1,-1,-1,-1
187,40,345,572,22,24,1,-1,-1,-1
187,41,566,632,22,24,1,-1,-1,-1
187,42,363,598,22,24,1,-1,-1,-1
187,43,495,627,22,25,1,-1,-1,-1
187,44,758,626,25,22,1,-1,-1,-1
187,99,759,119,17,16,1,-1,-1,-1
187,176,162,102,22,31,1,-1,-1,-1
187,220,285,134,24,22,1,-1,-1,-1
187,231,327,597,22,23,1,-1,-1,-1
187,261,676,607,23,20,1,-1,-1,-1
187,263,270,529,20,23,1,-1,-1,-1
187,303,802,547,22,20,1,-1,-1,-1
187,304,803,568,22,21,1,-1,-1,-1
187,305,829,575,21,22,1,-1,-1,-1
187,307,839,560,18,23,1,-1,-1,-1
187,310,561,596,21,19,1,-1,-1,-1
187,317,774,606,17,20,1,-1,-1,-1
187,323,756,174,17,27,1,-1,-1,-1
187,324,757,135,18,23,1,-1,-1,-1
187,327,327,564,25,21,1,-1,-1,-1
187,328,1082,90,16,17,1,-1,-1,-1
187,329,270,238,21,19,1,-1,-1,-1
187,330,285,251,20,19,1,-1,-1,-1
187,331,326,431,14,20,1,-1,-1,-1
188,15,184,158,25,21,1,-1,-1,-1
188,19,265,169,26,25,1,-1,-1,-1
188,33,312,404,25,27,1,-1,-1,-1
188,34,665,625,23,23,1,-1,-1,-1
188,36,318,470,23,23,1,-1,-1,-1
188,37,507,612,23,22,1,-1,-1,-1
188,39,300,502,24,21,1,-1,-1,-1
188,40,344,572,21,23,1,-1,-1,-1
188,41,565,632,23,24,1,-1,-1,-1
188,42,362,597,22,25,1,-1,-1,-1
188,43,489,628,27,24,1,-1,-1,-1
188,44,758,626,26,22,1,-1,-1,-1
188,155,314,359,23,23,1,-1,-1,-1
188,176,160,103,23,30,1,-1,-1,-1
188,220,284,134,24,22,1,-1,-1,-1
188,231,326,597,22,22,1,-1,-1,-1
188,261,674,607,25,21,1,-1,-1,-1
188,263,270,529,21,23,1,-1,-1,-1
188,303,801,548,23,21,1,-1,-1,-1
188,304,803,569,21,28,1,-1,-1,-1
188,305,829,576,21,22,1,-1,-1,-1
188,307,839,563,16,25,1,-1,-1,-1
188,310,558,598,20,17,1,-1,-1,-1
188,317,770,609,17,22,1,-1,-1,-1
188,324,757,135,18,38,1,-1,-1,-1
188,332,421,617,26,6,1,-1,-1,-1
189,15,182,157,26,21,1,-1,-1,-1
189,19,265,168,25,25,1,-1,-1,-1
189,33,311,402,26,36,1,-1,-1,-1
189,34,663,625,23,23,1,-1,-1,-1
189,36,318,469,23,23,1,-1,-1,-1
189,37,505,612,23,21,1,-1,-1,-1
189,39,300,501,24,21,1,-1,-1,-1
189,40,343,571,21,23,1,-1,-1,-1
189,41,563,631,23,25,1,-1,-1,-1
189,42,361,597,21,24,1,-1,-1,-1
189,43,491,627,23,24,1,-1,-1,-1
189,44,758,625,27,24,1,-1,-1,-1
189,99,759,118,17,17,1,-1,-1,-1
189,155,314,358,22,23,1,-1,-1,-1
189,176,159,104,22,29,1,-1,-1,-1
189,220,284,133,21,22,1,-1,-1,-1
189,231,325,596,22,23,1,-1,-1,-1
189,237,841,364,22,22,1,-1,-1,-1
189,261,671,606,33,23,1,-1,-1,-1
189,263,269,528,22,24,1,-1,-1,-1
189,302,736,599,28,19,1,-1,-1,-1
189,303,801,548,23,21,1,-1,-1,-1
189,304,802,569,22,33,1,-1,-1,-1
189,305,828,575,22,24,1,-1,-1,-1
189,310,555,595,21,20,1,-1,-1,-1
189,317,762,611,22,16,1,-1,-1,-1
189,323,756,174,17,29,1,-1,-1,-1
189,324,756,135,19,39,1,-1,-1,-1
189,332,413,617,27,13,1,-1,-1,-1
189,333,843,290,17,26,1,-1,-1,-1
189,334,816,299,23,22,1,-1,-1,-1
189,335,819,224,23,21,1,-1,-1,-1
189,336,819,277,28,23,1,-1,-1,-1
189,337,576,621,20,17,1,-1,-1,-1
190,15,182,157,24,21,1,-1,-1,-1
190,19,266,167,23,24,1,-1,-1,-1
190,33,312,402,25,25,1,-1,-1,-1
190,34,661,625,23,23,1,-1,-1,-1
190,36,317,467,24,23,1,-1,-1,-1
190,37,504,612,23,21,1,-1,-1,-1
190,39,300,499,24,22,1,-1,-1,-1
190,40,342,570,21,23,1,-1,-1,-1
190,41,562,633,22,23,1,-1,-1,-1
190,42,360,596,21,25,1,-1,-1,-1
190,43,490,627,22,24,1,-1,-1,-1
190,44,758,626,27,23,1,-1,-1,-1
190,99,759,119,17,16,1,-1,-1,-1
190,231,325,596,22,22,1,-1,-1,-1
190,237,840,364,22,22,1,-1,-1,-1
190,261,669,607,24,22,1,-1,-1,-1
190,263,269,529,22,23,1,-1,-1,-1
190,310,551,595,23,20,1,-1,-1,-1
190,317,754,615,21,13,1,-1,-1,-1
190,324,756,135,19,39,1,-1,-1,-1
190,331,326,416,22,22,1,-1,-1,-1
190,332,405,616,28,12,1,-1,-1,-1
190,333,843,299,16,28,1,-1,-1,-1
190,334,816,300,23,23,1,-1,-1,-1
190,335,817,230,24,26,1,-1,-1,-1
190,336,819,279,27,23,1,-1,-1,-1
190,338,269,337,30,38,1,-1,-1,-1
191,19,265,165,23,25,1,-1,-1,-1
191,33,311,399,25,25,1,-1,-1,-1
191,34,660,625,23,24,1,-1,-1,-1
191,36,317,465,24,24,1,-1,-1,-1
191,37,502,611,23,22,1,-1,-1,-1
191,39,300,498,24,21,1,-1,-1,-1
191,40,341,570,22,22,1,-1,-1,-1
191,41,560,632,22,23,1,-1,-1,-1
191,42,358,596,22,24,1,-1,-1,-1
191,43,488,627,23,24,1,-1,-1,-1
191,44,758,625,27,24,1,-1,-1,-1
191,99,759,109,19,26,1,-1,-1,-1
191,155,314,356,22,23,1,-1,-1,-1
191,220,284,132,23,22,1,-1,-1,-1
191,231,324,595,22,23,1,-1,-1,-1
191,237,840,364,23,22,1,-1,-1,-1
191,261,667,607,23,22,1,-1,-1,-1
191,263,269,529,22,23,1,-1,-1,-1
191,302,720,605,27,19,1,-1,-1,-1
191,303,800,550,23,21,1,-1,-1,-1
191,304,801,571,22,22,1,-1,-1,-1
191,310,549,595,22,20,1,-1,-1,-1
191,317,747,617,22,19,1,-1,-1,-1
191,324,757,135,18,38,1,-1,-1,-1
191,329,269,232,22,21,1,-1,-1,-1
191,331,328,410,23,23,1,-1,-1,-1
191,332,398,614,26,13,1,-1,-1,-1
191,333,842,308,16,28,1,-1,-1,-1
191,334,816,302,23,22,1,-1,-1,-1
191,335,817,239,22,26,1,-1,-1,-1
191,336,819,281,27,22,1,-1,-1,-1
191,338,269,348,23,27,1,-1,-1,-1
191,339,280,218,22,22,1,-1,-1,-1
191,340,283,331,16,23,1,-1,-1,-1
191,341,546,627,17,16,1,-1,-1,-1
192,19,265,164,23,25,1,-1,-1,-1
192,33,311,397,25,25,1,-1,-1,-1
192,34,658,627,23,22,1,-1,-1,-1
192,36,317,464,23,23,1,-1,-1,-1
192,37,500,611,23,22,1,-1,-1,-1
192,39,299,497,25,21,1,-1,-1,-1
192,40,340,568,22,23,1,-1,-1,-1
192,41,559,632,22,23,1,-1,-1,-1
192,42,357,595,21,25,1,-1,-1,-1
192,43,486,627,23,24,1,-1,-1,-1
192,44,758,626,26,23,1,-1,-1,-1
192,155,314,354,23,24,1,-1,-1,-1
192,220,284,132,23,22,1,-1,-1,-1
192,231,324,594,21,23,1,-1,-1,-1
192,237,840,364,23,22,1,-1,-1,-1
192,261,666,608,22,20,1,-1,-1,-1
192,263,269,529,22,23,1,-1,-1,-1
192,302,714,608,22,19,1,-1,-1,-1
192,303,800,551,23,21,1,-1,-1,-1
192,304,801,572,22,22,1,-1,-1,-1
192,305,828,579,22,23,1,-1,-1,-1
192,310,546,595,22,20,1,-1,-1,-1
192,317,740,620,22,19,1,-1,-1,-1
192,323,756,174,17,30,1,-1,-1,-1
192,324,756,135,19,38,1,-1,-1,-1
192,331,329,405,19,23,1,-1,-1,-1
192,332,390,612,27,14,1,-1,-1,-1
192,333,841,318,15,26,1,-1,-1,-1
192,334,816,303,23,22,1,-1,-1,-1
192,335,816,248,22,28,1,-1,-1,-1
192,336,819,283,27,21,1,-1,-1,-1
192,338,269,349,24,26,1,-1,-1,-1
192,340,283,326,16,21,1,-1,-1,-1
192,342,313,525,22,24,1,-1,-1,-1
192,343,429,603,28,19,1,-1,-1,-1
192,344,653,615,15,14,1,-1,-1,-1
192,345,438,619,28,22,1,-1,-1,-1
193,19,264,163,24,25,1,-1,-1,-1
193,33,311,396,29,25,1,-1,-1,-1
193,34,656,625,23,24,1,-1,-1,-1
193,36,317,462,23,24,1,-1,-1,-1
193,37,499,611,22,21,1,-1,-1,-1
193,39,299,496,24,21,1,-1,-1,-1
193,40,339,567,22,23,1,-1,-1,-1
193,41,557,632,22,23,1,-1,-1,-1
193,42,356,595,21,24,1,-1,-1,-1
193,43,485,627,23,24,1,-1,-1,-1
193,44,758,626,26,22,1,-1,-1,-1
193,99,759,109,19,26,1,-1,-1,-1
193,155,314,353,23,24,1,-1,-1,-1
193,220,283,131,24,22,1,-1,-1,-1
193,231,323,594,22,23,1,-1,-1,-1
193,237,840,364,23,22,1,-1,-1,-1
193,261,663,607,23,21,1,-1,-1,-1
193,263,269,528,22,24,1,-1,-1,-1
193,302,705,611,23,18,1,-1,-1,-1
193,303,799,552,23,21,1,-1,-1,-1
193,304,801,573,21,22,1,-1,-1,-1
193,305,828,579,22,24,1,-1,-1,-1
193,310,544,595,21,20,1,-1,-1,-1
193,317,732,622,24,19,1,-1,-1,-1
193,323,755,174,18,32,1,-1,-1,-1
193,324,756,135,19,38,1,-1,-1,-1
193,332,382,610,27,14,1,-1,-1,-1
193,334,816,305,23,22,1,-1,-1,-1
193,335,815,256,23,28,1,-1,-1,-1
193,336,819,284,27,22,1,-1,-1,-1
193,341,524,622,23,21,1,-1,-1,-1
193,342,310,518,25,19,1,-1,-1,-1
193,343,422,602,28,19,1,-1,-1,-1
193,344,643,614,21,16,1,-1,-1,-1
193,346,828,215,25,22,1,-1,-1,-1
194,19,263,161,24,26,1,-1,-1,-1
194,33,311,394,33,24,1,-1,-1,-1
194,34,655,626,22,23,1,-1,-1,-1
194,36,317,461,23,24,1,-1,-1,-1
194,37,497,611,23,21,1,-1,-1,-1
194,39,299,494,24,22,1,-1,-1,-1
194,40,338,566,22,23,1,-1,-1,-1
194,41,556,632,21,23,1,-1,-1,-1
194,42,354,594,22,25,1,-1,-1,-1
194,43,484,628,22,23,1,-1,-1,-1
194,44,758,626,26,22,1,-1,-1,-1
194,99,759,109,18,26,1,-1,-1,-1
194,155,314,352,23,24,1,-1,-1,-1
194,220,283,130,25,23,1,-1,-1,-1
194,231,322,593,22,23,1,-1,-1,-1
194,237,840,364,23,22,1,-1,-1,-1
194,261,661,608,22,20,1,-1,-1,-1
194,263,269,528,22,24,1,-1,-1,-1
194,302,697,613,21,20,1,-1,-1,-1
194,303,799,553,23,21,1,-1,-1,-1
194,304,800,574,22,22,1,-1,-1,-1
194,305,828,580,22,22,1,-1,-1,-1
194,310,541,596,21,19,1,-1,-1,-1
194,317,726,624,23,20,1,-1,-1,-1
194,323,755,174,18,31,1,-1,-1,-1
194,324,756,135,19,39,1,-1,-1,-1
194,332,376,609,26,14,1,-1,-1,-1
194,333,839,337,16,24,1,-1,-1,-1
194,334,816,306,23,22,1,-1,-1,-1
194,335,816,264,19,27,1,-1,-1,-1
194,336,819,286,27,22,1,-1,-1,-1
194,341,513,621,25,23,1,-1,-1,-1
194,343,413,602,27,17,1,-1,-1,-1
194,346,827,222,22,21,1,-1,-1,-1
194,347,275,196,23,20,1,-1,-1,-1
194,348,862,216,23,22,1,-1,-1,-1
195,19,263,161,24,26,1,-1,-1,-1
195,33,310,391,30,25,1,-1,-1,-1
195,34,653,626,22,23,1,-1,-1,-1
195,36,317,459,23,24,1,-1,-1,-1
195,37,495,610,23,23,1,-1,-1,-1
195,39,299,493,31,26,1,-1,-1,-1
195,40,337,565,22,24,1,-1,-1,-1
195,41,554,632,22,23,1,-1,-1,-1
195,42,353,594,43,27,1,-1,-1,-1
195,43,482,627,25,24,1,-1,-1,-1
195,44,757,626,30,22,1,-1,-1,-1
195,99,759,110,19,25,1,-1,-1,-1
195,155,314,351,22,24,1,-1,-1,-1
195,220,283,130,24,23,1,-1,-1,-1
195,231,321,592,23,24,1,-1,-1,-1
195,237,840,363,23,24,1,-1,-1,-1
195,261,659,607,22,21,1,-1,-1,-1
195,263,269,528,22,24,1,-1,-1,-1
195,303,798,554,23,21,1,-1,-1,-1
195,304,800,575,21,22,1,-1,-1,-1
195,305,828,580,22,22,1,-1,-1,-1
195,310,538,596,22,19,1,-1,-1,-1
195,324,756,135,19,39,1,-1,-1,-1
195,333,837,346,18,22,1,-1,-1,-1
195,334,815,308,24,22,1,-1,-1,-1
195,335,816,274,18,25,1,-1,-1,-1
195,336,818,287,27,24,1,-1,-1,-1
195,343,405,600,27,18,1,-1,-1,-1
195,344,626,618,26,14,1,-1,-1,-1
195,346,826,229,23,24,1,-1,-1,-1
195,347,274,191,22,22,1,-1,-1,-1
195,348,860,220,23,22,1,-1,-1,-1
196,19,263,160,23,26,1,-1,-1,-1
196,33,310,392,29,23,1,-1,-1,-1
196,34,651,626,23,23,1,-1,-1,-1
196,36,317,458,23,23,1,-1,-1,-1
196,37,494,610,22,22,1,-1,-1,-1
196,39,299,492,23,21,1,-1,-1,-1
196,40,336,565,22,23,1,-1,-1,-1
196,41,553,632,22,24,1,-1,-1,-1
196,42,351,593,39,27,1,-1,-1,-1
196,43,480,626,26,25,1,-1,-1,-1
196,99,759,118,17,17,1,-1,-1,-1
196,155,314,350,22,24,1,-1,-1,-1
196,220,283,129,24,24,1,-1,-1,-1
196,231,321,592,22,23,1,-1,-1,-1
196,261,657,606,22,22,1,-1,-1,-1
196,263,270,529,20,22,1,-1,-1,-1
196,303,798,555,23,20,1,-1,-1,-1
196,304,800,576,21,21,1,-1,-1,-1
196,305,827,581,22,21,1,-1,-1,-1
196,323,755,174,18,29,1,-1,-1,-1
196,324,757,135,18,24,1,-1,-1,-1
196,336,815,282,30,29,1,-1,-1,-1
196,343,397,598,29,19,1,-1,-1,-1
196,344,615,619,27,15,1,-1,-1,-1
196,346,825,238,22,25,1,-1,-1,-1
196,347,270,185,25,22,1,-1,-1,-1
196,348,859,224,20,24,1,-1,-1,-1
197,19,261,158,24,25,1,-1,-1,-1
197,33,311,390,26,23,1,-1,-1,-1
197,34,649,626,30,23,1,-1,-1,-1
197,36,317,456,23,23,1,-1,-1,-1
197,37,492,610,23,22,1,-1,-1,-1
197,39,299,490,24,21,1,-1,-1,-1
197,40,335,564,22,23,1,-1,-1,-1
197,41,551,632,22,24,1,-1,-1,-1
197,42,350,592,34,26,1,-1,-1,-1
197,43,479,626,23,25,1,-1,-1,-1
197,99,759,119,17,16,1,-1,-1,-1
197,155,314,349,22,24,1,-1,-1,-1
197,220,283,129,24,23,1,-1,-1,-1
197,231,320,591,22,23,1,-1,-1,-1
197,261,655,606,28,22,1,-1,-1,-1
197,263,270,529,20,22,1,-1,-1,-1
197,303,797,556,23,20,1,-1,-1,-1
197,304,800,576,21,22,1,-1,-1,-1
197,305,827,582,22,19,1,-1,-1,-1
197,323,756,174,17,29,1,-1,-1,-1
197,324,757,135,18,38,1,-1,-1,-1
197,343,391,596,25,18,1,-1,-1,-1
197,344,607,620,24,14,1,-1,-1,-1
197,347,264,181,30,20,1,-1,-1,-1
197,349,327,377,16,19,1,-1,-1,-1
197,350,807,523,20,24,1,-1,-1,-1
198,19,261,157,24,25,1,-1,-1,-1
198,33,311,388,26,24,1,-1,-1,-1
198,34,648,627,22,22,1,-1,-1,-1
198,36,317,455,23,23,1,-1,-1,-1
198,37,491,610,22,21,1,-1,-1,-1
198,39,298,488,24,21,1,-1,-1,-1
198,40,335,563,22,23,1,-1,-1,-1
198,41,549,632,22,24,1,-1,-1,-1
198,42,349,592,29,25,1,-1,-1,-1
198,43,475,626,25,25,1,-1,-1,-1
198,99,759,119,17,16,1,-1,-1,-1
198,155,313,347,23,24,1,-1,-1,-1
198,220,283,129,23,23,1,-1,-1,-1
198,231,320,590,22,24,1,-1,-1,-1
198,237,839,364,24,24,1,-1,-1,-1
198,261,653,606,25,23,1,-1,-1,-1
198,303,797,557,23,20,1,-1,-1,-1
198,304,799,577,22,22,1,-1,-1,-1
198,305,827,582,23,21,1,-1,-1,-1
198,323,756,173,17,28,1,-1,-1,-1
198,324,757,135,18,38,1,-1,-1,-1
198,332,382,611,23,25,1,-1,-1,-1
198,334,813,307,25,28,1,-1,-1,-1
198,335,824,259,26,34,1,-1,-1,-1
198,336,818,292,27,24,1,-1,-1,-1
198,343,382,594,28,17,1,-1,-1,-1
198,344,599,621,24,12,1,-1,-1,-1
198,347,266,177,26,18,1,-1,-1,-1
198,348,857,236,24,21,1,-1,-1,-1
198,349,325,370,18,22,1,-1,-1,-1
198,350,806,529,20,25,1,-1,-1,-1
198,351,824,210,24,27,1,-1,-1,-1
198,352,305,475,23,18,1,-1,-1,-1
199,19,259,156,31,34,1,-1,-1,-1
199,33,311,387,26,24,1,-1,-1,-1
199,34,646,627,23,22,1,-1,-1,-1
199,36,316,453,24,24,1,-1,-1,-1
199,37,489,609,22,22,1,-1,-1,-1
199,39,298,486,24,22,1,-1,-1,-1
199,40,334,562,22,23,1,-1,-1,-1
199,41,547,632,23,23,1,-1,-1,-1
199,42,346,592,25,24,1,-1,-1,-1
199,43,476,626,22,25,1,-1,-1,-1
199,99,759,119,17,16,1,-1,-1,-1
199,155,312,346,23,24,1,-1,-1,-1
199,220,283,128,23,24,1,-1,-1,-1
199,231,319,590,22,23,1,-1,-1,-1
199,237,840,364,23,23,1,-1,-1,-1
199,261,650,607,22,22,1,-1,-1,-1
199,303,797,558,23,20,1,-1,-1,-1
199,304,799,578,21,22,1,-1,-1,-1
199,305,827,582,22,23,1,-1,-1,-1
199,310,527,598,20,17,1,-1,-1,-1
199,323,755,174,18,28,1,-1,-1,-1
199,324,757,135,18,23,1,-1,-1,-1
199,332,371,608,26,26,1,-1,-1,-1
199,334,812,315,26,22,1,-1,-1,-1
199,336,820,296,25,22,1,-1,-1,-1
199,343,375,591,27,18,1,-1,-1,-1
199,344,588,621,25,13,1,-1,-1,-1
199,349,324,364,19,22,1,-1,-1,-1
199,350,804,536,20,24,1,-1,-1,-1
199,352,304,466,24,21,1,-1,-1,-1
199,353,835,383,18,22,1,-1,-1,-1
200,19,259,155,28,27,1,-1,-1,-1
200,33,311,386,25,23,1,-1,-1,-1
200,34,644,628,23,22,1,-1,-1,-1
200,36,316,452,24,23,1,-1,-1,-1
200,37,487,609,23,22,1,-1,-1,-1
200,39,298,486,24,21,1,-1,-1,-1
200,40,333,561,22,23,1,-1,-1,-1
200,41,546,632,22,23,1,-1,-1,-1
200,42,343,590,25,25,1,-1,-1,-1
200,43,475,626,22,25,1,-1,-1,-1
200,99,759,119,17,16,1,-1,-1,-1
200,155,313,346,21,22,1,-1,-1,-1
200,220,283,128,22,23,1,-1,-1,-1
200,231,318,589,23,24,1,-1,-1,-1
200,237,840,364,23,22,1,-1,-1,-1
200,261,647,607,23,21,1,-1,-1,-1
200,263,269,529,22,23,1,-1,-1,-1
200,303,796,559,23,20,1,-1,-1,-1
200,304,798,579,22,22,1,-1,-1,-1
200,305,827,583,22,23,1,-1,-1,-1
200,310,524,595,22,20,1,-1,-1,-1
200,323,755,173,18,30,1,-1,-1,-1
200,324,757,135,18,21,1,-1,-1,-1
200,332,364,607,23,25,1,-1,-1,-1
200,334,811,317,26,30,1,-1,-1,-1
200,335,823,270,26,28,1,-1,-1,-1
200,336,819,298,26,22,1,-1,-1,-1
200,343,369,586,25,21,1,-1,-1,-1
200,346,822,225,24,30,1,-1,-1,-1
200,348,854,251,23,18,1,-1,-1,-1
200,350,803,544,19,20,1,-1,-1,-1
200,353,836,391,16,23,1,-1,-1,-1
200,354,756,157,16,16,1,-1,-1,-1
200,355,823,606,25,29,1,-1,-1,-1
200,356,636,617,17,20,1,-1,-1,-1
201,19,258,153,26,25,1,-1,-1,-1
201,33,311,384,26,23,1,-1,-1,-1
201,34,642,628,23,22,1,-1,-1,-1
201,36,317,450,22,23,1,-1,-1,-1
201,37,485,609,23,21,1,-1,-1,-1
201,39,298,484,24,21,1,-1,-1,-1
201,40,332,560,23,23,1,-1,-1,-1
201,41,544,632,22,23,1,-1,-1,-1
201,42,344,588,23,26,1,-1,-1,-1
201,43,473,626,22,25,1,-1,-1,-1
201,155,312,344,28,28,1,-1,-1,-1
201,220,282,128,22,23,1,-1,-1,-1
201,231,318,589,21,23,1,-1,-1,-1
201,237,840,364,23,22,1,-1,-1,-1
201,261,645,608,23,20,1,-1,-1,-1
201,263,269,529,22,23,1,-1,-1,-1
201,303,796,556,23,24,1,-1,-1,-1
201,304,798,580,22,22,1,-1,-1,-1
201,305,827,584,22,22,1,-1,-1,-1
201,310,522,596,21,19,1,-1,-1,-1
201,324,756,135,19,38,1,-1,-1,-1
201,332,355,604,28,26,1,-1,-1,-1
201,334,815,319,22,20,1,-1,-1,-1
201,336,819,293,26,29,1,-1,-1,-1
201,343,363,583,23,21,1,-1,-1,-1
201,352,303,447,17,21,1,-1,-1,-1
201,355,821,609,25,28,1,-1,-1,-1
201,356,627,617,20,20,1,-1,-1,-1
201,357,810,337,24,23,1,-1,-1,-1
201,358,339,587,12,19,1,-1,-1,-1
202,19,258,153,23,22,1,-1,-1,-1
202,33,311,383,26,23,1,-1,-1,-1
202,34,640,628,23,22,1,-1,-1,-1
202,36,316,448,24,23,1,-1,-1,-1
202,37,483,609,23,21,1,-1,-1,-1
202,39,298,483,23,21,1,-1,-1,-1
202,40,331,559,23,22,1,-1,-1,-1
202,41,542,632,22,23,1,-1,-1,-1
202,42,343,588,23,25,1,-1,-1,-1
202,43,472,626,22,25,1,-1,-1,-1
202,99,759,109,19,26,1,-1,-1,-1
202,155,312,342,25,25,1,-1,-1,-1
202,231,317,588,22,24,1,-1,-1,-1
202,237,840,364,23,23,1,-1,-1,-1
202,261,644,607,22,21,1,-1,-1,-1
202,303,795,560,23,21,1,-1,-1,-1
202,304,797,581,22,22,1,-1,-1,-1
202,305,827,585,22,22,1,-1,-1,-1
202,310,519,596,21,19,1,-1,-1,-1
202,323,755,174,18,39,1,-1,-1,-1
202,324,756,135,19,38,1,-1,-1,-1
202,334,814,321,23,22,1,-1,-1,-1
202,336,819,301,27,23,1,-1,-1,-1
202,343,358,579,22,22,1,-1,-1,-1
202,346,821,244,21,29,1,-1,-1,-1
202,348,853,263,24,21,1,-1,-1,-1
202,352,303,434,22,23,1,-1,-1,-1
202,355,820,612,24,27,1,-1,-1,-1
202,356,615,617,26,22,1,-1,-1,-1
202,357,810,342,23,26,1,-1,-1,-1
202,358,334,582,20,21,1,-1,-1,-1
202,359,554,620,27,15,1,-1,-1,-1
202,360,660,634,20,19,1,-1,-1,-1
203,19,255,150,25,24,1,-1,-1,-1
203,33,311,382,26,23,1,-1,-1,-1
203,34,638,628,31,22,1,-1,-1,-1
203,36,316,447,24,23,1,-1,-1,-1
203,37,482,608,22,22,1,-1,-1,-1
203,39,298,482,23,21,1,-1,-1,-1
203,40,330,558,23,23,1,-1,-1,-1
203,41,541,632,22,23,1,-1,-1,-1
203,42,343,588,21,23,1,-1,-1,-1
203,43,470,626,23,25,1,-1,-1,-1
203,99,759,118,17,17,1,-1,-1,-1
203,155,312,340,24,24,1,-1,-1,-1
203,220,282,127,22,24,1,-1,-1,-1
203,231,317,587,22,24,1,-1,-1,-1
203,237,840,364,23,22,1,-1,-1,-1
203,261,641,608,22,20,1,-1,-1,-1
203,263,270,529,20,23,1,-1,-1,-1
203,304,798,583,20,21,1,-1,-1,-1
203,305,827,586,22,21,1,-1,-1,-1
203,310,517,594,21,21,1,-1,-1,-1
203,324,757,135,18,38,1,-1,-1,-1
203,334,814,323,24,22,1,-1,-1,-1
203,336,820,304,25,23,1,-1,-1,-1
203,343,353,574,20,23,1,-1,-1,-1
203,356,611,618,18,6,1,-1,-1,-1
203,357,809,350,24,28,1,-1,-1,-1
203,359,545,619,23,15,1,-1,-1,-1
204,19,250,145,30,28,1,-1,-1,-1
204,33,311,380,26,24,1,-1,-1,-1
204,34,636,628,23,23,1,-1,-1,-1
204,36,316,445,24,23,1,-1,-1,-1
204,37,480,608,22,22,1,-1,-1,-1
204,39,298,480,23,21,1,-1,-1,-1
204,40,330,556,22,24,1,-1,-1,-1
204,41,539,633,22,22,1,-1,-1,-1
204,42,340,587,23,24,1,-1,-1,-1
204,43,469,626,22,25,1,-1,-1,-1
204,99,759,119,17,16,1,-1,-1,-1
204,155,312,325,27,37,1,-1,-1,-1
204,220,282,126,22,25,1,-1,-1,-1
204,231,316,586,22,25,1,-1,-1,-1
204,237,840,364,23,23,1,-1,-1,-1
204,261,640,609,22,19,1,-1,-1,-1
204,310,514,595,21,20,1,-1,-1,-1
204,323,755,174,18,33,1,-1,-1,-1
204,324,757,134,18,23,1,-1,-1,-1
204,334,813,325,30,21,1,-1,-1,-1
204,335,821,263,18,26,1,-1,-1,-1
204,336,819,305,26,23,1,-1,-1,-1
204,343,348,569,21,23,1,-1,-1,-1
204,348,853,274,21,22,1,-1,-1,-1
204,355,816,616,31,29,1,-1,-1,-1
204,357,808,360,24,29,1,-1,-1,-1
204,359,534,620,27,14,1,-1,-1,-1
205,19,254,148,25,24,1,-1,-1,-1
205,33,310,378,27,24,1,-1,-1,-1
205,34,634,628,22,22,1,-1,-1,-1
205,36,316,444,23,23,1,-1,-1,-1
205,37,478,608,23,22,1,-1,-1,-1
205,39,298,479,23,21,1,-1,-1,-1
205,40,328,554,22,24,1,-1,-1,-1
205,41,538,632,21,23,1,-1,-1,-1
205,42,340,586,23,24,1,-1,-1,-1
205,43,468,626,22,25,1,-1,-1,-1
205,99,758,119,18,16,1,-1,-1,-1
205,220,282,126,22,25,1,-1,-1,-1
205,231,315,586,22,23,1,-1,-1,-1
205,237,840,364,23,22,1,-1,-1,-1
205,261,638,608,22,20,1,-1,-1,-1
205,303,793,564,23,21,1,-1,-1,-1
205,304,796,584,22,22,1,-1,-1,-1
205,305,825,586,23,22,1,-1,-1,-1
205,310,512,596,21,19,1,-1,-1,-1
205,323,755,174,18,39,1,-1,-1,-1
205,324,756,135,19,23,1,-1,-1,-1
205,334,814,326,23,25,1,-1,-1,-1
205,336,820,308,25,22,1,-1,-1,-1
205,343,344,564,20,23,1,-1,-1,-1
205,355,814,619,23,27,1,-1,-1,-1
205,357,807,373,24,26,1,-1,-1,-1
205,358,318,566,23,21,1,-1,-1,-1
205,359,522,620,29,14,1,-1,-1,-1
205,361,312,339,23,22,1,-1,-1,-1
205,362,320,323,18,23,1,-1,-1,-1
205,363,246,137,22,21,1,-1,-1,-1
205,364,584,620,24,20,1,-1,-1,-1
206,19,254,147,23,24,1,-1,-1,-1
206,33,311,377,26,24,1,-1,-1,-1
206,34,623,628,31,22,1,-1,-1,-1
206,36,316,442,23,23,1,-1,-1,-1
206,37,477,608,22,22,1,-1,-1,-1
206,39,298,478,23,21,1,-1,-1,-1
206,40,328,553,23,25,1,-1,-1,-1
206,41,536,632,22,23,1,-1,-1,-1
206,42,338,585,23,24,1,-1,-1,-1
206,43,466,626,23,24,1,-1,-1,-1
206,99,759,118,17,17,1,-1,-1,-1
206,220,281,125,23,26,1,-1,-1,-1
206,231,315,585,21,23,1,-1,-1,-1
206,237,840,364,23,22,1,-1,-1,-1
206,261,636,609,22,19,1,-1,-1,-1
206,263,270,529,21,23,1,-1,-1,-1
206,303,793,564,23,21,1,-1,-1,-1
206,304,796,585,22,22,1,-1,-1,-1
206,305,825,586,23,23,1,-1,-1,-1
206,310,510,595,21,20,1,-1,-1,-1
206,323,755,174,18,29,1,-1,-1,-1
206,324,756,135,19,38,1,-1,-1,-1
206,334,814,328,22,21,1,-1,-1,-1
206,335,820,281,19,27,1,-1,-1,-1
206,336,820,310,25,22,1,-1,-1,-1
206,343,342,561,17,21,1,-1,-1,-1
206,357,808,382,23,23,1,-1,-1,-1
206,359,512,620,26,16,1,-1,-1,-1
206,361,312,329,24,30,1,-1,-1,-1
206,363,241,133,22,22,1,-1,-1,-1
206,364,576,619,18,22,1,-1,-1,-1
206,365,821,346,20,21,1,-1,-1,-1
206,366,302,398,23,23,1,-1,-1,-1
207,19,253,146,24,24,1,-1,-1,-1
207,33,310,376,27,24,1,-1,-1,-1
207,34,628,628,24,23,1,-1,-1,-1
207,36,316,440,23,24,1,-1,-1,-1
207,37,475,608,23,21,1,-1,-1,-1
207,39,298,476,23,22,1,-1,-1,-1
207,40,327,552,22,23,1,-1,-1,-1
207,41,534,632,22,23,1,-1,-1,-1
207,42,337,583,23,25,1,-1,-1,-1
207,43,465,626,22,24,1,-1,-1,-1
207,99,759,109,19,26,1,-1,-1,-1
207,220,281,125,23,26,1,-1,-1,-1
207,231,314,583,23,25,1,-1,-1,-1
207,237,840,364,23,22,1,-1,-1,-1
207,261,633,609,22,20,1,-1,-1,-1
207,263,270,529,20,22,1,-1,-1,-1
207,303,792,565,23,21,1,-1,-1,-1
207,304,795,586,22,22,1,-1,-1,-1
207,305,825,587,23,23,1,-1,-1,-1
207,310,507,594,23,21,1,-1,-1,-1
207,324,757,135,18,25,1,-1,-1,-1
207,334,814,330,23,22,1,-1,-1,-1
207,336,820,311,26,23,1,-1,-1,-1
207,357,808,393,22,19,1,-1,-1,-1
207,361,312,334,23,24,1,-1,-1,-1
207,362,319,312,20,22,1,-1,-1,-1
207,363,234,130,24,22,1,-1,-1,-1
207,365,819,355,19,24,1,-1,-1,-1
207,366,301,392,23,20,1,-1,-1,-1
207,367,778,589,18,23,1,-1,-1,-1
207,368,372,609,21,15,1,-1,-1,-1
208,19,252,145,24,24,1,-1,-1,-1
208,33,310,374,27,24,1,-1,-1,-1
208,34,626,628,25,23,1,-1,-1,-1
208,36,316,439,22,23,1,-1,-1,-1
208,37,473,607,23,22,1,-1,-1,-1
208,39,298,475,23,21,1,-1,-1,-1
208,40,327,550,23,24,1,-1,-1,-1
208,41,533,632,22,24,1,-1,-1,-1
208,42,336,582,23,25,1,-1,-1,-1
208,43,463,626,23,25,1,-1,-1,-1
208,99,759,118,17,17,1,-1,-1,-1
208,220,281,124,23,26,1,-1,-1,-1
208,231,314,585,22,22,1,-1,-1,-1
208,237,840,364,23,23,1,-1,-1,-1
208,261,631,608,23,21,1,-1,-1,-1
208,303,791,566,24,21,1,-1,-1,-1
208,304,794,587,22,22,1,-1,-1,-1
208,305,825,587,23,23,1,-1,-1,-1
208,310,505,594,22,21,1,-1,-1,-1
208,323,755,174,18,38,1,-1,-1,-1
208,324,756,135,19,39,1,-1,-1,-1
208,334,813,332,24,22,1,-1,-1,-1
208,336,818,298,28,38,1,-1,-1,-1
208,355,807,625,24,28,1,-1,-1,-1
208,358,312,573,27,16,1,-1,-1,-1
208,359,494,618,24,19,1,-1,-1,-1
208,361,312,332,23,25,1,-1,-1,-1
208,363,228,127,25,22,1,-1,-1,-1
208,365,819,367,17,22,1,-1,-1,-1
208,367,772,595,20,22,1,-1,-1,-1
208,368,363,606,22,22,1,-1,-1,-1
208,369,851,297,24,25,1,-1,-1,-1
208,370,555,619,21,23,1,-1,-1,-1
208,371,758,626,25,22,1,-1,-1,-1
209,19,251,144,24,24,1,-1,-1,-1
209,33,311,373,26,23,1,-1,-1,-1
209,34,624,628,23,23,1,-1,-1,-1
209,36,315,437,24,23,1,-1,-1,-1
209,37,471,607,23,22,1,-1,-1,-1
209,39,297,474,24,21,1,-1,-1,-1
209,40,326,545,22,27,1,-1,-1,-1
209,41,531,632,22,24,1,-1,-1,-1
209,42,336,582,22,24,1,-1,-1,-1
209,43,462,626,22,24,1,-1,-1,-1
209,99,759,118,17,17,1,-1,-1,-1
209,220,281,124,23,26,1,-1,-1,-1
209,231,313,583,22,23,1,-1,-1,-1
209,237,840,364,23,22,1,-1,-1,-1
209,261,630,609,22,20,1,-1,-1,-1
209,303,791,567,23,20,1,-1,-1,-1
209,304,794,587,21,22,1,-1,-1,-1
209,305,825,588,23,23,1,-1,-1,-1
209,310,503,596,22,19,1,-1,-1,-1
209,323,756,174,17,28,1,-1,-1,-1
209,324,756,135,19,38,1,-1,-1,-1
209,334,813,333,23,23,1,-1,-1,-1
209,336,816,307,30,31,1,-1,-1,-1
209,355,805,627,23,27,1,-1,-1,-1
209,358,309,570,27,18,1,-1,-1,-1
209,359,487,620,22,17,1,-1,-1,-1
209,361,312,331,23,25,1,-1,-1,-1
209,363,222,123,24,22,1,-1,-1,-1
209,367,764,599,24,22,1,-1,-1,-1
209,368,355,603,22,17,1,-1,-1,-1
209,369,851,305,21,24,1,-1,-1,-1
209,370,547,619,18,22,1,-1,-1,-1
209,371,758,626,25,22,1,-1,-1,-1
210,19,249,143,25,24,1,-1,-1,-1
210,33,310,369,27,26,1,-1,-1,-1
210,34,622,628,23,23,1,-1,-1,-1
210,36,315,435,23,24,1,-1,-1,-1
210,37,469,607,23,22,1,-1,-1,-1
210,39,298,473,23,21,1,-1,-1,-1
210,40,325,547,22,24,1,-1,-1,-1
210,42,335,581,22,24,1,-1,-1,-1
210,43,460,626,34,24,1,-1,-1,-1
210,99,759,109,19,26,1,-1,-1,-1
210,220,280,124,23,26,1,-1,-1,-1
210,231,312,581,22,24,1,-1,-1,-1
210,237,840,364,23,22,1,-1,-1,-1
210,261,628,609,22,20,1,-1,-1,-1
210,263,270,529,20,22,1,-1,-1,-1
210,303,791,568,23,20,1,-1,-1,-1
210,304,793,588,22,22,1,-1,-1,-1
210,305,825,588,23,23,1,-1,-1,-1
210,324,757,135,18,38,1,-1,-1,-1
210,334,813,332,23,25,1,-1,-1,-1
210,336,816,317,30,24,1,-1,-1,-1
210,355,803,629,23,26,1,-1,-1,-1
210,357,818,385,22,22,1,-1,-1,-1
210,358,306,565,26,18,1,-1,-1,-1
210,361,312,330,23,26,1,-1,-1,-1
210,362,319,289,20,25,1,-1,-1,-1
210,363,212,120,26,22,1,-1,-1,-1
210,368,346,599,24,22,1,-1,-1,-1
210,369,851,311,23,23,1,-1,-1,-1
210,372,306,524,22,25,1,-1,-1,-1
210,373,322,533,23,18,1,-1,-1,-1
211,19,249,143,24,22,1,-1,-1,-1
211,33,310,366,27,27,1,-1,-1,-1
211,34,619,628,24,23,1,-1,-1,-1
211,36,315,433,23,24,1,-1,-1,-1
211,37,467,606,23,24,1,-1,-1,-1
211,39,298,471,23,21,1,-1,-1,-1
211,40,324,546,23,24,1,-1,-1,-1
211,42,334,580,22,24,1,-1,-1,-1
211,43,459,627,22,23,1,-1,-1,-1
211,220,280,123,23,27,1,-1,-1,-1
211,231,312,581,22,23,1,-1,-1,-1
211,237,840,365,22,21,1,-1,-1,-1
211,261,626,609,22,21,1,-1,-1,-1
211,303,790,568,23,21,1,-1,-1,-1
211,304,793,589,22,22,1,-1,-1,-1
211,305,825,589,22,22,1,-1,-1,-1
211,324,757,134,18,40,1,-1,-1,-1
211,355,800,630,24,27,1,-1,-1,-1
211,361,312,328,23,28,1,-1,-1,-1
211,362,320,284,18,22,1,-1,-1,-1
211,369,852,318,21,22,1,-1,-1,-1
211,371,759,627,24,21,1,-1,-1,-1
211,372,305,516,22,22,1,-1,-1,-1
211,373,322,524,22,23,1,-1,-1,-1
212,19,248,141,24,24,1,-1,-1,-1
212,33,310,367,27,25,1,-1,-1,-1
212,34,618,628,22,23,1,-1,-1,-1
212,36,315,432,23,23,1,-1,-1,-1
212,37,451,607,37,25,1,-1,-1,-1
212,39,297,470,24,21,1,-1,-1,-1
212,40,324,545,22,24,1,-1,-1,-1
212,41,526,631,22,25,1,-1,-1,-1
212,42,333,579,22,23,1,-1,-1,-1
212,43,457,627,23,23,1,-1,-1,-1
212,99,759,118,17,17,1,-1,-1,-1
212,220,279,122,24,26,1,-1,-1,-1
212,231,311,580,22,23,1,-1,-1,-1
212,237,840,364,23,22,1,-1,-1,-1
212,261,624,609,23,21,1,-1,-1,-1
212,303,789,569,23,21,1,-1,-1,-1
212,304,792,590,22,21,1,-1,-1,-1
212,305,825,589,23,24,1,-1,-1,-1
212,310,498,595,21,20,1,-1,-1,-1
212,324,757,135,18,38,1,-1,-1,-1
212,334,813,339,23,22,1,-1,-1,-1
212,336,820,321,26,23,1,-1,-1,-1
212,355,796,632,26,27,1,-1,-1,-1
212,358,302,551,21,18,1,-1,-1,-1
212,361,312,328,24,25,1,-1,-1,-1
212,367,740,609,27,22,1,-1,-1,-1
212,369,851,324,24,22,1,-1,-1,-1
212,370,555,637,24,18,1,-1,-1,-1
212,371,758,626,25,22,1,-1,-1,-1
212,372,304,506,21,26,1,-1,-1,-1
212,373,321,517,22,25,1,-1,-1,-1
212,374,265,194,21,15,1,-1,-1,-1
212,375,300,343,23,21,1,-1,-1,-1
213,19,247,141,24,23,1,-1,-1,-1
213,33,310,366,27,24,1,-1,-1,-1
213,34,616,628,22,23,1,-1,-1,-1
213,36,315,430,23,23,1,-1,-1,-1
213,37,463,607,23,21,1,-1,-1,-1
213,39,297,469,24,20,1,-1,-1,-1
213,40,322,543,24,25,1,-1,-1,-1
213,41,524,632,21,24,1,-1,-1,-1
213,42,332,578,22,23,1,-1,-1,-1
213,43,456,626,22,24,1,-1,-1,-1
213,99,759,109,19,26,1,-1,-1,-1
213,220,279,122,24,24,1,-1,-1,-1
213,231,311,579,21,24,1,-1,-1,-1
213,237,840,364,23,22,1,-1,-1,-1
213,261,622,609,22,21,1,-1,-1,-1
213,303,789,570,23,21,1,-1,-1,-1
213,304,791,590,23,23,1,-1,-1,-1
213,305,825,590,23,23,1,-1,-1,-1
213,310,496,595,21,19,1,-1,-1,-1
213,324,757,135,18,38,1,-1,-1,-1
213,334,813,342,23,31,1,-1,-1,-1
213,336,820,324,26,22,1,-1,-1,-1
213,358,300,541,21,23,1,-1,-1,-1
213,359,506,619,22,22,1,-1,-1,-1
213,361,313,326,23,25,1,-1,-1,-1
213,367,733,612,26,22,1,-1,-1,-1
213,369,851,330,22,24,1,-1,-1,-1
213,370,546,637,23,18,1,-1,-1,-1
213,371,758,626,26,22,1,-1,-1,-1
213,372,302,495,22,27,1,-1,-1,-1
213,373,318,507,21,29,1,-1,-1,-1
213,374,264,188,20,19,1,-1,-1,-1
213,375,300,336,22,21,1,-1,-1,-1
213,376,160,148,28,26,1,-1,-1,-1
213,377,264,206,21,20,1,-1,-1,-1
213,378,439,618,27,12,1,-1,-1,-1
214,19,246,140,24,23,1,-1,-1,-1
214,33,310,364,27,25,1,-1,-1,-1
214,34,614,628,22,23,1,-1,-1,-1
214,36,314,428,24,23,1,-1,-1,-1
214,37,462,606,22,22,1,-1,-1,-1
214,39,296,467,25,21,1,-1,-1,-1
214,40,322,542,24,24,1,-1,-1,-1
214,42,332,577,22,24,1,-1,-1,-1
214,43,454,626,22,24,1,-1,-1,-1
214,99,759,109,19,26,1,-1,-1,-1
214,220,279,122,23,23,1,-1,-1,-1
214,231,310,579,22,23,1,-1,-1,-1
214,237,840,364,22,22,1,-1,-1,-1
214,261,620,609,22,21,1,-1,-1,-1
214,303,788,571,23,21,1,-1,-1,-1
214,304,791,591,22,22,1,-1,-1,-1
214,305,825,590,22,24,1,-1,-1,-1
214,310,494,594,21,19,1,-1,-1,-1
214,324,756,135,19,38,1,-1,-1,-1
214,334,813,343,22,20,1,-1,-1,-1
214,336,820,325,25,23,1,-1,-1,-1
214,358,299,532,25,27,1,-1,-1,-1
214,361,312,325,23,23,1,-1,-1,-1
214,367,724,615,27,23,1,-1,-1,-1
214,369,851,337,24,23,1,-1,-1,-1
214,371,757,626,26,22,1,-1,-1,-1
214,372,301,488,23,26,1,-1,-1,-1
214,373,318,500,18,27,1,-1,-1,-1
214,374,263,181,20,22,1,-1,-1,-1
214,377,264,204,21,20,1,-1,-1,-1
214,378,426,617,29,15,1,-1,-1,-1
214,379,755,174,18,29,1,-1,-1,-1
214,380,813,362,22,20,1,-1,-1,-1
215,19,245,139,24,23,1,-1,-1,-1
215,33,310,364,27,23,1,-1,-1,-1
215,34,612,628,22,23,1,-1,-1,-1
215,36,315,426,23,24,1,-1,-1,-1
215,37,460,606,23,21,1,-1,-1,-1
215,39,297,465,24,21,1,-1,-1,-1
215,40,320,541,25,23,1,-1,-1,-1
215,42,331,576,22,24,1,-1,-1,-1
215,43,452,625,22,25,1,-1,-1,-1
215,99,759,118,17,17,1,-1,-1,-1
215,220,278,121,24,23,1,-1,-1,-1
215,231,310,577,21,24,1,-1,-1,-1
215,237,840,364,22,22,1,-1,-1,-1
215,261,618,609,23,21,1,-1,-1,-1
215,303,788,571,22,21,1,-1,-1,-1
215,304,791,592,22,22,1,-1,-1,-1
215,305,825,591,22,23,1,-1,-1,-1
215,324,756,135,19,39,1,-1,-1,-1
215,334,813,345,22,21,1,-1,-1,-1
215,336,819,328,26,22,1,-1,-1,-1
215,355,788,636,25,26,1,-1,-1,-1
215,361,312,324,23,23,1,-1,-1,-1
215,367,716,618,25,21,1,-1,-1,-1
215,369,851,343,23,23,1,-1,-1,-1
215,371,757,626,26,22,1,-1,-1,-1
215,372,301,483,22,23,1,-1,-1,-1
215,373,317,492,18,28,1,-1,-1,-1
215,374,261,178,19,21,1,-1,-1,-1
215,379,756,174,17,26,1,-1,-1,-1
215,380,813,366,21,26,1,-1,-1,-1
215,381,321,261,14,20,1,-1,-1,-1
216,19,244,138,24,23,1,-1,-1,-1
216,33,310,361,26,24,1,-1,-1,-1
216,34,610,628,22,23,1,-1,-1,-1
216,36,315,424,23,23,1,-1,-1,-1
216,37,458,605,24,22,1,-1,-1,-1
216,39,298,464,24,21,1,-1,-1,-1
216,40,320,539,25,23,1,-1,-1,-1
216,42,331,575,21,24,1,-1,-1,-1
216,43,451,625,22,25,1,-1,-1,-1
216,99,759,119,17,16,1,-1,-1,-1
216,220,278,121,24,23,1,-1,-1,-1
216,231,309,577,22,23,1,-1,-1,-1
216,237,840,364,22,22,1,-1,-1,-1
216,261,616,609,23,21,1,-1,-1,-1
216,303,788,572,22,21,1,-1,-1,-1
216,304,790,592,23,23,1,-1,-1,-1
216,305,824,591,23,24,1,-1,-1,-1
216,310,489,594,22,19,1,-1,-1,-1
216,324,756,135,19,38,1,-1,-1,-1
216,334,813,346,22,22,1,-1,-1,-1
216,336,819,329,26,22,1,-1,-1,-1
216,361,312,322,23,23,1,-1,-1,-1
216,367,710,620,23,21,1,-1,-1,-1
216,369,851,350,20,20,1,-1,-1,-1
216,371,757,626,27,22,1,-1,-1,-1
216,373,317,484,16,27,1,-1,-1,-1
216,374,259,172,17,23,1,-1,-1,-1
216,377,263,202,21,19,1,-1,-1,-1
216,378,406,612,27,18,1,-1,-1,-1
216,379,756,174,17,28,1,-1,-1,-1
216,380,811,373,23,27,1,-1,-1,-1
216,381,320,255,15,21,1,-1,-1,-1
216,382,297,307,22,19,1,-1,-1,-1
216,383,823,541,5,14,1,-1,-1,-1
216,384,476,619,23,22,1,-1,-1,-1
217,19,243,137,24,23,1,-1,-1,-1
217,33,310,360,26,24,1,-1,-1,-1
217,34,607,628,23,23,1,-1,-1,-1
217,36,315,423,23,23,1,-1,-1,-1
217,37,456,605,24,23,1,-1,-1,-1
217,39,297,462,24,22,1,-1,-1,-1
217,40,320,537,23,24,1,-1,-1,-1
217,42,330,574,21,24,1,-1,-1,-1
217,43,449,625,23,25,1,-1,-1,-1
217,99,759,119,17,16,1,-1,-1,-1
217,220,278,120,24,22,1,-1,-1,-1
217,231,308,577,21,23,1,-1,-1,-1
217,237,840,364,22,22,1,-1,-1,-1
217,261,614,609,23,21,1,-1,-1,-1
217,303,787,573,22,21,1,-1,-1,-1
217,304,790,593,22,22,1,-1,-1,-1
217,305,824,592,22,23,1,-1,-1,-1
217,310,487,594,21,19,1,-1,-1,-1
217,324,756,158,16,15,1,-1,-1,-1
217,334,813,348,22,22,1,-1,-1,-1
217,336,820,331,25,22,1,-1,-1,-1
217,355,781,640,25,24,1,-1,-1,-1
217,361,312,321,24,23,1,-1,-1,-1
217,369,851,356,20,21,1,-1,-1,-1
217,371,757,626,26,22,1,-1,-1,-1
217,373,317,475,15,28,1,-1,-1,-1
217,374,256,168,17,23,1,-1,-1,-1
217,377,263,201,21,18,1,-1,-1,-1
217,378,395,610,26,19,1,-1,-1,-1
217,379,756,174,17,26,1,-1,-1,-1
217,380,812,384,21,24,1,-1,-1,-1
217,381,320,248,15,22,1,-1,-1,-1
217,384,471,620,18,21,1,-1,-1,-1
217,385,763,109,15,11,1,-1,-1,-1
217,386,757,143,17,14,1,-1,-1,-1
217,387,806,495,15,22,1,-1,-1,-1
217,388,309,559,22,19,1,-1,-1,-1
218,19,242,137,24,22,1,-1,-1,-1
218,33,310,359,26,23,1,-1,-1,-1
218,34,605,628,23,23,1,-1,-1,-1
218,36,315,421,23,23,1,-1,-1,-1
218,37,455,605,23,22,1,-1,-1,-1
218,39,298,455,23,27,1,-1,-1,-1
218,40,319,536,24,23,1,-1,-1,-1
218,42,329,573,21,24,1,-1,-1,-1
218,43,448,625,23,25,1,-1,-1,-1
218,99,759,117,17,18,1,-1,-1,-1
218,220,277,120,24,22,1,-1,-1,-1
218,231,307,575,22,24,1,-1,-1,-1
218,237,840,364,29,22,1,-1,-1,-1
218,261,613,609,22,21,1,-1,-1,-1
218,303,786,573,22,21,1,-1,-1,-1
218,304,789,594,23,21,1,-1,-1,-1
218,305,824,592,22,23,1,-1,-1,-1
218,310,486,594,19,19,1,-1,-1,-1
218,324,756,135,19,38,1,-1,-1,-1
218,334,813,349,22,22,1,-1,-1,-1
218,336,819,333,26,22,1,-1,-1,-1
218,355,777,642,26,23,1,-1,-1,-1
218,361,312,320,24,23,1,-1,-1,-1
218,371,757,626,26,22,1,-1,-1,-1
218,372,294,498,25,23,1,-1,-1,-1
218,373,318,466,14,28,1,-1,-1,-1
218,374,253,163,18,24,1,-1,-1,-1
218,377,262,200,22,19,1,-1,-1,-1
218,381,320,242,13,22,1,-1,-1,-1
218,383,820,551,22,26,1,-1,-1,-1
218,388,304,551,25,24,1,-1,-1,-1
218,389,270,529,21,23,1,-1,-1,-1
219,19,241,136,24,22,1,-1,-1,-1
219,33,310,357,26,24,1,-1,-1,-1
219,34,603,628,22,23,1,-1,-1,-1
219,36,315,419,23,24,1,-1,-1,-1
219,37,453,605,23,22,1,-1,-1,-1
219,39,297,459,23,22,1,-1,-1,-1
219,40,319,534,23,24,1,-1,-1,-1
219,42,329,572,21,24,1,-1,-1,-1
219,43,446,625,22,25,1,-1,-1,-1
219,99,758,109,20,26,1,-1,-1,-1
219,220,277,120,23,21,1,-1,-1,-1
219,231,307,575,21,23,1,-1,-1,-1
219,237,839,364,31,24,1,-1,-1,-1
219,261,611,609,22,21,1,-1,-1,-1
219,303,785,574,23,21,1,-1,-1,-1
219,304,788,594,23,23,1,-1,-1,-1
219,305,824,593,22,24,1,-1,-1,-1
219,310,484,594,21,19,1,-1,-1,-1
219,324,756,135,19,38,1,-1,-1,-1
219,334,812,351,23,22,1,-1,-1,-1
219,336,819,334,26,22,1,-1,-1,-1
219,361,312,318,24,24,1,-1,-1,-1
219,371,757,626,26,22,1,-1,-1,-1
219,372,292,487,26,25,1,-1,-1,-1
219,373,318,458,13,28,1,-1,-1,-1
219,374,249,160,20,22,1,-1,-1,-1
219,377,262,198,22,20,1,-1,-1,-1
219,379,755,174,18,39,1,-1,-1,-1
219,383,819,561,21,23,1,-1,-1,-1
219,384,477,637,20,16,1,-1,-1,-1
219,387,800,515,21,22,1,-1,-1,-1
219,389,270,528,21,24,1,-1,-1,-1
219,390,686,624,19,20,1,-1,-1,-1
220,19,240,135,24,23,1,-1,-1,-1
220,33,310,356,26,23,1,-1,-1,-1
220,34,601,629,22,22,1,-1,-1,-1
220,36,314,417,24,24,1,-1,-1,-1
220,37,451,605,23,22,1,-1,-1,-1
220,39,296,458,24,21,1,-1,-1,-1
220,40,320,533,21,23,1,-1,-1,-1
220,42,328,571,21,24,1,-1,-1,-1
220,43,444,625,22,24,1,-1,-1,-1
220,99,759,118,17,17,1,-1,-1,-1
220,220,277,119,24,22,1,-1,-1,-1
220,231,306,574,22,23,1,-1,-1,-1
220,237,840,365,23,21,1,-1,-1,-1
220,261,609,609,22,21,1,-1,-1,-1
220,303,785,575,22,21,1,-1,-1,-1
220,304,788,595,22,23,1,-1,-1,-1
220,305,823,594,23,23,1,-1,-1,-1
220,310,482,594,21,19,1,-1,-1,-1
220,324,756,135,19,38,1,-1,-1,-1
220,334,812,352,22,23,1,-1,-1,-1
220,336,819,336,26,21,1,-1,-1,-1
220,361,312,317,24,23,1,-1,-1,-1
220,369,851,375,19,17,1,-1,-1,-1
220,371,757,626,26,22,1,-1,-1,-1
220,372,290,478,27,23,1,-1,-1,-1
220,373,317,450,14,27,1,-1,-1,-1
220,374,246,157,21,22,1,-1,-1,-1
220,377,262,197,21,19,1,-1,-1,-1
220,379,755,174,18,38,1,-1,-1,-1
220,383,817,567,22,24,1,-1,-1,-1
220,384,465,637,22,16,1,-1,-1,-1
220,387,799,523,21,25,1,-1,-1,-1
220,389,270,529,21,23,1,-1,-1,-1
220,391,301,437,19,22,1,-1,-1,-1
220,392,432,616,19,22,1,-1,-1,-1
221,19,239,134,24,22,1,-1,-1,-1
221,33,310,351,25,27,1,-1,-1,-1
221,34,599,628,22,23,1,-1,-1,-1
221,36,315,416,23,23,1,-1,-1,-1
221,37,449,604,23,23,1,-1,-1,-1
221,39,296,456,24,22,1,-1,-1,-1
221,40,318,532,23,23,1,-1,-1,-1
221,42,328,570,20,24,1,-1,-1,-1
221,43,442,624,23,26,1,-1,-1,-1
221,99,759,109,19,26,1,-1,-1,-1
221,220,277,119,23,22,1,-1,-1,-1
221,231,306,573,21,23,1,-1,-1,-1
221,237,839,364,25,23,1,-1,-1,-1
221,261,607,609,22,21,1,-1,-1,-1
221,303,784,576,22,21,1,-1,-1,-1
221,304,787,596,23,22,1,-1,-1,-1
221,305,824,594,22,23,1,-1,-1,-1
221,310,480,593,22,20,1,-1,-1,-1
221,324,756,135,19,38,1,-1,-1,-1
221,334,812,354,22,23,1,-1,-1,-1
221,336,819,337,26,23,1,-1,-1,-1
221,355,765,647,27,20,1,-1,-1,-1
221,361,312,316,24,23,1,-1,-1,-1
221,369,851,379,20,20,1,-1,-1,-1
221,371,757,626,26,22,1,-1,-1,-1
221,373,316,441,14,26,1,-1,-1,-1
221,374,243,155,20,20,1,-1,-1,-1
221,377,261,196,22,20,1,-1,-1,-1
221,379,755,174,18,30,1,-1,-1,-1
221,383,814,573,24,24,1,-1,-1,-1
221,384,456,636,20,17,1,-1,-1,-1
221,391,301,430,17,25,1,-1,-1,-1
221,392,424,614,20,25,1,-1,-1,-1
222,19,239,133,23,20,1,-1,-1,-1
222,33,310,348,25,28,1,-1,-1,-1
222,34,597,628,22,23,1,-1,-1,-1
222,36,315,414,22,23,1,-1,-1,-1
222,37,448,604,23,23,1,-1,-1,-1
222,39,299,455,21,21,1,-1,-1,-1
222,40,318,530,22,23,1,-1,-1,-1
222,42,327,569,21,24,1,-1,-1,-1
222,43,441,624,22,26,1,-1,-1,-1
222,99,759,119,17,16,1,-1,-1,-1
222,220,276,118,24,22,1,-1,-1,-1
222,231,306,572,20,24,1,-1,-1,-1
222,237,839,364,24,22,1,-1,-1,-1
222,261,605,609,22,21,1,-1,-1,-1
222,303,783,576,23,22,1,-1,-1,-1
222,304,787,597,22,21,1,-1,-1,-1
222,305,823,594,22,24,1,-1,-1,-1
222,310,479,593,22,20,1,-1,-1,-1
222,324,757,135,18,23,1,-1,-1,-1
222,334,812,356,22,22,1,-1,-1,-1
222,336,819,339,26,22,1,-1,-1,-1
222,355,761,648,26,20,1,-1,-1,-1
222,361,312,315,24,23,1,-1,-1,-1
222,369,850,383,24,22,1,-1,-1,-1
222,371,757,626,26,22,1,-1,-1,-1
222,373,316,435,13,23,1,-1,-1,-1
222,374,238,152,22,19,1,-1,-1,-1
222,377,261,195,21,19,1,-1,-1,-1
222,379,756,173,17,31,1,-1,-1,-1
222,383,812,578,23,25,1,-1,-1,-1
222,387,793,540,23,25,1,-1,-1,-1
222,391,302,423,14,22,1,-1,-1,-1
222,392,413,614,19,24,1,-1,-1,-1
222,393,909,99,29,21,1,-1,-1,-1
222,394,655,626,25,20,1,-1,-1,-1
222,395,507,632,22,23,1,-1,-1,-1
223,19,237,132,24,23,1,-1,-1,-1
223,33,309,347,26,28,1,-1,-1,-1
223,34,595,629,22,22,1,-1,-1,-1
223,37,446,604,23,22,1,-1,-1,-1
223,40,318,529,22,23,1,-1,-1,-1
223,42,326,568,22,24,1,-1,-1,-1
223,43,435,624,26,24,1,-1,-1,-1
223,220,276,118,24,22,1,-1,-1,-1
223,231,305,572,21,23,1,-1,-1,-1
223,237,839,364,23,23,1,-1,-1,-1
223,261,603,610,22,20,1,-1,-1,-1
223,303,782,577,23,21,1,-1,-1,-1
223,304,786,597,22,22,1,-1,-1,-1
223,305,823,595,22,23,1,-1,-1,-1
223,310,478,594,21,19,1,-1,-1,-1
223,334,812,357,22,23,1,-1,-1,-1
223,336,819,341,26,22,1,-1,-1,-1
223,355,756,650,28,19,1,-1,-1,-1
223,361,312,314,24,22,1,-1,-1,-1
223,369,850,389,22,20,1,-1,-1,-1
223,371,757,626,26,22,1,-1,-1,-1
223,374,234,151,21,16,1,-1,-1,-1
223,377,261,194,21,19,1,-1,-1,-1
223,383,809,585,22,23,1,-1,-1,-1
223,387,790,547,24,27,1,-1,-1,-1
223,389,270,529,21,22,1,-1,-1,-1
223,392,404,613,18,21,1,-1,-1,-1
223,394,648,627,23,19,1,-1,-1,-1
223,395,506,632,21,24,1,-1,-1,-1
223,396,910,161,24,24,1,-1,-1,-1
223,397,269,348,23,27,1,-1,-1,-1
223,398,810,524,22,21,1,-1,-1,-1
223,399,343,587,21,22,1,-1,-1,-1
224,19,235,132,25,23,1,-1,-1,-1
224,33,309,347,26,27,1,-1,-1,-1
224,34,593,629,22,22,1,-1,-1,-1
224,36,313,409,25,32,1,-1,-1,-1
224,37,444,604,23,22,1,-1,-1,-1
224,39,298,452,22,21,1,-1,-1,-1
224,40,317,527,23,24,1,-1,-1,-1
224,42,326,566,24,26,1,-1,-1,-1
224,43,438,624,22,25,1,-1,-1,-1
224,99,759,119,17,16,1,-1,-1,-1
224,220,275,118,24,22,1,-1,-1,-1
224,231,304,571,21,23,1,-1,-1,-1
224,237,839,364,23,23,1,-1,-1,-1
224,261,601,609,22,21,1,-1,-1,-1
224,303,782,578,23,21,1,-1,-1,-1
224,304,786,598,21,22,1,-1,-1,-1
224,305,823,596,22,22,1,-1,-1,-1
224,310,476,594,21,19,1,-1,-1,-1
224,324,757,135,18,22,1,-1,-1,-1
224,334,812,359,22,22,1,-1,-1,-1
224,336,819,343,26,22,1,-1,-1,-1
224,355,753,651,26,16,1,-1,-1,-1
224,361,312,312,24,23,1,-1,-1,-1
224,371,757,626,26,21,1,-1,-1,-1
224,374,229,145,21,19,1,-1,-1,-1
224,377,260,193,21,20,1,-1,-1,-1
224,379,756,174,17,29,1,-1,-1,-1
224,383,806,590,21,25,1,-1,-1,-1
224,384,457,638,25,16,1,-1,-1,-1
224,387,786,556,24,24,1,-1,-1,-1
224,389,270,528,21,24,1,-1,-1,-1
224,391,301,403,14,22,1,-1,-1,-1
224,392,396,613,19,20,1,-1,-1,-1
224,393,896,105,26,18,1,-1,-1,-1
224,395,504,632,22,24,1,-1,-1,-1
224,396,906,164,26,24,1,-1,-1,-1
224,398,808,532,22,21,1,-1,-1,-1
224,400,949,101,29,22,1,-1,-1,-1
224,401,317,207,15,21,1,-1,-1,-1
224,402,417,633,21,19,1,-1,-1,-1
225,19,235,131,24,23,1,-1,-1,-1
225,33,309,347,26,26,1,-1,-1,-1
225,34,591,629,22,22,1,-1,-1,-1
225,36,312,407,26,24,1,-1,-1,-1
225,37,443,604,23,22,1,-1,-1,-1
225,39,296,449,24,23,1,-1,-1,-1
225,40,317,525,22,25,1,-1,-1,-1
225,42,325,565,26,35,1,-1,-1,-1
225,43,435,624,23,25,1,-1,-1,-1
225,220,275,117,24,23,1,-1,-1,-1
225,231,304,570,21,24,1,-1,-1,-1
225,237,840,364,22,22,1,-1,-1,-1
225,261,599,609,22,21,1,-1,-1,-1
225,303,781,579,23,21,1,-1,-1,-1
225,304,785,598,20,23,1,-1,-1,-1
225,305,824,596,21,23,1,-1,-1,-1
225,310,474,593,22,20,1,-1,-1,-1
225,334,812,361,22,22,1,-1,-1,-1
225,336,819,344,26,22,1,-1,-1,-1
225,355,748,652,26,15,1,-1,-1,-1
225,361,311,312,24,22,1,-1,-1,-1
225,371,757,626,26,22,1,-1,-1,-1
225,374,224,138,19,23,1,-1,-1,-1
225,377,260,191,21,21,1,-1,-1,-1
225,383,806,596,18,24,1,-1,-1,-1
225,384,448,638,23,16,1,-1,-1,-1
225,387,783,564,23,17,1,-1,-1,-1
225,389,271,530,19,20,1,-1,-1,-1
225,391,298,392,16,28,1,-1,-1,-1
225,393,889,107,26,18,1,-1,-1,-1
225,395,503,632,21,24,1,-1,-1,-1
225,396,902,167,25,24,1,-1,-1,-1
225,397,270,350,22,24,1,-1,-1,-1
225,398,806,541,20,22,1,-1,-1,-1
225,402,406,631,21,20,1,-1,-1,-1
225,403,287,430,27,20,1,-1,-1,-1
225,404,296,486,19,26,1,-1,-1,-1
226,19,235,130,23,22,1,-1,-1,-1
226,33,308,346,27,25,1,-1,-1,-1
226,34,589,629,22,22,1,-1,-1,-1
226,36,311,395,27,34,1,-1,-1,-1
226,37,441,604,23,22,1,-1,-1,-1
226,39,295,448,25,23,1,-1,-1,-1
226,40,317,524,22,25,1,-1,-1,-1
226,42,324,564,22,30,1,-1,-1,-1
226,43,433,624,23,24,1,-1,-1,-1
226,99,759,118,17,17,1,-1,-1,-1
226,220,275,117,24,22,1,-1,-1,-1
226,231,303,569,21,24,1,-1,-1,-1
226,237,840,364,22,22,1,-1,-1,-1
226,261,597,610,22,21,1,-1,-1,-1
226,303,781,579,22,21,1,-1,-1,-1
226,304,785,599,21,22,1,-1,-1,-1
226,305,822,597,22,22,1,-1,-1,-1
226,310,472,593,22,20,1,-1,-1,-1
226,324,756,135,19,39,1,-1,-1,-1
226,334,811,363,23,22,1,-1,-1,-1
226,336,818,346,27,22,1,-1,-1,-1
226,355,744,652,26,15,1,-1,-1,-1
226,361,311,310,24,22,1,-1,-1,-1
226,371,757,626,26,22,1,-1,-1,-1
226,374,219,135,19,23,1,-1,-1,-1
226,377,260,189,21,22,1,-1,-1,-1
226,383,802,602,20,22,1,-1,-1,-1
226,389,270,529,21,22,1,-1,-1,-1
226,391,297,382,18,31,1,-1,-1,-1
226,393,883,108,25,19,1,-1,-1,-1
226,395,501,632,22,23,1,-1,-1,-1
226,396,897,168,26,29,1,-1,-1,-1
226,397,268,348,25,28,1,-1,-1,-1
226,398,804,551,16,21,1,-1,-1,-1
226,400,933,102,28,23,1,-1,-1,-1
226,402,396,630,20,19,1,-1,-1,-1
226,403,286,419,27,24,1,-1,-1,-1
226,404,295,475,20,28,1,-1,-1,-1
227,19,234,130,23,22,1,-1,-1,-1
227,33,308,344,27,26,1,-1,-1,-1
227,34,587,629,22,22,1,-1,-1,-1
227,36,314,402,23,25,1,-1,-1,-1
227,37,440,603,22,23,1,-1,-1,-1
227,39,296,447,24,23,1,-1,-1,-1
227,40,316,523,23,26,1,-1,-1,-1
227,42,323,563,22,25,1,-1,-1,-1
227,43,429,624,25,25,1,-1,-1,-1
227,99,758,109,19,26,1,-1,-1,-1
227,220,275,116,24,23,1,-1,-1,-1
227,231,303,568,21,24,1,-1,-1,-1
227,237,840,364,22,22,1,-1,-1,-1
227,261,594,609,23,21,1,-1,-1,-1
227,303,782,580,20,20,1,-1,-1,-1
227,304,784,600,24,22,1,-1,-1,-1
227,305,822,597,22,22,1,-1,-1,-1
227,310,470,593,23,20,1,-1,-1,-1
227,324,756,135,19,39,1,-1,-1,-1
227,334,812,364,22,23,1,-1,-1,-1
227,336,819,347,26,23,1,-1,-1,-1
227,355,740,653,26,14,1,-1,-1,-1
227,361,311,309,24,22,1,-1,-1,-1
227,371,758,626,25,22,1,-1,-1,-1
227,374,213,131,22,24,1,-1,-1,-1
227,377,259,188,22,23,1,-1,-1,-1
227,379,755,174,18,40,1,-1,-1,-1
227,383,799,609,20,19,1,-1,-1,-1
227,389,270,529,20,22,1,-1,-1,-1
227,391,296,372,19,31,1,-1,-1,-1
227,393,878,110,23,19,1,-1,-1,-1
227,395,499,632,22,24,1,-1,-1,-1
227,396,893,171,27,27,1,-1,-1,-1
227,397,268,348,25,28,1,-1,-1,-1
227,398,801,556,22,24,1,-1,-1,-1
227,400,926,103,27,23,1,-1,-1,-1
227,401,316,189,14,23,1,-1,-1,-1
227,403,286,412,26,21,1,-1,-1,-1
227,404,295,468,19,23,1,-1,-1,-1
227,405,290,211,21,22,1,-1,-1,-1
227,406,311,387,17,22,1,-1,-1,-1
227,407,609,629,24,20,1,-1,-1,-1
228,19,231,130,25,21,1,-1,-1,-1
228,33,308,344,27,24,1,-1,-1,-1
228,34,584,629,22,22,1,-1,-1,-1
228,36,314,400,23,24,1,-1,-1,-1
228,37,438,604,23,21,1,-1,-1,-1
228,39,297,446,23,21,1,-1,-1,-1
228,40,316,522,22,26,1,-1,-1,-1
228,42,318,558,26,28,1,-1,-1,-1
228,43,430,624,23,24,1,-1,-1,-1
228,220,274,116,25,23,1,-1,-1,-1
228,231,302,568,22,23,1,-1,-1,-1
228,237,840,364,22,22,1,-1,-1,-1
228,261,592,609,23,22,1,-1,-1,-1
228,303,780,580,22,22,1,-1,-1,-1
228,304,784,600,21,23,1,-1,-1,-1
228,305,822,598,22,22,1,-1,-1,-1
228,324,757,135,18,25,1,-1,-1,-1
228,334,812,366,22,23,1,-1,-1,-1
228,336,819,349,26,23,1,-1,-1,-1
228,355,736,654,26,13,1,-1,-1,-1
228,361,311,307,24,22,1,-1,-1,-1
228,371,757,626,26,22,1,-1,-1,-1
228,374,208,129,23,23,1,-1,-1,-1
228,377,258,187,22,22,1,-1,-1,-1
228,383,793,613,23,18,1,-1,-1,-1
228,389,270,529,21,22,1,-1,-1,-1
228,391,296,364,19,26,1,-1,-1,-1
228,395,498,632,21,23,1,-1,-1,-1
228,396,890,175,27,28,1,-1,-1,-1
228,397,269,348,23,27,1,-1,-1,-1
228,398,798,565,22,23,1,-1,-1,-1
228,400,918,104,25,23,1,-1,-1,-1
228,401,316,184,14,23,1,-1,-1,-1
228,402,410,635,20,16,1,-1,-1,-1
228,404,298,463,15,17,1,-1,-1,-1
228,405,289,203,21,24,1,-1,-1,-1
228,406,310,379,18,24,1,-1,-1,-1
228,407,606,629,16,20,1,-1,-1,-1
228,408,764,584,22,24,1,-1,-1,-1
229,19,230,129,25,22,1,-1,-1,-1
229,33,308,342,27,25,1,-1,-1,-1
229,34,582,629,23,22,1,-1,-1,-1
229,36,314,398,23,24,1,-1,-1,-1
229,37,436,603,23,22,1,-1,-1,-1
229,39,298,444,22,28,1,-1,-1,-1
229,40,316,521,22,25,1,-1,-1,-1
229,42,323,560,21,25,1,-1,-1,-1
229,43,428,624,23,24,1,-1,-1,-1
229,220,274,116,24,22,1,-1,-1,-1
229,231,302,567,21,23,1,-1,-1,-1
229,237,840,364,23,23,1,-1,-1,-1
229,261,590,609,23,22,1,-1,-1,-1
229,303,778,581,23,22,1,-1,-1,-1
229,304,783,601,22,22,1,-1,-1,-1
229,305,821,598,23,23,1,-1,-1,-1
229,310,467,593,22,20,1,-1,-1,-1
229,324,756,135,19,38,1,-1,-1,-1
229,334,811,368,23,23,1,-1,-1,-1
229,336,818,351,27,23,1,-1,-1,-1
229,355,732,655,26,12,1,-1,-1,-1
229,361,311,306,24,22,1,-1,-1,-1
229,371,757,626,26,22,1,-1,-1,-1
229,374,202,126,23,24,1,-1,-1,-1
229,377,258,186,22,22,1,-1,-1,-1
229,383,788,616,24,18,1,-1,-1,-1
229,389,269,528,22,23,1,-1,-1,-1
229,391,295,355,20,27,1,-1,-1,-1
229,395,496,632,22,23,1,-1,-1,-1
229,396,891,180,21,25,1,-1,-1,-1
229,397,269,348,23,27,1,-1,-1,-1
229,398,796,572,20,21,1,-1,-1,-1
229,400,912,106,23,22,1,-1,-1,-1
229,402,401,634,22,16,1,-1,-1,-1
229,406,309,370,19,27,1,-1,-1,-1
229,408,758,589,25,24,1,-1,-1,-1
229,409,288,389,24,21,1,-1,-1,-1
229,410,314,545,15,25,1,-1,-1,-1
230,19,229,128,25,22,1,-1,-1,-1
230,33,308,340,27,25,1,-1,-1,-1
230,34,579,629,23,22,1,-1,-1,-1
230,36,314,397,23,23,1,-1,-1,-1
230,37,434,603,23,22,1,-1,-1,-1
230,40,315,519,23,23,1,-1,-1,-1
230,42,321,559,22,24,1,-1,-1,-1
230,43,427,624,23,24,1,-1,-1,-1
230,220,274,116,24,22,1,-1,-1,-1
230,231,301,566,22,23,1,-1,-1,-1
230,237,840,364,22,22,1,-1,-1,-1
230,261,588,609,23,22,1,-1,-1,-1
230,303,777,581,23,22,1,-1,-1,-1
230,304,783,601,22,22,1,-1,-1,-1
230,305,821,599,23,22,1,-1,-1,-1
230,310,465,593,22,20,1,-1,-1,-1
230,324,756,135,19,39,1,-1,-1,-1
230,334,811,370,22,22,1,-1,-1,-1
230,336,818,353,26,23,1,-1,-1,-1
230,355,727,657,26,10,1,-1,-1,-1
230,361,311,304,24,23,1,-1,-1,-1
230,371,757,626,26,22,1,-1,-1,-1
230,377,257,184,23,23,1,-1,-1,-1
230,383,782,620,26,17,1,-1,-1,-1
230,389,270,528,21,23,1,-1,-1,-1
230,391,293,351,19,22,1,-1,-1,-1
230,395,495,632,21,23,1,-1,-1,-1
230,397,269,348,24,27,1,-1,-1,-1
230,406,308,362,18,24,1,-1,-1,-1
230,408,751,593,27,25,1,-1,-1,-1
230,409,287,380,25,22,1,-1,-1,-1
230,410,311,540,18,24,1,-1,-1,-1
231,19,228,128,25,21,1,-1,-1,-1
231,33,308,339,27,25,1,-1,-1,-1
231,34,574,629,26,22,1,-1,-1,-1
231,36,314,395,22,24,1,-1,-1,-1
231,37,433,603,22,22,1,-1,-1,-1
231,39,300,441,19,21,1,-1,-1,-1
231,40,314,517,24,23,1,-1,-1,-1
231,42,321,557,22,25,1,-1,-1,-1
231,43,426,624,22,24,1,-1,-1,-1
231,220,273,115,24,22,1,-1,-1,-1
231,231,301,565,21,24,1,-1,-1,-1
231,237,840,364,22,23,1,-1,-1,-1
231,261,586,609,23,21,1,-1,-1,-1
231,303,777,583,22,21,1,-1,-1,-1
231,304,783,600,21,24,1,-1,-1,-1
231,305,821,599,23,23,1,-1,-1,-1
231,310,463,593,22,20,1,-1,-1,-1
231,334,811,372,22,22,1,-1,-1,-1
231,336,818,354,26,24,1,-1,-1,-1
231,355,723,658,25,10,1,-1,-1,-1
231,361,311,305,23,21,1,-1,-1,-1
231,371,758,626,25,22,1,-1,-1,-1
231,377,257,182,22,24,1,-1,-1,-1
231,383,783,623,20,15,1,-1,-1,-1
231,389,270,528,21,23,1,-1,-1,-1
231,395,493,632,22,23,1,-1,-1,-1
231,400,897,109,21,21,1,-1,-1,-1
231,401,313,170,14,20,1,-1,-1,-1
231,406,309,357,17,20,1,-1,-1,-1
231,410,309,531,19,25,1,-1,-1,-1
231,411,283,182,23,20,1,-1,-1,-1
231,412,804,512,22,17,1,-1,-1,-1
231,413,334,590,28,22,1,-1,-1,-1
232,19,227,127,25,22,1,-1,-1,-1
232,33,309,338,25,24,1,-1,-1,-1
232,34,576,628,22,23,1,-1,-1,-1
232,36,314,393,23,23,1,-1,-1,-1
232,37,431,603,23,22,1,-1,-1,-1
232,39,299,439,20,21,1,-1,-1,-1
232,40,314,516,24,22,1,-1,-1,-1
232,42,320,556,22,25,1,-1,-1,-1
232,43,424,623,23,25,1,-1,-1,-1
232,220,273,114,24,23,1,-1,-1,-1
232,231,300,564,22,24,1,-1,-1,-1
232,237,840,364,22,22,1,-1,-1,-1
232,261,584,609,23,21,1,-1,-1,-1
232,303,778,584,20,20,1,-1,-1,-1
232,310,461,593,22,20,1,-1,-1,-1
232,324,756,135,19,39,1,-1,-1,-1
232,334,811,373,22,23,1,-1,-1,-1
232,336,818,356,25,23,1,-1,-1,-1
232,355,720,660,21,8,1,-1,-1,-1
232,361,312,307,21,17,1,-1,-1,-1
232,377,257,182,22,23,1,-1,-1,-1
232,389,269,528,22,23,1,-1,-1,-1
232,395,491,632,22,23,1,-1,-1,-1
232,400,890,111,24,22,1,-1,-1,-1
232,401,311,164,16,22,1,-1,-1,-1
232,411,281,174,24,22,1,-1,-1,-1
232,412,803,516,23,22,1,-1,-1,-1
232,413,329,586,26,19,1,-1,-1,-1
232,414,849,127,17,11,1,-1,-1,-1
232,415,755,174,18,38,1,-1,-1,-1
232,416,556,629,20,20,1,-1,-1,-1
233,19,226,127,25,21,1,-1,-1,-1
233,33,308,336,26,24,1,-1,-1,-1
233,34,573,629,23,22,1,-1,-1,-1
233,36,314,391,23,23,1,-1,-1,-1
233,37,429,603,23,22,1,-1,-1,-1
233,39,298,438,21,21,1,-1,-1,-1
233,40,317,515,20,22,1,-1,-1,-1
233,42,320,555,22,24,1,-1,-1,-1
233,43,423,623,22,24,1,-1,-1,-1
233,220,272,114,24,23,1,-1,-1,-1
233,231,300,563,22,24,1,-1,-1,-1
233,237,840,364,22,22,1,-1,-1,-1
233,261,582,609,22,21,1,-1,-1,-1
233,310,459,593,23,20,1,-1,-1,-1
233,324,756,135,19,39,1,-1,-1,-1
233,334,811,375,22,22,1,-1,-1,-1
233,336,817,358,26,23,1,-1,-1,-1
233,355,714,660,21,9,1,-1,-1,-1
233,361,311,302,23,21,1,-1,-1,-1
233,377,257,181,22,23,1,-1,-1,-1
233,389,270,528,21,24,1,-1,-1,-1
233,395,490,632,21,23,1,-1,-1,-1
233,397,268,348,24,27,1,-1,-1,-1
233,400,885,112,23,22,1,-1,-1,-1
233,410,304,510,13,27,1,-1,-1,-1
233,411,279,168,23,21,1,-1,-1,-1
233,412,801,524,24,26,1,-1,-1,-1
233,413,323,581,27,20,1,-1,-1,-1
233,414,845,130,17,13,1,-1,-1,-1
233,415,755,174,18,32,1,-1,-1,-1
233,416,550,629,19,20,1,-1,-1,-1
233,417,759,109,19,26,1,-1,-1,-1
234,19,225,126,25,22,1,-1,-1,-1
234,33,309,334,25,24,1,-1,-1,-1
234,34,571,628,23,23,1,-1,-1,-1
234,36,313,389,23,23,1,-1,-1,-1
234,37,428,603,22,21,1,-1,-1,-1
234,39,298,436,21,22,1,-1,-1,-1
234,40,314,513,23,22,1,-1,-1,-1
234,42,319,554,23,23,1,-1,-1,-1
234,43,421,623,22,24,1,-1,-1,-1
234,220,272,114,24,23,1,-1,-1,-1
234,231,299,562,22,24,1,-1,-1,-1
234,237,841,364,21,22,1,-1,-1,-1
234,261,580,609,22,22,1,-1,-1,-1
234,303,776,585,21,19,1,-1,-1,-1
234,310,457,592,22,21,1,-1,-1,-1
234,324,757,135,18,21,1,-1,-1,-1
234,334,811,377,22,22,1,-1,-1,-1
234,336,817,360,25,23,1,-1,-1,-1
234,361,311,301,23,21,1,-1,-1,-1
234,377,256,181,23,22,1,-1,-1,-1
234,389,270,529,21,22,1,-1,-1,-1
234,395,488,632,22,23,1,-1,-1,-1
234,397,269,348,23,27,1,-1,-1,-1
234,411,276,162,24,22,1,-1,-1,-1
234,412,799,532,24,25,1,-1,-1,-1
234,413,318,577,28,19,1,-1,-1,-1
234,414,841,133,18,15,1,-1,-1,-1
234,415,756,174,17,27,1,-1,-1,-1
234,417,759,119,17,16,1,-1,-1,-1
234,418,757,157,15,16,1,-1,-1,-1
234,419,818,505,23,14,1,-1,-1,-1
235,19,224,125,25,22,1,-1,-1,-1
235,33,309,333,25,24,1,-1,-1,-1
235,34,569,628,23,23,1,-1,-1,-1
235,36,313,387,23,24,1,-1,-1,-1
235,37,426,602,23,22,1,-1,-1,-1
235,39,297,435,22,22,1,-1,-1,-1
235,40,313,512,23,22,1,-1,-1,-1
235,42,318,552,23,24,1,-1,-1,-1
235,43,419,623,22,24,1,-1,-1,-1
235,220,272,114,23,22,1,-1,-1,-1
235,231,298,561,22,24,1,-1,-1,-1
235,237,841,364,22,22,1,-1,-1,-1
235,261,578,609,22,22,1,-1,-1,-1
235,303,773,585,23,22,1,-1,-1,-1
235,304,783,604,19,23,1,-1,-1,-1
235,305,820,601,23,22,1,-1,-1,-1
235,310,455,592,23,21,1,-1,-1,-1
235,324,756,134,19,39,1,-1,-1,-1
235,334,811,379,22,22,1,-1,-1,-1
235,336,817,362,25,23,1,-1,-1,-1
235,355,702,660,23,13,1,-1,-1,-1
235,361,311,300,23,22,1,-1,-1,-1
235,371,755,626,28,22,1,-1,-1,-1
235,377,256,180,23,22,1,-1,-1,-1
235,389,270,528,21,24,1,-1,-1,-1
235,395,486,632,22,23,1,-1,-1,-1
235,397,268,348,24,27,1,-1,-1,-1
235,410,305,492,12,25,1,-1,-1,-1
235,411,273,157,25,21,1,-1,-1,-1
235,412,797,540,23,23,1,-1,-1,-1
235,413,316,574,25,16,1,-1,-1,-1
235,414,837,137,18,17,1,-1,-1,-1
235,419,818,505,23,16,1,-1,-1,-1
235,420,302,315,22,22,1,-1,-1,-1
235,421,284,330,18,23,1,-1,-1,-1
235,422,767,604,17,19,1,-1,-1,-1
235,423,710,612,25,20,1,-1,-1,-1
235,424,869,211,25,25,1,-1,-1,-1
235,425,528,628,19,21,1,-1,-1,-1
236,19,223,125,25,22,1,-1,-1,-1
236,33,308,331,26,25,1,-1,-1,-1
236,34,567,628,23,23,1,-1,-1,-1
236,36,313,385,23,24,1,-1,-1,-1
236,37,424,602,23,22,1,-1,-1,-1
236,39,297,434,22,21,1,-1,-1,-1
236,40,313,510,22,22,1,-1,-1,-1
236,42,318,552,23,25,1,-1,-1,-1
236,43,418,623,22,24,1,-1,-1,-1
236,220,272,113,23,23,1,-1,-1,-1
236,231,298,560,23,24,1,-1,-1,-1
236,237,842,364,21,23,1,-1,-1,-1
236,261,576,609,22,21,1,-1,-1,-1
236,303,772,586,23,21,1,-1,-1,-1
236,304,780,605,21,22,1,-1,-1,-1
236,305,820,601,23,22,1,-1,-1,-1
236,310,453,591,23,21,1,-1,-1,-1
236,324,756,135,19,38,1,-1,-1,-1
236,334,811,381,22,21,1,-1,-1,-1
236,336,817,364,24,22,1,-1,-1,-1
236,355,696,660,24,12,1,-1,-1,-1
236,361,311,303,23,17,1,-1,-1,-1
236,371,748,626,35,23,1,-1,-1,-1
236,377,255,179,24,22,1,-1,-1,-1
236,389,270,529,21,22,1,-1,-1,-1
236,395,485,632,21,23,1,-1,-1,-1
236,410,302,483,15,24,1,-1,-1,-1
236,411,270,150,24,22,1,-1,-1,-1
236,412,795,547,23,26,1,-1,-1,-1
236,414,835,141,17,18,1,-1,-1,-1
236,415,755,174,18,27,1,-1,-1,-1
236,417,758,118,18,17,1,-1,-1,-1
236,419,818,504,24,19,1,-1,-1,-1
236,422,760,608,20,17,1,-1,-1,-1
236,423,701,615,27,18,1,-1,-1,-1
236,424,867,216,20,24,1,-1,-1,-1
236,425,518,628,23,20,1,-1,-1,-1
237,19,221,124,25,22,1,-1,-1,-1
237,33,308,329,26,25,1,-1,-1,-1
237,34,565,628,23,23,1,-1,-1,-1
237,36,313,384,23,23,1,-1,-1,-1
237,37,423,602,23,22,1,-1,-1,-1
237,39,297,432,21,22,1,-1,-1,-1
237,40,313,509,22,22,1,-1,-1,-1
237,42,318,550,22,24,1,-1,-1,-1
237,43,416,623,22,24,1,-1,-1,-1
237,220,271,113,24,23,1,-1,-1,-1
237,231,298,560,22,23,1,-1,-1,-1
237,237,842,364,21,23,1,-1,-1,-1
237,261,573,609,22,21,1,-1,-1,-1
237,303,772,587,22,21,1,-1,-1,-1
237,304,779,605,21,23,1,-1,-1,-1
237,305,820,602,22,22,1,-1,-1,-1
237,310,451,591,23,21,1,-1,-1,-1
237,324,757,135,18,23,1,-1,-1,-1
237,334,811,382,22,22,1,-1,-1,-1
237,336,817,365,24,22,1,-1,-1,-1
237,355,690,660,26,12,1,-1,-1,-1
237,361,311,298,24,21,1,-1,-1,-1
237,371,742,624,40,27,1,-1,-1,-1
237,377,255,178,24,22,1,-1,-1,-1
237,389,270,529,21,23,1,-1,-1,-1
237,395,483,632,21,23,1,-1,-1,-1
237,410,301,473,14,23,1,-1,-1,-1
237,411,267,145,24,23,1,-1,-1,-1
237,412,792,555,24,24,1,-1,-1,-1
237,414,833,145,16,18,1,-1,-1,-1
237,415,755,174,18,31,1,-1,-1,-1
237,417,759,118,17,17,1,-1,-1,-1
237,419,817,505,25,19,1,-1,-1,-1
237,422,751,612,22,14,1,-1,-1,-1
237,423,692,616,26,18,1,-1,-1,-1
237,425,507,628,25,20,1,-1,-1,-1
237,426,311,595,17,16,1,-1,-1,-1
238,19,220,124,25,21,1,-1,-1,-1
238,33,308,328,26,25,1,-1,-1,-1
238,34,563,628,23,23,1,-1,-1,-1
238,36,313,382,23,23,1,-1,-1,-1
238,37,421,602,23,21,1,-1,-1,-1
238,39,296,430,22,23,1,-1,-1,-1
238,40,312,507,23,22,1,-1,-1,-1
238,42,319,548,20,25,1,-1,-1,-1
238,43,415,623,22,23,1,-1,-1,-1
238,220,271,113,24,23,1,-1,-1,-1
238,231,297,551,23,31,1,-1,-1,-1
238,237,841,364,22,22,1,-1,-1,-1
238,261,571,609,22,21,1,-1,-1,-1
238,303,771,587,23,21,1,-1,-1,-1
238,304,778,606,22,22,1,-1,-1,-1
238,305,820,602,22,22,1,-1,-1,-1
238,310,449,590,23,22,1,-1,-1,-1
238,324,756,135,19,39,1,-1,-1,-1
238,334,811,385,22,21,1,-1,-1,-1
238,336,817,366,25,23,1,-1,-1,-1
238,355,683,660,27,12,1,-1,-1,-1
238,361,311,297,23,20,1,-1,-1,-1
238,371,757,626,26,22,1,-1,-1,-1
238,377,254,178,24,21,1,-1,-1,-1
238,389,270,528,21,24,1,-1,-1,-1
238,395,481,632,21,23,1,-1,-1,-1
238,410,301,461,14,22,1,-1,-1,-1
238,411,264,140,24,22,1,-1,-1,-1
238,412,789,560,23,25,1,-1,-1,-1
238,414,829,152,17,17,1,-1,-1,-1
238,415,755,174,18,37,1,-1,-1,-1
238,417,758,118,18,17,1,-1,-1,-1
238,419,817,506,25,19,1,-1,-1,-1
238,422,744,614,24,18,1,-1,-1,-1
238,423,681,618,30,16,1,-1,-1,-1
238,424,864,226,23,26,1,-1,-1,-1
238,425,498,627,25,20,1,-1,-1,-1
238,426,305,588,18,21,1,-1,-1,-1
238,427,735,639,25,13,1,-1,-1,-1
239,19,219,123,25,22,1,-1,-1,-1
239,33,308,327,26,25,1,-1,-1,-1
239,34,561,628,23,23,1,-1,-1,-1
239,36,313,380,23,24,1,-1,-1,-1
239,37,420,601,22,22,1,-1,-1,-1
239,39,296,429,23,23,1,-1,-1,-1
239,40,312,506,23,22,1,-1,-1,-1
239,42,317,541,22,31,1,-1,-1,-1
239,43,413,622,23,24,1,-1,-1,-1
239,220,271,112,23,23,1,-1,-1,-1
239,231,297,555,22,26,1,-1,-1,-1
239,237,841,364,22,22,1,-1,-1,-1
239,261,568,609,23,21,1,-1,-1,-1
239,303,770,588,23,21,1,-1,-1,-1
239,304,778,606,21,23,1,-1,-1,-1
239,305,820,603,22,21,1,-1,-1,-1
239,310,447,590,22,21,1,-1,-1,-1
239,324,756,135,19,39,1,-1,-1,-1
239,334,812,386,21,22,1,-1,-1,-1
239,336,817,368,25,22,1,-1,-1,-1
239,355,678,661,26,10,1,-1,-1,-1
239,361,310,294,24,22,1,-1,-1,-1
239,371,757,626,26,21,1,-1,-1,-1
239,377,254,177,24,21,1,-1,-1,-1
239,389,270,528,21,24,1,-1,-1,-1
239,395,480,629,22,26,1,-1,-1,-1
239,397,268,348,24,27,1,-1,-1,-1
239,410,300,452,15,23,1,-1,-1,-1
239,411,260,134,25,23,1,-1,-1,-1
239,412,786,566,24,25,1,-1,-1,-1
239,414,827,156,16,19,1,-1,-1,-1
239,417,759,109,19,26,1,-1,-1,-1
239,419,817,508,25,19,1,-1,-1,-1
239,420,281,293,25,25,1,-1,-1,-1
239,421,291,342,14,27,1,-1,-1,-1
239,422,736,616,26,21,1,-1,-1,-1
239,423,672,621,30,13,1,-1,-1,-1
239,425,493,626,19,20,1,-1,-1,-1
239,426,301,583,18,19,1,-1,-1,-1
239,427,727,641,26,12,1,-1,-1,-1
239,428,285,253,24,25,1,-1,-1,-1
239,429,300,278,22,23,1,-1,-1,-1
240,19,217,122,26,23,1,-1,-1,-1
240,33,308,325,26,25,1,-1,-1,-1
240,34,559,628,23,23,1,-1,-1,-1
240,36,313,378,23,24,1,-1,-1,-1
240,37,418,601,23,22,1,-1,-1,-1
240,39,295,427,23,38,1,-1,-1,-1
240,40,312,504,23,22,1,-1,-1,-1
240,42,316,540,22,31,1,-1,-1,-1
240,43,412,622,22,24,1,-1,-1,-1
240,220,271,112,23,23,1,-1,-1,-1
240,231,297,556,22,22,1,-1,-1,-1
240,237,841,364,22,22,1,-1,-1,-1
240,261,567,609,22,21,1,-1,-1,-1
240,303,769,588,22,22,1,-1,-1,-1
240,304,777,607,22,22,1,-1,-1,-1
240,305,819,604,23,21,1,-1,-1,-1
240,310,445,589,23,22,1,-1,-1,-1
240,324,757,135,18,23,1,-1,-1,-1
240,334,811,388,22,21,1,-1,-1,-1
240,336,817,370,25,22,1,-1,-1,-1
240,355,671,661,27,11,1,-1,-1,-1
240,361,310,293,25,22,1,-1,-1,-1
240,371,757,626,26,21,1,-1,-1,-1
240,377,253,176,25,21,1,-1,-1,-1
240,389,269,528,22,24,1,-1,-1,-1
240,395,478,632,21,23,1,-1,-1,-1
240,397,269,349,23,26,1,-1,-1,-1
240,411,255,130,27,22,1,-1,-1,-1
240,412,783,572,23,23,1,-1,-1,-1
240,414,826,162,14,18,1,-1,-1,-1
240,415,756,174,17,29,1,-1,-1,-1
240,417,759,119,17,16,1,-1,-1,-1
240,419,817,509,25,20,1,-1,-1,-1
240,422,728,619,26,20,1,-1,-1,-1
240,423,660,622,29,14,1,-1,-1,-1
240,424,862,237,22,29,1,-1,-1,-1
240,426,297,579,19,17,1,-1,-1,-1
240,427,719,642,25,13,1,-1,-1,-1
240,429,301,268,22,25,1,-1,-1,-1
240,430,757,158,15,16,1,-1,-1,-1
241,19,217,122,24,22,1,-1,-1,-1
241,33,308,324,26,24,1,-1,-1,-1
241,34,557,628,23,23,1,-1,-1,-1
241,36,313,377,23,23,1,-1,-1,-1
241,37,416,601,23,22,1,-1,-1,-1
241,39,295,425,23,33,1,-1,-1,-1
241,40,312,503,23,22,1,-1,-1,-1
241,42,315,542,21,27,1,-1,-1,-1
241,43,410,622,23,24,1,-1,-1,-1
241,220,270,111,24,23,1,-1,-1,-1
241,231,296,555,22,27,1,-1,-1,-1
241,237,840,364,23,22,1,-1,-1,-1
241,261,565,609,21,21,1,-1,-1,-1
241,303,768,588,23,23,1,-1,-1,-1
241,304,777,607,21,23,1,-1,-1,-1
241,305,819,604,22,22,1,-1,-1,-1
241,310,443,590,23,21,1,-1,-1,-1
241,324,756,135,19,38,1,-1,-1,-1
241,334,812,390,21,21,1,-1,-1,-1
241,336,817,371,26,22,1,-1,-1,-1
241,355,667,661,25,10,1,-1,-1,-1
241,361,310,292,25,22,1,-1,-1,-1
241,371,757,626,26,22,1,-1,-1,-1
241,377,253,176,24,21,1,-1,-1,-1
241,389,269,529,22,23,1,-1,-1,-1
241,395,476,631,21,24,1,-1,-1,-1
241,397,269,348,23,27,1,-1,-1,-1
241,411,251,127,26,21,1,-1,-1,-1
241,412,780,578,23,21,1,-1,-1,-1
241,414,824,168,14,18,1,-1,-1,-1
241,417,759,114,17,21,1,-1,-1,-1
241,419,817,510,24,20,1,-1,-1,-1
241,422,720,621,24,21,1,-1,-1,-1
241,423,651,623,28,14,1,-1,-1,-1
241,424,861,242,22,29,1,-1,-1,-1
241,427,708,643,27,14,1,-1,-1,-1
241,429,302,260,20,25,1,-1,-1,-1
241,431,465,626,23,19,1,-1,-1,-1
242,19,215,122,25,21,1,-1,-1,-1
242,33,307,322,27,25,1,-1,-1,-1
242,34,555,628,23,23,1,-1,-1,-1
242,36,312,375,24,23,1,-1,-1,-1
242,37,415,601,23,22,1,-1,-1,-1
242,39,297,420,22,26,1,-1,-1,-1
242,40,311,501,24,22,1,-1,-1,-1
242,42,315,541,21,27,1,-1,-1,-1
242,43,409,622,22,24,1,-1,-1,-1
242,220,270,111,23,23,1,-1,-1,-1
242,231,297,554,21,24,1,-1,-1,-1
242,237,840,364,23,23,1,-1,-1,-1
242,261,562,609,22,21,1,-1,-1,-1
242,303,767,586,32,26,1,-1,-1,-1
242,304,777,608,21,22,1,-1,-1,-1
242,305,819,604,22,22,1,-1,-1,-1
242,310,441,589,23,21,1,-1,-1,-1
242,324,756,135,19,39,1,-1,-1,-1
242,334,812,392,21,21,1,-1,-1,-1
242,336,818,373,25,22,1,-1,-1,-1
242,355,661,661,23,9,1,-1,-1,-1
242,361,310,290,24,23,1,-1,-1,-1
242,371,757,626,26,22,1,-1,-1,-1
242,377,253,175,24,21,1,-1,-1,-1
242,395,474,632,22,23,1,-1,-1,-1
242,397,268,348,24,28,1,-1,-1,-1
242,411,247,122,26,22,1,-1,-1,-1
242,414,820,173,16,21,1,-1,-1,-1
242,415,755,174,18,40,1,-1,-1,-1
242,417,758,109,20,26,1,-1,-1,-1
242,419,816,511,25,20,1,-1,-1,-1
242,426,299,587,24,17,1,-1,-1,-1
242,427,701,644,22,13,1,-1,-1,-1
242,429,300,252,21,26,1,-1,-1,-1
242,431,455,626,25,19,1,-1,-1,-1
242,432,283,223,22,23,1,-1,-1,-1
243,19,214,121,25,22,1,-1,-1,-1
243,33,307,321,27,24,1,-1,-1,-1
243,34,554,628,21,23,1,-1,-1,-1
243,36,312,373,24,23,1,-1,-1,-1
243,37,413,600,23,22,1,-1,-1,-1
243,39,298,408,20,35,1,-1,-1,-1
243,40,312,500,23,22,1,-1,-1,-1
243,42,314,541,22,26,1,-1,-1,-1
243,43,408,622,22,24,1,-1,-1,-1
243,220,269,111,24,23,1,-1,-1,-1
243,231,289,552,28,24,1,-1,-1,-1
243,237,840,364,22,22,1,-1,-1,-1
243,261,560,609,22,20,1,-1,-1,-1
243,303,767,591,28,21,1,-1,-1,-1
243,304,776,608,21,23,1,-1,-1,-1
243,305,819,605,22,22,1,-1,-1,-1
243,310,439,589,23,21,1,-1,-1,-1
243,324,756,135,19,38,1,-1,-1,-1
243,334,812,393,21,22,1,-1,-1,-1
243,336,818,374,26,22,1,-1,-1,-1
243,361,310,289,24,22,1,-1,-1,-1
243,371,757,626,25,22,1,-1,-1,-1
243,377,252,174,24,21,1,-1,-1,-1
243,389,269,529,21,22,1,-1,-1,-1
243,395,473,632,21,23,1,-1,-1,-1
243,397,268,348,25,28,1,-1,-1,-1
243,411,243,119,26,22,1,-1,-1,-1
243,414,820,180,14,18,1,-1,-1,-1
243,415,755,174,18,40,1,-1,-1,-1
243,417,759,118,17,17,1,-1,-1,-1
243,419,816,512,25,21,1,-1,-1,-1
243,420,283,301,20,25,1,-1,-1,-1
243,424,859,255,22,28,1,-1,-1,-1
243,426,293,580,27,19,1,-1,-1,-1
243,428,280,259,26,23,1,-1,-1,-1
243,429,300,243,20,26,1,-1,-1,-1
243,431,446,626,25,19,1,-1,-1,-1
244,19,213,121,25,22,1,-1,-1,-1
244,33,307,319,26,25,1,-1,-1,-1
244,34,552,628,22,23,1,-1,-1,-1
244,36,312,371,24,23,1,-1,-1,-1
244,37,412,600,22,22,1,-1,-1,-1
244,39,297,420,21,22,1,-1,-1,-1
244,40,311,498,23,22,1,-1,-1,-1
244,42,314,540,22,25,1,-1,-1,-1
244,43,406,622,23,24,1,-1,-1,-1
244,220,269,110,23,23,1,-1,-1,-1
244,231,294,547,23,27,1,-1,-1,-1
244,237,840,364,23,22,1,-1,-1,-1
244,261,557,609,23,20,1,-1,-1,-1
244,303,764,592,26,21,1,-1,-1,-1
244,304,776,609,21,22,1,-1,-1,-1
244,305,818,605,23,22,1,-1,-1,-1
244,310,437,589,23,21,1,-1,-1,-1
244,324,756,135,19,38,1,-1,-1,-1
244,334,812,396,21,21,1,-1,-1,-1
244,336,818,376,26,22,1,-1,-1,-1
244,361,310,288,25,22,1,-1,-1,-1
244,371,757,626,25,21,1,-1,-1,-1
244,377,252,173,24,21,1,-1,-1,-1
244,389,269,528,22,24,1,-1,-1,-1
244,395,471,632,22,23,1,-1,-1,-1
244,397,268,348,24,28,1,-1,-1,-1
244,411,237,116,27,23,1,-1,-1,-1
244,417,759,118,17,17,1,-1,-1,-1
244,419,816,513,25,21,1,-1,-1,-1
244,420,282,290,21,26,1,-1,-1,-1
244,424,859,262,22,27,1,-1,-1,-1
244,426,289,572,28,21,1,-1,-1,-1
244,428,280,253,26,21,1,-1,-1,-1
244,429,300,234,18,28,1,-1,-1,-1
244,431,435,626,30,18,1,-1,-1,-1
244,432,280,205,23,23,1,-1,-1,-1
244,433,845,517,25,21,1,-1,-1,-1
244,434,287,541,17,23,1,-1,-1,-1
245,19,211,120,25,22,1,-1,-1,-1
245,33,307,318,26,24,1,-1,-1,-1
245,34,549,628,22,23,1,-1,-1,-1
245,36,312,369,24,24,1,-1,-1,-1
245,37,410,600,23,22,1,-1,-1,-1
245,39,297,418,21,22,1,-1,-1,-1
245,40,311,497,23,22,1,-1,-1,-1
245,42,314,539,21,24,1,-1,-1,-1
245,43,404,622,23,23,1,-1,-1,-1
245,220,268,109,24,24,1,-1,-1,-1
245,231,295,551,22,24,1,-1,-1,-1
245,237,840,364,23,22,1,-1,-1,-1
245,261,556,609,22,20,1,-1,-1,-1
245,303,760,593,26,21,1,-1,-1,-1
245,304,775,609,22,23,1,-1,-1,-1
245,305,818,606,23,21,1,-1,-1,-1
245,310,435,589,23,21,1,-1,-1,-1
245,324,757,135,18,38,1,-1,-1,-1
245,334,813,398,20,21,1,-1,-1,-1
245,336,819,378,25,21,1,-1,-1,-1
245,361,310,287,25,22,1,-1,-1,-1
245,371,757,626,25,21,1,-1,-1,-1
245,377,251,172,24,21,1,-1,-1,-1
245,389,270,529,21,22,1,-1,-1,-1
245,395,469,632,22,23,1,-1,-1,-1
245,397,268,348,24,28,1,-1,-1,-1
245,411,233,113,26,22,1,-1,-1,-1
245,419,816,515,25,21,1,-1,-1,-1
245,420,281,280,22,26,1,-1,-1,-1
245,424,859,269,18,26,1,-1,-1,-1
245,428,280,248,25,17,1,-1,-1,-1
245,429,300,227,17,30,1,-1,-1,-1
245,431,429,626,23,19,1,-1,-1,-1
245,433,844,522,22,22,1,-1,-1,-1
245,435,291,110,19,24,1,-1,-1,-1
245,436,298,387,15,24,1,-1,-1,-1
246,19,210,120,25,22,1,-1,-1,-1
246,33,307,317,26,24,1,-1,-1,-1
246,34,547,628,23,23,1,-1,-1,-1
246,36,312,368,24,23,1,-1,-1,-1
246,37,409,599,23,22,1,-1,-1,-1
246,39,296,415,22,23,1,-1,-1,-1
246,40,311,495,22,22,1,-1,-1,-1
246,42,313,538,22,24,1,-1,-1,-1
246,43,402,621,23,24,1,-1,-1,-1
246,220,268,109,24,24,1,-1,-1,-1
246,231,294,550,23,23,1,-1,-1,-1
246,237,840,364,23,22,1,-1,-1,-1
246,261,554,609,22,20,1,-1,-1,-1
246,304,775,609,21,23,1,-1,-1,-1
246,305,818,606,22,22,1,-1,-1,-1
246,310,433,589,23,21,1,-1,-1,-1
246,324,756,135,19,39,1,-1,-1,-1
246,334,812,399,22,23,1,-1,-1,-1
246,336,818,380,26,21,1,-1,-1,-1
246,361,311,287,23,20,1,-1,-1,-1
246,371,757,626,25,21,1,-1,-1,-1
246,377,251,171,24,22,1,-1,-1,-1
246,389,269,529,20,23,1,-1,-1,-1
246,395,468,631,22,24,1,-1,-1,-1
246,397,268,348,24,28,1,-1,-1,-1
246,411,227,110,27,22,1,-1,-1,-1
246,415,755,174,18,30,1,-1,-1,-1
246,417,759,109,19,26,1,-1,-1,-1
246,419,815,516,26,21,1,-1,-1,-1
246,431,423,626,21,18,1,-1,-1,-1
246,433,844,526,22,23,1,-1,-1,-1
246,434,287,527,16,19,1,-1,-1,-1
246,435,291,107,18,24,1,-1,-1,-1
246,437,296,472,19,22,1,-1,-1,-1
247,19,208,118,26,23,1,-1,-1,-1
247,33,307,315,26,24,1,-1,-1,-1
247,34,545,628,23,23,1,-1,-1,-1
247,36,312,366,23,23,1,-1,-1,-1
247,37,407,599,23,22,1,-1,-1,-1
247,39,295,414,22,23,1,-1,-1,-1
247,40,310,494,23,21,1,-1,-1,-1
247,42,313,537,22,24,1,-1,-1,-1
247,43,401,620,33,25,1,-1,-1,-1
247,220,267,109,24,24,1,-1,-1,-1
247,231,294,549,22,23,1,-1,-1,-1
247,237,840,364,23,22,1,-1,-1,-1
247,261,552,609,22,20,1,-1,-1,-1
247,303,759,594,25,24,1,-1,-1,-1
247,304,774,609,22,23,1,-1,-1,-1
247,305,817,606,23,22,1,-1,-1,-1
247,310,431,588,23,21,1,-1,-1,-1
247,324,757,134,18,26,1,-1,-1,-1
247,334,812,401,22,23,1,-1,-1,-1
247,336,818,381,26,22,1,-1,-1,-1
247,371,757,626,26,21,1,-1,-1,-1
247,377,250,170,23,22,1,-1,-1,-1
247,389,269,528,21,24,1,-1,-1,-1
247,395,466,631,22,24,1,-1,-1,-1
247,397,268,348,24,28,1,-1,-1,-1
247,411,222,107,26,22,1,-1,-1,-1
247,417,759,118,17,17,1,-1,-1,-1
247,419,815,517,25,21,1,-1,-1,-1
247,433,844,532,24,21,1,-1,-1,-1
247,434,284,516,18,15,1,-1,-1,-1
247,437,294,462,20,22,1,-1,-1,-1
247,438,283,548,13,17,1,-1,-1,-1
248,19,207,119,26,22,1,-1,-1,-1
248,33,307,314,26,23,1,-1,-1,-1
248,34,543,628,23,22,1,-1,-1,-1
248,36,312,364,23,23,1,-1,-1,-1
248,37,406,599,23,22,1,-1,-1,-1
248,39,295,412,22,23,1,-1,-1,-1
248,40,310,492,23,22,1,-1,-1,-1
248,42,313,535,21,24,1,-1,-1,-1
248,43,399,621,24,23,1,-1,-1,-1
248,220,267,108,25,24,1,-1,-1,-1
248,231,293,547,23,24,1,-1,-1,-1
248,237,840,364,22,22,1,-1,-1,-1
248,261,550,609,22,20,1,-1,-1,-1
248,303,760,594,23,22,1,-1,-1,-1
248,304,774,610,21,23,1,-1,-1,-1
248,305,817,607,23,22,1,-1,-1,-1
248,310,428,588,23,21,1,-1,-1,-1
248,324,756,135,19,38,1,-1,-1,-1
248,334,812,404,22,22,1,-1,-1,-1
248,336,819,383,25,22,1,-1,-1,-1
248,361,310,283,24,22,1,-1,-1,-1
248,371,757,626,25,21,1,-1,-1,-1
248,377,249,169,24,22,1,-1,-1,-1
248,389,270,529,20,23,1,-1,-1,-1
248,395,465,631,22,24,1,-1,-1,-1
248,397,268,348,24,28,1,-1,-1,-1
248,411,215,105,26,21,1,-1,-1,-1
248,415,755,174,18,37,1,-1,-1,-1
248,417,759,116,17,19,1,-1,-1,-1
248,419,815,518,25,21,1,-1,-1,-1
248,424,856,285,23,29,1,-1,-1,-1
248,432,299,204,12,30,1,-1,-1,-1
248,433,843,536,23,23,1,-1,-1,-1
248,435,286,102,21,23,1,-1,-1,-1
248,439,640,644,26,9,1,-1,-1,-1
248,440,642,654,20,4,1,-1,-1,-1
248,441,809,214,22,24,1,-1,-1,-1
248,442,735,612,28,15,1,-1,-1,-1
249,19,206,121,25,19,1,-1,-1,-1
249,33,307,312,26,24,1,-1,-1,-1
249,34,541,627,23,23,1,-1,-1,-1
249,36,311,362,24,24,1,-1,-1,-1
249,37,404,599,23,22,1,-1,-1,-1
249,39,295,410,22,23,1,-1,-1,-1
249,40,310,491,23,21,1,-1,-1,-1
249,42,312,534,22,24,1,-1,-1,-1
249,43,393,620,27,25,1,-1,-1,-1
249,220,267,108,24,24,1,-1,-1,-1
249,231,293,547,22,23,1,-1,-1,-1
249,237,840,364,23,22,1,-1,-1,-1
249,261,548,608,22,21,1,-1,-1,-1
249,303,759,595,23,22,1,-1,-1,-1
249,304,774,610,21,22,1,-1,-1,-1
249,305,817,607,22,22,1,-1,-1,-1
249,310,427,588,22,20,1,-1,-1,-1
249,324,756,135,19,39,1,-1,-1,-1
249,334,811,405,23,23,1,-1,-1,-1
249,336,818,385,27,22,1,-1,-1,-1
249,361,309,282,25,22,1,-1,-1,-1
249,371,757,626,25,21,1,-1,-1,-1
249,377,249,168,22,22,1,-1,-1,-1
249,389,269,529,22,22,1,-1,-1,-1
249,395,463,631,22,24,1,-1,-1,-1
249,397,268,348,24,28,1,-1,-1,-1
249,411,206,103,29,19,1,-1,-1,-1
249,419,815,519,25,21,1,-1,-1,-1
249,424,856,292,22,27,1,-1,-1,-1
249,428,279,244,21,23,1,-1,-1,-1
249,432,297,197,14,30,1,-1,-1,-1
249,433,843,543,20,21,1,-1,-1,-1
249,435,283,100,24,23,1,-1,-1,-1
249,439,630,645,28,8,1,-1,-1,-1
249,440,630,654,24,4,1,-1,-1,-1
249,441,807,221,23,25,1,-1,-1,-1
249,442,727,614,27,17,1,-1,-1,-1
249,443,847,209,23,19,1,-1,-1,-1
249,444,563,623,27,21,1,-1,-1,-1
249,445,649,629,14,4,1,-1,-1,-1
250,19,204,118,26,22,1,-1,-1,-1
250,33,307,311,26,24,1,-1,-1,-1
250,34,539,628,22,22,1,-1,-1,-1
250,36,311,360,24,23,1,-1,-1,-1
250,37,402,598,24,22,1,-1,-1,-1
250,39,295,408,22,24,1,-1,-1,-1
250,40,310,489,23,22,1,-1,-1,-1
250,42,312,532,22,25,1,-1,-1,-1
250,43,383,620,35,24,1,-1,-1,-1
250,220,266,108,25,24,1,-1,-1,-1
250,231,293,546,22,23,1,-1,-1,-1
250,237,840,364,23,22,1,-1,-1,-1
250,261,546,608,22,21,1,-1,-1,-1
250,303,759,596,22,21,1,-1,-1,-1
250,304,774,610,21,22,1,-1,-1,-1
250,305,817,608,22,22,1,-1,-1,-1
250,310,424,588,23,20,1,-1,-1,-1
250,324,756,135,19,39,1,-1,-1,-1
250,334,812,407,22,23,1,-1,-1,-1
250,336,819,386,26,22,1,-1,-1,-1
250,361,310,281,24,22,1,-1,-1,-1
250,371,757,626,25,21,1,-1,-1,-1
250,377,248,167,23,22,1,-1,-1,-1
250,389,269,528,22,24,1,-1,-1,-1
250,395,462,631,21,24,1,-1,-1,-1
250,397,268,348,24,28,1,-1,-1,-1
250,417,759,118,17,17,1,-1,-1,-1
250,419,814,520,25,22,1,-1,-1,-1
250,424,856,297,21,27,1,-1,-1,-1
250,432,295,190,16,31,1,-1,-1,-1
250,433,842,547,21,23,1,-1,-1,-1
250,435,281,98,25,22,1,-1,-1,-1
250,441,807,227,23,28,1,-1,-1,-1
250,442,718,617,26,15,1,-1,-1,-1
250,443,847,209,23,20,1,-1,-1,-1
250,444,560,624,20,19,1,-1,-1,-1
250,446,274,204,25,23,1,-1,-1,-1
250,447,801,209,21,15,1,-1,-1,-1
251,19,202,117,27,23,1,-1,-1,-1
251,33,307,309,26,25,1,-1,-1,-1
251,34,537,627,23,24,1,-1,-1,-1
251,36,311,359,24,23,1,-1,-1,-1
251,37,401,598,23,22,1,-1,-1,-1
251,39,295,407,22,22,1,-1,-1,-1
251,40,309,487,23,22,1,-1,-1,-1
251,42,312,532,21,23,1,-1,-1,-1
251,43,394,620,22,24,1,-1,-1,-1
251,220,265,107,25,24,1,-1,-1,-1
251,231,293,545,22,23,1,-1,-1,-1
251,237,840,364,22,22,1,-1,-1,-1
251,261,544,607,22,22,1,-1,-1,-1
251,303,758,596,22,21,1,-1,-1,-1
251,304,774,610,20,23,1,-1,-1,-1
251,305,817,608,22,22,1,-1,-1,-1
251,310,422,588,22,19,1,-1,-1,-1
251,324,756,135,19,38,1,-1,-1,-1
251,334,811,409,23,22,1,-1,-1,-1
251,336,819,388,26,22,1,-1,-1,-1
251,361,309,280,25,22,1,-1,-1,-1
251,371,757,626,25,21,1,-1,-1,-1
251,377,247,165,24,23,1,-1,-1,-1
251,389,269,528,21,23,1,-1,-1,-1
251,395,460,631,22,24,1,-1,-1,-1
251,397,268,348,24,28,1,-1,-1,-1
251,417,759,117,17,18,1,-1,-1,-1
251,419,814,522,25,21,1,-1,-1,-1
251,424,856,303,20,26,1,-1,-1,-1
251,428,276,224,22,26,1,-1,-1,-1
251,432,293,185,15,25,1,-1,-1,-1
251,433,841,552,22,22,1,-1,-1,-1
251,435,278,96,24,23,1,-1,-1,-1
251,441,805,237,24,26,1,-1,-1,-1
251,443,847,209,23,22,1,-1,-1,-1
251,446,271,196,26,26,1,-1,-1,-1
251,447,801,209,21,16,1,-1,-1,-1
251,448,260,149,25,23,1,-1,-1,-1
251,449,827,269,22,23,1,-1,-1,-1
251,450,374,619,24,19,1,-1,-1,-1
252,19,203,116,24,23,1,-1,-1,-1
252,33,307,308,26,24,1,-1,-1,-1
252,34,535,628,22,22,1,-1,-1,-1
252,36,311,356,23,24,1,-1,-1,-1
252,37,399,598,24,22,1,-1,-1,-1
252,39,296,404,21,24,1,-1,-1,-1
252,40,309,486,23,21,1,-1,-1,-1
252,42,311,531,22,23,1,-1,-1,-1
252,43,392,620,23,24,1,-1,-1,-1
252,220,265,107,24,23,1,-1,-1,-1
252,231,292,544,23,22,1,-1,-1,-1
252,237,840,364,22,22,1,-1,-1,-1
252,261,543,609,21,19,1,-1,-1,-1
252,303,757,597,22,21,1,-1,-1,-1
252,304,773,610,21,23,1,-1,-1,-1
252,305,817,609,22,21,1,-1,-1,-1
252,310,419,586,23,21,1,-1,-1,-1
252,324,756,135,19,38,1,-1,-1,-1
252,334,811,411,23,22,1,-1,-1,-1
252,336,819,390,26,21,1,-1,-1,-1
252,361,310,279,24,22,1,-1,-1,-1
252,371,757,627,25,20,1,-1,-1,-1
252,377,247,165,23,22,1,-1,-1,-1
252,389,269,528,22,24,1,-1,-1,-1
252,395,459,631,21,24,1,-1,-1,-1
252,397,268,348,25,28,1,-1,-1,-1
252,415,755,174,18,30,1,-1,-1,-1
252,417,759,118,17,17,1,-1,-1,-1
252,419,814,523,25,21,1,-1,-1,-1
252,424,856,309,20,24,1,-1,-1,-1
252,432,291,179,16,24,1,-1,-1,-1
252,433,841,557,22,22,1,-1,-1,-1
252,435,275,95,24,23,1,-1,-1,-1
252,441,805,244,23,29,1,-1,-1,-1
252,443,846,210,24,21,1,-1,-1,-1
252,446,270,189,23,26,1,-1,-1,-1
252,447,800,210,21,16,1,-1,-1,-1
252,448,256,142,24,26,1,-1,-1,-1
252,450,367,617,26,20,1,-1,-1,-1
253,19,200,115,26,23,1,-1,-1,-1
253,33,307,307,26,24,1,-1,-1,-1
253,34,533,627,22,24,1,-1,-1,-1
253,36,311,355,24,23,1,-1,-1,-1
253,37,398,598,23,21,1,-1,-1,-1
253,39,296,402,21,23,1,-1,-1,-1
253,40,309,484,23,22,1,-1,-1,-1
253,42,311,529,21,24,1,-1,-1,-1
253,43,390,620,24,23,1,-1,-1,-1
253,220,265,106,24,24,1,-1,-1,-1
253,231,292,543,23,22,1,-1,-1,-1
253,237,840,364,22,22,1,-1,-1,-1
253,261,540,608,23,20,1,-1,-1,-1
253,303,756,597,22,22,1,-1,-1,-1
253,304,773,610,21,23,1,-1,-1,-1
253,305,817,609,21,22,1,-1,-1,-1
253,310,417,586,23,20,1,-1,-1,-1
253,324,757,135,18,22,1,-1,-1,-1
253,334,812,413,22,22,1,-1,-1,-1
253,336,819,392,26,21,1,-1,-1,-1
253,361,309,278,25,22,1,-1,-1,-1
253,371,757,627,25,20,1,-1,-1,-1
253,377,247,165,23,21,1,-1,-1,-1
253,389,269,528,22,24,1,-1,-1,-1
253,395,458,631,21,24,1,-1,-1,-1
253,397,268,348,25,28,1,-1,-1,-1
253,415,756,174,17,27,1,-1,-1,-1
253,417,759,119,17,16,1,-1,-1,-1
253,419,813,524,26,22,1,-1,-1,-1
253,424,855,315,22,23,1,-1,-1,-1
253,428,274,206,21,25,1,-1,-1,-1
253,432,288,171,18,23,1,-1,-1,-1
253,433,840,562,24,23,1,-1,-1,-1
253,435,272,92,24,22,1,-1,-1,-1
253,441,804,257,24,23,1,-1,-1,-1
253,443,846,211,24,21,1,-1,-1,-1
253,446,263,180,26,26,1,-1,-1,-1
253,447,800,209,19,18,1,-1,-1,-1
253,448,251,137,24,26,1,-1,-1,-1
253,450,358,615,27,19,1,-1,-1,-1
253,451,818,210,19,20,1,-1,-1,-1
253,452,292,294,14,28,1,-1,-1,-1
253,453,690,620,24,17,1,-1,-1,-1
253,454,520,624,20,19,1,-1,-1,-1
254,19,199,115,26,23,1,-1,-1,-1
254,33,307,306,26,24,1,-1,-1,-1
254,34,530,628,23,22,1,-1,-1,-1
254,36,311,353,23,24,1,-1,-1,-1
254,37,397,597,23,22,1,-1,-1,-1
254,39,296,399,21,23,1,-1,-1,-1
254,40,309,483,23,21,1,-1,-1,-1
254,42,311,528,21,24,1,-1,-1,-1
254,43,389,620,23,23,1,-1,-1,-1
254,220,265,109,24,21,1,-1,-1,-1
254,231,292,542,22,22,1,-1,-1,-1
254,237,840,364,22,22,1,-1,-1,-1
254,261,538,609,22,19,1,-1,-1,-1
254,303,755,598,22,21,1,-1,-1,-1
254,304,773,610,21,22,1,-1,-1,-1
254,305,816,609,22,22,1,-1,-1,-1
254,310,415,586,22,20,1,-1,-1,-1
254,324,756,135,19,22,1,-1,-1,-1
254,334,811,415,23,22,1,-1,-1,-1
254,336,819,393,26,22,1,-1,-1,-1
254,361,310,277,24,22,1,-1,-1,-1
254,371,757,627,25,21,1,-1,-1,-1
254,377,246,164,23,21,1,-1,-1,-1
254,389,270,528,21,24,1,-1,-1,-1
254,395,456,631,21,24,1,-1,-1,-1
254,397,268,348,25,28,1,-1,-1,-1
254,417,759,119,17,16,1,-1,-1,-1
254,419,813,526,26,21,1,-1,-1,-1
254,428,271,198,23,26,1,-1,-1,-1
254,432,285,165,20,22,1,-1,-1,-1
254,433,839,566,22,23,1,-1,-1,-1
254,435,269,92,23,19,1,-1,-1,-1
254,441,804,265,23,26,1,-1,-1,-1
254,443,845,213,25,21,1,-1,-1,-1
254,446,263,178,25,21,1,-1,-1,-1
254,447,800,210,22,18,1,-1,-1,-1
254,448,244,131,26,27,1,-1,-1,-1
254,450,351,612,25,19,1,-1,-1,-1
254,451,814,214,22,23,1,-1,-1,-1
254,452,291,283,15,30,1,-1,-1,-1
254,454,508,624,25,17,1,-1,-1,-1
255,19,198,115,26,23,1,-1,-1,-1
255,33,307,304,26,24,1,-1,-1,-1
255,34,528,628,22,22,1,-1,-1,-1
255,36,311,348,23,28,1,-1,-1,-1
255,37,395,597,23,22,1,-1,-1,-1
255,39,295,394,22,27,1,-1,-1,-1
255,40,309,481,23,22,1,-1,-1,-1
255,42,310,526,22,25,1,-1,-1,-1
255,43,387,620,24,23,1,-1,-1,-1
255,220,264,109,24,21,1,-1,-1,-1
255,231,291,540,23,23,1,-1,-1,-1
255,237,840,364,23,22,1,-1,-1,-1
255,261,537,608,22,20,1,-1,-1,-1
255,303,754,599,22,21,1,-1,-1,-1
255,304,772,610,21,23,1,-1,-1,-1
255,305,816,610,22,21,1,-1,-1,-1
255,310,413,585,22,20,1,-1,-1,-1
255,324,756,135,19,22,1,-1,-1,-1
255,334,812,417,22,22,1,-1,-1,-1
255,336,819,395,26,22,1,-1,-1,-1
255,361,310,276,24,22,1,-1,-1,-1
255,371,757,627,25,21,1,-1,-1,-1
255,377,245,163,24,22,1,-1,-1,-1
255,389,270,528,21,24,1,-1,-1,-1
255,395,455,631,21,24,1,-1,-1,-1
255,397,268,348,24,27,1,-1,-1,-1
255,415,755,174,18,38,1,-1,-1,-1
255,417,759,119,17,16,1,-1,-1,-1
255,419,813,527,25,21,1,-1,-1,-1
255,432,283,159,20,23,1,-1,-1,-1
255,433,839,571,20,22,1,-1,-1,-1
255,435,266,90,24,18,1,-1,-1,-1
255,441,804,276,22,20,1,-1,-1,-1
255,443,844,214,25,21,1,-1,-1,-1
255,446,263,183,29,32,1,-1,-1,-1
255,447,800,214,23,15,1,-1,-1,-1
255,448,239,126,25,28,1,-1,-1,-1
255,450,344,608,25,21,1,-1,-1,-1
255,451,813,221,22,22,1,-1,-1,-1
255,452,290,273,16,28,1,-1,-1,-1
255,454,496,625,29,15,1,-1,-1,-1
255,455,561,649,25,9,1,-1,-1,-1
255,456,574,662,25,15,1,-1,-1,-1
256,33,306,303,26,24,1,-1,-1,-1
256,34,526,628,22,22,1,-1,-1,-1
256,36,310,347,24,27,1,-1,-1,-1
256,37,394,596,23,22,1,-1,-1,-1
256,39,294,396,23,23,1,-1,-1,-1
256,40,308,480,24,21,1,-1,-1,-1
256,42,310,524,21,26,1,-1,-1,-1
256,43,386,619,23,24,1,-1,-1,-1
256,220,264,107,24,22,1,-1,-1,-1
256,231,291,539,22,23,1,-1,-1,-1
256,237,840,364,23,22,1,-1,-1,-1
256,261,535,607,23,21,1,-1,-1,-1
256,303,753,599,23,22,1,-1,-1,-1
256,304,772,610,21,23,1,-1,-1,-1
256,305,816,610,22,22,1,-1,-1,-1
256,310,410,584,22,21,1,-1,-1,-1
256,324,757,135,18,23,1,-1,-1,-1
256,336,820,397,25,21,1,-1,-1,-1
256,361,310,274,24,23,1,-1,-1,-1
256,371,757,627,25,21,1,-1,-1,-1
256,377,245,162,23,22,1,-1,-1,-1
256,389,270,528,21,23,1,-1,-1,-1
256,395,453,631,22,24,1,-1,-1,-1
256,397,268,348,25,28,1,-1,-1,-1
256,415,756,174,17,27,1,-1,-1,-1
256,417,759,119,17,16,1,-1,-1,-1
256,419,813,528,25,21,1,-1,-1,-1
256,424,853,334,21,17,1,-1,-1,-1
256,432,279,153,24,24,1,-1,-1,-1
256,433,838,576,22,22,1,-1,-1,-1
256,435,262,88,24,20,1,-1,-1,-1
256,441,804,285,22,24,1,-1,-1,-1
256,443,845,217,24,19,1,-1,-1,-1
256,448,233,123,24,26,1,-1,-1,-1
256,450,337,605,26,20,1,-1,-1,-1
256,451,813,227,21,23,1,-1,-1,-1
256,452,289,265,17,22,1,-1,-1,-1
256,454,485,625,29,14,1,-1,-1,-1
256,455,551,649,26,9,1,-1,-1,-1
256,456,569,661,24,13,1,-1,-1,-1
256,457,288,374,22,23,1,-1,-1,-1
256,458,278,418,20,24,1,-1,-1,-1
256,459,654,624,25,16,1,-1,-1,-1
256,460,569,630,21,18,1,-1,-1,-1
257,33,306,302,27,24,1,-1,-1,-1
257,36,310,347,24,26,1,-1,-1,-1
257,37,393,596,22,22,1,-1,-1,-1
257,39,294,393,23,24,1,-1,-1,-1
257,40,308,478,24,22,1,-1,-1,-1
257,42,309,523,21,26,1,-1,-1,-1
257,43,384,619,24,23,1,-1,-1,-1
257,220,263,106,25,23,1,-1,-1,-1
257,231,291,538,22,23,1,-1,-1,-1
257,237,840,364,23,23,1,-1,-1,-1
257,303,752,600,23,22,1,-1,-1,-1
257,304,772,610,21,22,1,-1,-1,-1
257,305,815,611,22,21,1,-1,-1,-1
257,310,407,584,23,20,1,-1,-1,-1
257,324,756,135,19,24,1,-1,-1,-1
257,336,820,399,24,17,1,-1,-1,-1
257,361,309,273,25,22,1,-1,-1,-1
257,371,757,627,25,21,1,-1,-1,-1
257,377,244,161,24,22,1,-1,-1,-1
257,389,270,528,21,24,1,-1,-1,-1
257,395,451,631,22,23,1,-1,-1,-1
257,397,268,348,25,28,1,-1,-1,-1
257,415,755,174,18,31,1,-1,-1,-1
257,417,759,119,17,16,1,-1,-1,-1
257,419,813,530,25,21,1,-1,-1,-1
257,424,853,337,21,21,1,-1,-1,-1
257,432,276,143,24,28,1,-1,-1,-1
257,433,837,580,23,21,1,-1,-1,-1
257,435,258,87,25,21,1,-1,-1,-1
257,446,263,177,25,22,1,-1,-1,-1
257,448,224,119,26,26,1,-1,-1,-1
257,450,331,601,26,21,1,-1,-1,-1
257,452,288,254,19,24,1,-1,-1,-1
257,454,474,625,27,12,1,-1,-1,-1
257,455,537,649,26,10,1,-1,-1,-1
257,456,561,661,24,12,1,-1,-1,-1
257,457,290,363,20,30,1,-1,-1,-1
258,33,307,303,25,22,1,-1,-1,-1
258,34,522,628,21,20,1,-1,-1,-1
258,36,310,346,24,24,1,-1,-1,-1
258,37,391,596,23,22,1,-1,-1,-1
258,39,294,391,22,24,1,-1,-1,-1
258,40,308,476,24,21,1,-1,-1,-1
258,42,308,522,22,26,1,-1,-1,-1
258,43,383,619,24,23,1,-1,-1,-1
258,220,263,105,25,24,1,-1,-1,-1
258,231,291,537,22,23,1,-1,-1,-1
258,237,840,364,22,22,1,-1,-1,-1
258,303,751,601,23,21,1,-1,-1,-1
258,304,771,610,22,23,1,-1,-1,-1
258,305,815,611,22,22,1,-1,-1,-1
258,310,405,583,23,20,1,-1,-1,-1
258,324,757,135,18,22,1,-1,-1,-1
258,336,819,401,25,21,1,-1,-1,-1
258,371,757,627,25,22,1,-1,-1,-1
258,377,244,160,23,22,1,-1,-1,-1
258,389,270,528,21,24,1,-1,-1,-1
258,395,450,631,21,24,1,-1,-1,-1
258,397,268,348,25,28,1,-1,-1,-1
258,415,756,174,17,27,1,-1,-1,-1
258,417,759,119,17,16,1,-1,-1,-1
258,419,813,531,24,21,1,-1,-1,-1
258,432,273,141,24,25,1,-1,-1,-1
258,433,837,585,21,20,1,-1,-1,-1
258,435,255,86,24,21,1,-1,-1,-1
258,446,262,172,24,23,1,-1,-1,-1
258,448,219,116,25,26,1,-1,-1,-1
258,450,325,597,26,20,1,-1,-1,-1
258,451,814,241,14,23,1,-1,-1,-1
258,454,463,625,30,11,1,-1,-1,-1
258,455,525,650,24,11,1,-1,-1,-1
258,456,553,662,25,10,1,-1,-1,-1
258,461,756,158,16,15,1,-1,-1,-1
259,33,306,299,26,24,1,-1,-1,-1
259,36,309,345,25,24,1,-1,-1,-1
259,37,389,596,23,21,1,-1,-1,-1
259,39,295,390,21,23,1,-1,-1,-1
259,40,308,474,24,22,1,-1,-1,-1
259,42,308,521,22,27,1,-1,-1,-1
259,43,381,619,24,23,1,-1,-1,-1
259,220,263,105,24,24,1,-1,-1,-1
259,231,291,535,22,24,1,-1,-1,-1
259,237,840,364,23,22,1,-1,-1,-1
259,303,750,601,23,22,1,-1,-1,-1
259,304,771,610,21,22,1,-1,-1,-1
259,305,815,611,22,22,1,-1,-1,-1
259,310,403,582,23,20,1,-1,-1,-1
259,336,820,402,24,21,1,-1,-1,-1
259,361,309,271,24,22,1,-1,-1,-1
259,371,757,627,25,21,1,-1,-1,-1
259,377,243,160,23,21,1,-1,-1,-1
259,389,270,528,21,24,1,-1,-1,-1
259,395,448,631,22,24,1,-1,-1,-1
259,397,268,348,24,28,1,-1,-1,-1
259,419,812,532,25,21,1,-1,-1,-1
259,424,852,347,23,23,1,-1,-1,-1
259,432,270,137,25,23,1,-1,-1,-1
259,433,836,588,24,21,1,-1,-1,-1
259,435,251,84,25,22,1,-1,-1,-1
259,448,215,113,21,25,1,-1,-1,-1
259,450,320,592,26,22,1,-1,-1,-1
259,451,814,248,16,24,1,-1,-1,-1
259,452,286,234,19,24,1,-1,-1,-1
259,462,244,142,27,22,1,-1,-1,-1
259,463,804,312,20,23,1,-1,-1,-1
260,33,306,298,26,24,1,-1,-1,-1
260,34,517,627,30,23,1,-1,-1,-1
260,36,309,343,24,24,1,-1,-1,-1
260,37,388,596,22,21,1,-1,-1,-1
260,39,294,388,22,23,1,-1,-1,-1
260,40,308,472,24,22,1,-1,-1,-1
260,42,308,520,21,24,1,-1,-1,-1
260,43,380,618,24,23,1,-1,-1,-1
260,220,262,105,25,23,1,-1,-1,-1
260,231,290,534,23,24,1,-1,-1,-1
260,237,840,364,23,22,1,-1,-1,-1
260,261,529,607,21,21,1,-1,-1,-1
260,303,749,602,23,22,1,-1,-1,-1
260,304,770,610,22,22,1,-1,-1,-1
260,305,815,612,22,22,1,-1,-1,-1
260,310,401,583,22,18,1,-1,-1,-1
260,324,756,135,19,38,1,-1,-1,-1
260,336,819,404,26,21,1,-1,-1,-1
260,361,309,270,24,22,1,-1,-1,-1
260,371,757,627,25,22,1,-1,-1,-1
260,377,242,158,22,22,1,-1,-1,-1
260,389,270,528,21,23,1,-1,-1,-1
260,395,446,632,22,23,1,-1,-1,-1
260,397,268,348,25,27,1,-1,-1,-1
260,415,755,174,18,36,1,-1,-1,-1
260,417,758,110,19,25,1,-1,-1,-1
260,419,812,533,25,22,1,-1,-1,-1
260,424,852,351,23,25,1,-1,-1,-1
260,432,267,132,28,24,1,-1,-1,-1
260,433,835,592,25,21,1,-1,-1,-1
260,435,247,84,25,21,1,-1,-1,-1
260,446,262,157,18,22,1,-1,-1,-1
260,450,315,587,25,21,1,-1,-1,-1
260,451,815,257,13,21,1,-1,-1,-1
260,452,285,224,20,24,1,-1,-1,-1
260,454,443,622,25,6,1,-1,-1,-1
260,456,538,662,27,10,1,-1,-1,-1
260,462,238,136,27,25,1,-1,-1,-1
260,463,803,317,20,28,1,-1,-1,-1
260,464,288,334,19,22,1,-1,-1,-1
260,465,812,428,21,21,1,-1,-1,-1
261,33,306,298,26,23,1,-1,-1,-1
261,36,309,342,24,23,1,-1,-1,-1
261,37,386,595,23,22,1,-1,-1,-1
261,39,294,386,22,24,1,-1,-1,-1
261,40,308,471,24,22,1,-1,-1,-1
261,42,307,518,22,24,1,-1,-1,-1
261,43,379,618,23,23,1,-1,-1,-1
261,220,262,105,24,23,1,-1,-1,-1
261,231,290,534,22,23,1,-1,-1,-1
261,237,840,365,22,21,1,-1,-1,-1
261,303,748,603,23,21,1,-1,-1,-1
261,304,770,609,22,23,1,-1,-1,-1
261,305,815,612,22,22,1,-1,-1,-1
261,310,399,580,22,21,1,-1,-1,-1
261,324,756,135,19,38,1,-1,-1,-1
261,336,820,406,24,20,1,-1,-1,-1
261,361,309,270,23,20,1,-1,-1,-1
261,371,757,628,25,21,1,-1,-1,-1
261,377,241,157,24,22,1,-1,-1,-1
261,389,270,528,21,23,1,-1,-1,-1
261,395,445,630,21,24,1,-1,-1,-1
261,397,268,348,25,26,1,-1,-1,-1
261,417,759,109,19,26,1,-1,-1,-1
261,419,812,535,25,21,1,-1,-1,-1
261,424,854,357,20,24,1,-1,-1,-1
261,432,263,129,27,24,1,-1,-1,-1
261,433,835,596,24,20,1,-1,-1,-1
261,435,243,83,25,21,1,-1,-1,-1
261,446,254,150,22,24,1,-1,-1,-1
261,450,310,581,26,22,1,-1,-1,-1
261,451,818,265,10,21,1,-1,-1,-1
261,454,433,622,25,5,1,-1,-1,-1
261,457,276,369,18,19,1,-1,-1,-1
261,462,233,132,27,26,1,-1,-1,-1
261,463,803,326,18,26,1,-1,-1,-1
261,466,432,627,24,7,1,-1,-1,-1
262,33,307,296,25,23,1,-1,-1,-1
262,34,511,628,20,21,1,-1,-1,-1
262,36,309,340,24,23,1,-1,-1,-1
262,37,384,595,23,21,1,-1,-1,-1
262,39,295,384,21,24,1,-1,-1,-1
262,40,308,469,23,22,1,-1,-1,-1
262,42,307,517,22,24,1,-1,-1,-1
262,43,377,618,24,23,1,-1,-1,-1
262,220,261,104,25,23,1,-1,-1,-1
262,231,290,533,22,22,1,-1,-1,-1
262,303,747,603,23,22,1,-1,-1,-1
262,304,770,609,21,23,1,-1,-1,-1
262,305,814,612,22,22,1,-1,-1,-1
262,310,396,580,23,20,1,-1,-1,-1
262,324,756,135,19,38,1,-1,-1,-1
262,361,309,268,24,22,1,-1,-1,-1
262,371,757,628,25,21,1,-1,-1,-1
262,377,241,156,24,23,1,-1,-1,-1
262,389,270,528,21,24,1,-1,-1,-1
262,395,443,630,22,24,1,-1,-1,-1
262,397,268,348,27,29,1,-1,-1,-1
262,415,755,174,18,31,1,-1,-1,-1
262,417,758,118,18,17,1,-1,-1,-1
262,419,811,536,26,21,1,-1,-1,-1
262,432,259,125,24,23,1,-1,-1,-1
262,433,833,600,24,19,1,-1,-1,-1
262,435,239,83,25,20,1,-1,-1,-1
262,446,246,145,24,23,1,-1,-1,-1
262,450,307,575,24,21,1,-1,-1,-1
262,451,810,268,21,28,1,-1,-1,-1
262,456,526,662,24,8,1,-1,-1,-1
262,462,225,129,29,26,1,-1,-1,-1
262,463,803,336,16,23,1,-1,-1,-1
262,466,420,620,28,14,1,-1,-1,-1
262,467,798,216,24,19,1,-1,-1,-1
262,468,842,221,24,22,1,-1,-1,-1
262,469,477,645,25,14,1,-1,-1,-1
263,33,306,294,26,24,1,-1,-1,-1
263,36,309,338,24,23,1,-1,-1,-1
263,37,383,595,23,21,1,-1,-1,-1
263,39,293,382,23,24,1,-1,-1,-1
263,40,308,468,23,21,1,-1,-1,-1
263,42,307,516,22,23,1,-1,-1,-1
263,43,376,618,24,23,1,-1,-1,-1
263,220,261,104,24,22,1,-1,-1,-1
263,231,290,532,22,22,1,-1,-1,-1
263,237,840,365,21,23,1,-1,-1,-1
263,303,747,604,22,22,1,-1,-1,-1
263,304,770,609,21,23,1,-1,-1,-1
263,305,814,612,22,23,1,-1,-1,-1
263,310,394,580,23,19,1,-1,-1,-1
263,324,757,135,18,38,1,-1,-1,-1
263,361,309,266,24,23,1,-1,-1,-1
263,371,758,628,24,21,1,-1,-1,-1
263,377,240,156,23,22,1,-1,-1,-1
263,389,270,528,21,24,1,-1,-1,-1
263,395,442,630,21,23,1,-1,-1,-1
263,397,268,345,26,31,1,-1,-1,-1
263,419,811,537,25,21,1,-1,-1,-1
263,432,255,122,24,23,1,-1,-1,-1
263,433,832,604,24,17,1,-1,-1,-1
263,435,236,82,24,20,1,-1,-1,-1
263,446,240,141,25,20,1,-1,-1,-1
263,450,303,569,25,21,1,-1,-1,-1
263,451,809,278,22,23,1,-1,-1,-1
263,456,518,661,26,10,1,-1,-1,-1
263,462,219,125,29,26,1,-1,-1,-1
263,463,803,343,14,26,1,-1,-1,-1
263,466,410,619,28,15,1,-1,-1,-1
263,467,798,217,24,19,1,-1,-1,-1
263,468,842,222,24,23,1,-1,-1,-1
263,469,466,644,26,15,1,-1,-1,-1
263,470,281,196,19,25,1,-1,-1,-1
263,471,285,306,20,21,1,-1,-1,-1
263,472,569,629,28,12,1,-1,-1,-1
264,33,306,293,26,24,1,-1,-1,-1
264,36,309,336,23,24,1,-1,-1,-1
264,37,381,594,23,21,1,-1,-1,-1
264,39,294,380,22,24,1,-1,-1,-1
264,40,307,466,24,21,1,-1,-1,-1
264,42,307,514,22,24,1,-1,-1,-1
264,43,375,618,23,23,1,-1,-1,-1
264,220,260,104,25,23,1,-1,-1,-1
264,231,290,530,23,23,1,-1,-1,-1
264,303,746,605,22,21,1,-1,-1,-1
264,304,770,609,21,23,1,-1,-1,-1
264,305,814,613,22,22,1,-1,-1,-1
264,310,391,579,23,19,1,-1,-1,-1
264,324,757,135,18,21,1,-1,-1,-1
264,361,309,265,24,23,1,-1,-1,-1
264,371,758,628,24,21,1,-1,-1,-1
264,377,239,156,23,21,1,-1,-1,-1
264,389,270,528,21,23,1,-1,-1,-1
264,395,440,630,22,24,1,-1,-1,-1
264,397,268,348,24,26,1,-1,-1,-1
264,417,759,118,17,17,1,-1,-1,-1
264,419,811,538,25,22,1,-1,-1,-1
264,432,249,118,26,23,1,-1,-1,-1
264,433,832,608,23,15,1,-1,-1,-1
264,435,232,83,24,18,1,-1,-1,-1
264,446,234,137,26,21,1,-1,-1,-1
264,450,300,562,24,22,1,-1,-1,-1
264,457,272,373,24,18,1,-1,-1,-1
264,462,212,122,27,26,1,-1,-1,-1
264,464,275,333,18,21,1,-1,-1,-1
264,466,399,617,28,16,1,-1,-1,-1
264,469,454,644,27,16,1,-1,-1,-1
264,471,285,296,19,23,1,-1,-1,-1
264,472,560,636,20,5,1,-1,-1,-1
264,473,561,630,20,3,1,-1,-1,-1
265,33,306,292,26,23,1,-1,-1,-1
265,34,502,627,21,22,1,-1,-1,-1
265,36,309,334,23,24,1,-1,-1,-1
265,37,380,593,23,22,1,-1,-1,-1
265,39,294,378,22,24,1,-1,-1,-1
265,40,307,464,24,21,1,-1,-1,-1
265,42,306,512,22,24,1,-1,-1,-1
265,43,373,617,22,23,1,-1,-1,-1
265,220,261,104,23,22,1,-1,-1,-1
265,231,290,529,22,23,1,-1,-1,-1
265,303,745,605,22,21,1,-1,-1,-1
265,304,770,609,20,23,1,-1,-1,-1
265,305,813,614,22,21,1,-1,-1,-1
265,310,389,578,23,19,1,-1,-1,-1
265,324,756,135,19,39,1,-1,-1,-1
265,361,309,264,24,23,1,-1,-1,-1
265,371,758,628,24,21,1,-1,-1,-1
265,377,239,154,22,21,1,-1,-1,-1
265,389,270,528,21,23,1,-1,-1,-1
265,395,438,630,22,24,1,-1,-1,-1
265,397,268,348,27,32,1,-1,-1,-1
265,415,756,174,17,33,1,-1,-1,-1
265,417,758,118,18,17,1,-1,-1,-1
265,432,245,114,25,23,1,-1,-1,-1
265,433,832,612,21,13,1,-1,-1,-1
265,435,227,83,23,16,1,-1,-1,-1
265,446,228,133,26,23,1,-1,-1,-1
265,450,297,554,25,23,1,-1,-1,-1
265,456,506,662,23,10,1,-1,-1,-1
265,462,206,120,28,25,1,-1,-1,-1
265,464,274,324,18,22,1,-1,-1,-1
265,466,394,616,24,17,1,-1,-1,-1
265,467,798,218,24,21,1,-1,-1,-1
265,468,841,224,25,24,1,-1,-1,-1
265,471,284,286,19,25,1,-1,-1,-1
265,472,544,635,25,6,1,-1,-1,-1
265,474,520,606,21,22,1,-1,-1,-1
266,33,306,290,27,24,1,-1,-1,-1
266,34,498,626,23,23,1,-1,-1,-1
266,36,309,332,23,24,1,-1,-1,-1
266,37,378,593,23,22,1,-1,-1,-1
266,39,293,376,23,25,1,-1,-1,-1
266,40,307,462,24,22,1,-1,-1,-1
266,42,306,511,22,24,1,-1,-1,-1
266,43,371,616,24,24,1,-1,-1,-1
266,220,260,103,24,23,1,-1,-1,-1
266,231,290,528,22,22,1,-1,-1,-1
266,237,840,364,22,22,1,-1,-1,-1
266,303,744,605,22,22,1,-1,-1,-1
266,304,769,609,21,23,1,-1,-1,-1
266,305,813,614,22,22,1,-1,-1,-1
266,310,387,576,23,21,1,-1,-1,-1
266,324,757,135,18,38,1,-1,-1,-1
266,361,308,263,25,22,1,-1,-1,-1
266,371,758,628,24,21,1,-1,-1,-1
266,377,237,153,23,22,1,-1,-1,-1
266,389,270,528,20,24,1,-1,-1,-1
266,395,437,629,22,25,1,-1,-1,-1
266,397,268,347,28,29,1,-1,-1,-1
266,419,811,542,24,19,1,-1,-1,-1
266,432,240,111,25,24,1,-1,-1,-1
266,433,832,615,20,13,1,-1,-1,-1
266,435,223,82,23,17,1,-1,-1,-1
266,446,221,129,27,24,1,-1,-1,-1
266,450,295,549,25,22,1,-1,-1,-1
266,462,200,117,26,26,1,-1,-1,-1
266,466,391,614,17,18,1,-1,-1,-1
266,467,798,218,24,22,1,-1,-1,-1
266,468,841,225,25,24,1,-1,-1,-1
266,471,283,276,20,23,1,-1,-1,-1
266,472,529,630,30,11,1,-1,-1,-1
266,474,518,606,22,22,1,-1,-1,-1
266,475,820,416,24,21,1,-1,-1,-1
266,476,812,443,22,21,1,-1,-1,-1
266,477,807,303,23,23,1,-1,-1,-1
266,478,802,370,14,28,1,-1,-1,-1
266,479,275,176,17,19,1,-1,-1,-1
267,33,306,289,26,24,1,-1,-1,-1
267,34,496,626,22,23,1,-1,-1,-1
267,36,309,330,23,26,1,-1,-1,-1
267,37,377,592,23,23,1,-1,-1,-1
267,39,293,375,22,23,1,-1,-1,-1
267,40,307,461,23,21,1,-1,-1,-1
267,42,306,509,22,24,1,-1,-1,-1
267,43,370,617,24,23,1,-1,-1,-1
267,220,259,103,24,23,1,-1,-1,-1
267,231,291,527,21,21,1,-1,-1,-1
267,303,743,606,22,21,1,-1,-1,-1
267,304,769,609,21,23,1,-1,-1,-1
267,305,813,614,21,22,1,-1,-1,-1
267,310,385,576,23,20,1,-1,-1,-1
267,361,308,262,25,23,1,-1,-1,-1
267,371,758,628,24,21,1,-1,-1,-1
267,377,237,152,22,21,1,-1,-1,-1
267,389,270,528,20,24,1,-1,-1,-1
267,395,435,630,22,24,1,-1,-1,-1
267,397,268,343,25,32,1,-1,-1,-1
267,417,759,119,17,16,1,-1,-1,-1
267,419,810,543,25,20,1,-1,-1,-1
267,432,235,108,25,24,1,-1,-1,-1
267,435,218,82,24,16,1,-1,-1,-1
267,446,215,125,26,24,1,-1,-1,-1
267,450,293,545,25,18,1,-1,-1,-1
267,467,798,219,24,22,1,-1,-1,-1
267,468,841,226,25,25,1,-1,-1,-1
267,469,456,629,18,19,1,-1,-1,-1
267,471,283,267,19,24,1,-1,-1,-1
267,474,516,606,22,22,1,-1,-1,-1
267,475,820,418,24,21,1,-1,-1,-1
267,476,812,445,21,21,1,-1,-1,-1
267,478,802,380,7,23,1,-1,-1,-1
267,479,271,168,19,21,1,-1,-1,-1
267,480,417,644,27,16,1,-1,-1,-1
268,33,306,288,27,23,1,-1,-1,-1
268,34,493,626,25,22,1,-1,-1,-1
268,36,309,329,23,26,1,-1,-1,-1
268,37,376,592,23,22,1,-1,-1,-1
268,39,293,373,22,24,1,-1,-1,-1
268,40,307,459,23,21,1,-1,-1,-1
268,42,305,508,22,24,1,-1,-1,-1
268,43,368,615,24,25,1,-1,-1,-1
268,220,259,103,23,22,1,-1,-1,-1
268,231,290,525,22,25,1,-1,-1,-1
268,303,742,606,22,22,1,-1,-1,-1
268,304,768,609,21,22,1,-1,-1,-1
268,305,813,614,19,22,1,-1,-1,-1
268,310,383,575,23,20,1,-1,-1,-1
268,361,308,261,24,22,1,-1,-1,-1
268,371,758,628,24,21,1,-1,-1,-1
268,377,237,152,21,20,1,-1,-1,-1
268,389,270,528,20,24,1,-1,-1,-1
268,395,433,629,31,24,1,-1,-1,-1
268,397,268,348,24,28,1,-1,-1,-1
268,419,809,543,26,21,1,-1,-1,-1
268,432,230,106,24,23,1,-1,-1,-1
268,433,830,620,20,14,1,-1,-1,-1
268,435,214,81,23,16,1,-1,-1,-1
268,456,486,662,21,8,1,-1,-1,-1
268,464,272,327,21,24,1,-1,-1,-1
268,467,798,220,23,22,1,-1,-1,-1
268,468,841,228,25,24,1,-1,-1,-1
268,471,282,257,19,25,1,-1,-1,-1
268,474,515,606,21,22,1,-1,-1,-1
268,479,269,160,16,18,1,-1,-1,-1
268,480,407,643,28,14,1,-1,-1,-1
268,481,809,211,21,14,1,-1,-1,-1
268,482,271,292,20,22,1,-1,-1,-1
268,483,361,607,23,18,1,-1,-1,-1
269,33,305,286,27,24,1,-1,-1,-1
269,34,490,625,30,24,1,-1,-1,-1
269,36,308,327,24,26,1,-1,-1,-1
269,37,374,592,23,22,1,-1,-1,-1
269,39,293,371,22,24,1,-1,-1,-1
269,40,307,458,23,20,1,-1,-1,-1
269,42,304,506,23,24,1,-1,-1,-1
269,43,367,615,23,24,1,-1,-1,-1
269,220,258,103,24,22,1,-1,-1,-1
269,231,290,524,24,24,1,-1,-1,-1
269,303,741,607,22,21,1,-1,-1,-1
269,304,768,609,21,23,1,-1,-1,-1
269,305,812,615,20,22,1,-1,-1,-1
269,310,381,573,22,21,1,-1,-1,-1
269,324,757,135,18,24,1,-1,-1,-1
269,361,308,260,24,22,1,-1,-1,-1
269,371,758,628,24,21,1,-1,-1,-1
269,377,235,151,22,21,1,-1,-1,-1
269,389,270,528,20,24,1,-1,-1,-1
269,395,430,627,23,27,1,-1,-1,-1
269,397,268,347,24,29,1,-1,-1,-1
269,417,759,119,17,16,1,-1,-1,-1
269,419,810,545,24,20,1,-1,-1,-1
269,432,224,104,25,23,1,-1,-1,-1
269,433,829,621,19,16,1,-1,-1,-1
269,435,208,80,24,17,1,-1,-1,-1
269,456,478,662,24,10,1,-1,-1,-1
269,462,195,120,32,23,1,-1,-1,-1
269,464,271,320,24,20,1,-1,-1,-1
269,467,798,221,23,22,1,-1,-1,-1
269,468,841,230,23,23,1,-1,-1,-1
269,471,281,248,20,25,1,-1,-1,-1
269,474,513,606,22,22,1,-1,-1,-1
269,479,264,152,20,20,1,-1,-1,-1
269,480,396,642,23,15,1,-1,-1,-1
269,482,271,283,19,20,1,-1,-1,-1
269,483,353,603,27,22,1,-1,-1,-1
270,33,305,286,27,22,1,-1,-1,-1
270,36,308,326,24,23,1,-1,-1,-1
270,37,373,591,23,22,1,-1,-1,-1
270,39,293,369,22,24,1,-1,-1,-1
270,40,307,456,23,21,1,-1,-1,-1
270,42,304,505,23,23,1,-1,-1,-1
270,43,366,615,23,24,1,-1,-1,-1
270,220,258,102,24,23,1,-1,-1,-1
270,231,288,522,24,23,1,-1,-1,-1
270,303,740,607,22,22,1,-1,-1,-1
270,304,767,609,21,22,1,-1,-1,-1
270,305,812,615,21,22,1,-1,-1,-1
270,310,379,573,21,20,1,-1,-1,-1
270,324,757,135,18,21,1,-1,-1,-1
270,361,308,260,24,21,1,-1,-1,-1
270,371,758,628,24,21,1,-1,-1,-1
270,377,234,150,23,21,1,-1,-1,-1
270,389,270,528,21,24,1,-1,-1,-1
270,397,268,348,24,27,1,-1,-1,-1
270,417,759,118,17,17,1,-1,-1,-1
270,419,810,546,24,20,1,-1,-1,-1
270,432,217,102,25,24,1,-1,-1,-1
270,433,828,624,20,15,1,-1,-1,-1
270,435,202,77,26,20,1,-1,-1,-1
270,456,470,662,26,10,1,-1,-1,-1
270,467,797,222,26,22,1,-1,-1,-1
270,468,841,231,24,24,1,-1,-1,-1
270,471,281,238,18,25,1,-1,-1,-1
270,479,260,148,21,18,1,-1,-1,-1
270,480,384,641,26,15,1,-1,-1,-1
270,482,271,271,18,20,1,-1,-1,-1
270,483,346,598,27,24,1,-1,-1,-1
270,484,757,157,15,16,1,-1,-1,-1
270,485,756,174,17,30,1,-1,-1,-1
271,33,305,284,27,23,1,-1,-1,-1
271,34,472,623,34,25,1,-1,-1,-1
271,36,308,324,24,22,1,-1,-1,-1
271,37,371,590,23,22,1,-1,-1,-1
271,39,293,367,21,24,1,-1,-1,-1
271,40,307,454,23,21,1,-1,-1,-1
271,42,304,503,22,23,1,-1,-1,-1
271,43,365,615,23,23,1,-1,-1,-1
271,220,257,102,25,23,1,-1,-1,-1
271,231,287,515,24,28,1,-1,-1,-1
271,303,739,608,22,21,1,-1,-1,-1
271,304,767,609,21,22,1,-1,-1,-1
271,305,812,616,21,21,1,-1,-1,-1
271,310,377,572,22,20,1,-1,-1,-1
271,324,756,135,19,38,1,-1,-1,-1
271,361,308,258,24,22,1,-1,-1,-1
271,371,758,628,24,21,1,-1,-1,-1
271,377,233,149,23,22,1,-1,-1,-1
271,389,270,528,21,24,1,-1,-1,-1
271,397,268,347,24,28,1,-1,-1,-1
271,417,759,117,17,18,1,-1,-1,-1
271,419,810,547,24,20,1,-1,-1,-1
271,432,210,100,26,24,1,-1,-1,-1
271,433,825,625,21,17,1,-1,-1,-1
271,435,197,76,25,21,1,-1,-1,-1
271,456,463,661,27,11,1,-1,-1,-1
271,462,166,97,47,43,1,-1,-1,-1
271,471,280,228,19,28,1,-1,-1,-1
271,474,510,606,21,22,1,-1,-1,-1
271,480,372,639,31,16,1,-1,-1,-1
271,482,269,261,20,22,1,-1,-1,-1
271,483,340,594,26,24,1,-1,-1,-1
272,33,305,283,27,22,1,-1,-1,-1
272,34,479,625,24,23,1,-1,-1,-1
272,36,308,322,23,22,1,-1,-1,-1
272,37,370,589,23,23,1,-1,-1,-1
272,39,293,365,21,24,1,-1,-1,-1
272,40,306,452,24,22,1,-1,-1,-1
272,42,305,501,21,24,1,-1,-1,-1
272,43,363,615,24,23,1,-1,-1,-1
272,220,257,102,24,22,1,-1,-1,-1
272,231,288,519,22,23,1,-1,-1,-1
272,303,738,608,22,22,1,-1,-1,-1
272,304,767,609,21,22,1,-1,-1,-1
272,305,812,616,21,22,1,-1,-1,-1
272,310,376,570,21,21,1,-1,-1,-1
272,324,756,135,19,38,1,-1,-1,-1
272,361,308,257,24,22,1,-1,-1,-1
272,371,758,628,24,21,1,-1,-1,-1
272,377,233,148,21,21,1,-1,-1,-1
272,389,270,528,21,24,1,-1,-1,-1
272,395,425,629,22,24,1,-1,-1,-1
272,397,268,348,24,28,1,-1,-1,-1
272,417,759,109,19,26,1,-1,-1,-1
272,419,809,548,25,21,1,-1,-1,-1
272,432,203,98,26,24,1,-1,-1,-1
272,433,824,627,21,18,1,-1,-1,-1
272,435,186,73,32,25,1,-1,-1,-1
272,456,457,660,26,11,1,-1,-1,-1
272,467,797,225,24,23,1,-1,-1,-1
272,468,840,233,24,24,1,-1,-1,-1
272,471,279,219,19,29,1,-1,-1,-1
272,474,507,606,23,22,1,-1,-1,-1
272,480,362,637,30,17,1,-1,-1,-1
272,482,268,251,19,22,1,-1,-1,-1
272,483,333,589,27,25,1,-1,-1,-1
272,486,807,234,23,23,1,-1,-1,-1
272,487,268,286,25,23,1,-1,-1,-1
272,488,286,503,18,18,1,-1,-1,-1
272,489,457,622,24,18,1,-1,-1,-1
272,490,400,628,21,18,1,-1,-1,-1
273,33,305,281,27,23,1,-1,-1,-1
273,34,477,625,23,23,1,-1,-1,-1
273,36,308,320,23,23,1,-1,-1,-1
273,37,368,589,24,22,1,-1,-1,-1
273,39,293,364,21,24,1,-1,-1,-1
273,40,306,451,24,22,1,-1,-1,-1
273,42,303,499,23,24,1,-1,-1,-1
273,43,362,614,23,23,1,-1,-1,-1
273,220,256,101,25,23,1,-1,-1,-1
273,231,288,517,21,24,1,-1,-1,-1
273,303,737,609,22,21,1,-1,-1,-1
273,304,766,609,21,22,1,-1,-1,-1
273,305,812,616,21,22,1,-1,-1,-1
273,310,374,569,20,21,1,-1,-1,-1
273,361,308,256,24,22,1,-1,-1,-1
273,371,758,628,24,22,1,-1,-1,-1
273,377,232,147,23,22,1,-1,-1,-1
273,389,270,528,21,24,1,-1,-1,-1
273,395,423,629,22,24,1,-1,-1,-1
273,397,269,347,23,28,1,-1,-1,-1
273,417,759,119,17,16,1,-1,-1,-1
273,419,809,549,25,21,1,-1,-1,-1
273,432,187,96,35,26,1,-1,-1,-1
273,433,822,629,22,18,1,-1,-1,-1
273,456,450,660,26,12,1,-1,-1,-1
273,467,797,226,24,22,1,-1,-1,-1
273,468,839,235,25,24,1,-1,-1,-1
273,471,278,211,18,28,1,-1,-1,-1
273,474,506,606,22,22,1,-1,-1,-1
273,479,242,130,23,20,1,-1,-1,-1
273,480,353,639,28,13,1,-1,-1,-1
273,482,268,242,18,23,1,-1,-1,-1
273,483,327,584,26,25,1,-1,-1,-1
273,485,756,174,17,29,1,-1,-1,-1
273,486,805,241,25,24,1,-1,-1,-1
273,487,268,276,24,21,1,-1,-1,-1
273,488,285,494,23,21,1,-1,-1,-1
273,491,804,433,6,22,1,-1,-1,-1
274,33,305,280,27,23,1,-1,-1,-1
274,34,474,625,23,23,1,-1,-1,-1
274,36,308,318,24,23,1,-1,-1,-1
274,37,367,588,23,22,1,-1,-1,-1
274,39,293,362,21,24,1,-1,-1,-1
274,40,306,449,24,22,1,-1,-1,-1
274,42,303,498,22,24,1,-1,-1,-1
274,43,360,614,24,23,1,-1,-1,-1
274,220,256,101,24,23,1,-1,-1,-1
274,231,288,516,21,24,1,-1,-1,-1
274,303,735,609,22,22,1,-1,-1,-1
274,304,766,608,21,23,1,-1,-1,-1
274,305,811,617,22,21,1,-1,-1,-1
274,310,372,568,22,21,1,-1,-1,-1
274,324,757,135,18,38,1,-1,-1,-1
274,361,308,255,24,23,1,-1,-1,-1
274,371,758,629,24,21,1,-1,-1,-1
274,377,231,147,23,21,1,-1,-1,-1
274,389,269,528,22,24,1,-1,-1,-1
274,395,421,628,24,26,1,-1,-1,-1
274,397,269,348,23,28,1,-1,-1,-1
274,417,759,109,18,26,1,-1,-1,-1
274,419,809,550,25,21,1,-1,-1,-1
274,433,820,630,21,19,1,-1,-1,-1
274,456,442,659,29,13,1,-1,-1,-1
274,467,797,228,23,21,1,-1,-1,-1
274,468,840,237,24,22,1,-1,-1,-1
274,471,277,202,18,28,1,-1,-1,-1
274,474,504,607,22,21,1,-1,-1,-1
274,479,237,127,24,20,1,-1,-1,-1
274,482,266,231,19,25,1,-1,-1,-1
274,483,322,578,26,25,1,-1,-1,-1
274,485,756,174,17,30,1,-1,-1,-1
274,487,267,267,24,22,1,-1,-1,-1
274,488,285,484,23,25,1,-1,-1,-1
275,33,305,279,27,22,1,-1,-1,-1
275,34,473,625,22,23,1,-1,-1,-1
275,36,308,316,23,23,1,-1,-1,-1
275,37,366,588,23,22,1,-1,-1,-1
275,39,293,360,21,24,1,-1,-1,-1
275,40,306,448,24,21,1,-1,-1,-1
275,42,303,496,22,24,1,-1,-1,-1
275,43,359,614,24,23,1,-1,-1,-1
275,220,256,101,23,21,1,-1,-1,-1
275,231,288,516,21,22,1,-1,-1,-1
275,303,734,610,22,21,1,-1,-1,-1
275,304,765,608,21,22,1,-1,-1,-1
275,305,811,617,21,21,1,-1,-1,-1
275,310,370,568,22,21,1,-1,-1,-1
275,324,756,135,19,39,1,-1,-1,-1
275,361,308,254,24,22,1,-1,-1,-1
275,371,758,629,24,21,1,-1,-1,-1
275,389,270,528,21,24,1,-1,-1,-1
275,395,419,629,23,24,1,-1,-1,-1
275,397,269,348,23,28,1,-1,-1,-1
275,417,759,118,17,17,1,-1,-1,-1
275,419,809,551,24,21,1,-1,-1,-1
275,433,819,632,20,19,1,-1,-1,-1
275,456,436,658,27,13,1,-1,-1,-1
275,467,797,228,24,23,1,-1,-1,-1
275,468,839,238,25,23,1,-1,-1,-1
275,471,276,199,16,22,1,-1,-1,-1
275,474,502,606,22,22,1,-1,-1,-1
275,479,230,124,23,18,1,-1,-1,-1
275,482,264,222,19,24,1,-1,-1,-1
275,483,318,572,26,26,1,-1,-1,-1
275,485,756,174,17,31,1,-1,-1,-1
275,488,284,474,24,23,1,-1,-1,-1
275,491,796,449,14,26,1,-1,-1,-1
275,492,820,433,25,22,1,-1,-1,-1
275,493,849,443,20,24,1,-1,-1,-1
275,494,811,462,23,22,1,-1,-1,-1
275,495,418,620,29,8,1,-1,-1,-1
276,33,305,277,27,23,1,-1,-1,-1
276,34,470,624,23,23,1,-1,-1,-1
276,36,308,314,23,23,1,-1,-1,-1
276,37,365,587,22,22,1,-1,-1,-1
276,39,293,359,21,24,1,-1,-1,-1
276,40,306,446,24,22,1,-1,-1,-1
276,42,302,494,23,24,1,-1,-1,-1
276,220,255,101,24,22,1,-1,-1,-1
276,231,288,514,21,23,1,-1,-1,-1
276,303,733,611,22,21,1,-1,-1,-1
276,304,765,609,20,21,1,-1,-1,-1
276,305,811,617,21,21,1,-1,-1,-1
276,310,369,567,21,21,1,-1,-1,-1
276,324,756,135,19,39,1,-1,-1,-1
276,361,308,254,24,21,1,-1,-1,-1
276,371,758,629,24,21,1,-1,-1,-1
276,377,229,146,23,21,1,-1,-1,-1
276,389,269,528,22,24,1,-1,-1,-1
276,395,418,628,22,25,1,-1,-1,-1
276,397,269,348,24,28,1,-1,-1,-1
276,417,759,109,19,26,1,-1,-1,-1
276,419,809,553,24,20,1,-1,-1,-1
276,433,817,634,20,19,1,-1,-1,-1
276,456,430,657,27,15,1,-1,-1,-1
276,471,274,190,16,25,1,-1,-1,-1
276,474,501,606,22,22,1,-1,-1,-1
276,479,222,120,24,18,1,-1,-1,-1
276,482,263,214,18,22,1,-1,-1,-1
276,483,313,564,25,27,1,-1,-1,-1
277,33,305,276,27,23,1,-1,-1,-1
277,34,468,624,22,23,1,-1,-1,-1
277,36,307,312,24,23,1,-1,-1,-1
277,37,363,586,23,23,1,-1,-1,-1
277,39,292,357,22,24,1,-1,-1,-1
277,40,306,445,23,21,1,-1,-1,-1
277,42,302,493,23,24,1,-1,-1,-1
277,43,356,613,24,26,1,-1,-1,-1
277,231,287,513,22,23,1,-1,-1,-1
277,303,732,611,22,21,1,-1,-1,-1
277,304,764,608,21,22,1,-1,-1,-1
277,305,810,617,22,20,1,-1,-1,-1
277,310,367,566,21,21,1,-1,-1,-1
277,324,757,135,18,22,1,-1,-1,-1
277,361,308,252,24,23,1,-1,-1,-1
277,371,758,629,24,21,1,-1,-1,-1
277,389,270,528,21,24,1,-1,-1,-1
277,395,416,629,22,24,1,-1,-1,-1
277,397,269,348,24,28,1,-1,-1,-1
277,417,759,119,17,16,1,-1,-1,-1
277,419,809,554,23,20,1,-1,-1,-1
277,433,814,636,21,19,1,-1,-1,-1
277,456,424,656,24,17,1,-1,-1,-1
277,474,499,606,22,22,1,-1,-1,-1
277,479,216,119,22,15,1,-1,-1,-1
277,483,310,558,25,26,1,-1,-1,-1
277,485,756,174,17,28,1,-1,-1,-1
277,491,799,470,4,19,1,-1,-1,-1
277,495,392,618,28,18,1,-1,-1,-1
277,496,266,235,21,25,1,-1,-1,-1
277,497,325,623,22,19,1,-1,-1,-1
278,33,305,275,27,22,1,-1,-1,-1
278,34,465,624,23,23,1,-1,-1,-1
278,36,307,310,23,23,1,-1,-1,-1
278,37,362,586,23,22,1,-1,-1,-1
278,39,293,355,21,24,1,-1,-1,-1
278,40,306,443,23,22,1,-1,-1,-1
278,42,302,491,22,24,1,-1,-1,-1
278,43,348,613,30,24,1,-1,-1,-1
278,220,255,101,22,20,1,-1,-1,-1
278,231,287,512,22,23,1,-1,-1,-1
278,303,731,611,22,22,1,-1,-1,-1
278,304,764,608,20,22,1,-1,-1,-1
278,305,810,618,22,19,1,-1,-1,-1
278,310,366,563,20,23,1,-1,-1,-1
278,324,756,135,19,39,1,-1,-1,-1
278,361,308,251,24,22,1,-1,-1,-1
278,371,758,629,24,21,1,-1,-1,-1
278,377,229,145,20,19,1,-1,-1,-1
278,389,270,528,21,24,1,-1,-1,-1
278,395,414,629,22,23,1,-1,-1,-1
278,397,269,348,24,28,1,-1,-1,-1
278,417,758,119,18,16,1,-1,-1,-1
278,433,811,637,22,20,1,-1,-1,-1
278,456,417,655,25,18,1,-1,-1,-1
278,474,497,606,22,22,1,-1,-1,-1
278,483,307,552,22,23,1,-1,-1,-1
278,495,382,617,30,18,1,-1,-1,-1
278,496,264,224,21,29,1,-1,-1,-1
278,497,319,618,22,22,1,-1,-1,-1
279,33,304,274,27,22,1,-1,-1,-1
279,34,463,624,23,22,1,-1,-1,-1
279,36,306,308,24,23,1,-1,-1,-1
279,37,361,585,22,22,1,-1,-1,-1
279,39,293,353,21,24,1,-1,-1,-1
279,40,306,442,23,21,1,-1,-1,-1
279,42,301,489,23,24,1,-1,-1,-1
279,220,255,100,21,19,1,-1,-1,-1
279,231,287,511,22,23,1,-1,-1,-1
279,303,730,611,22,22,1,-1,-1,-1
279,304,763,608,21,21,1,-1,-1,-1
279,305,810,618,22,21,1,-1,-1,-1
279,310,364,563,21,22,1,-1,-1,-1
279,324,756,135,19,38,1,-1,-1,-1
279,361,308,250,23,22,1,-1,-1,-1
279,371,758,629,24,21,1,-1,-1,-1
279,389,270,529,21,22,1,-1,-1,-1
279,395,412,629,22,23,1,-1,-1,-1
279,397,269,348,23,28,1,-1,-1,-1
279,417,758,109,20,26,1,-1,-1,-1
279,419,808,555,24,21,1,-1,-1,-1
279,433,809,639,22,20,1,-1,-1,-1
279,456,412,655,22,17,1,-1,-1,-1
279,474,495,606,22,21,1,-1,-1,-1
279,482,263,216,20,26,1,-1,-1,-1
279,485,755,174,18,34,1,-1,-1,-1
279,491,795,484,14,27,1,-1,-1,-1
279,492,820,442,24,20,1,-1,-1,-1
279,494,811,470,22,21,1,-1,-1,-1
279,498,804,417,16,23,1,-1,-1,-1
279,499,283,434,21,25,1,-1,-1,-1
280,33,304,272,27,23,1,-1,-1,-1
280,34,461,624,22,23,1,-1,-1,-1
280,36,306,307,23,22,1,-1,-1,-1
280,37,359,585,23,21,1,-1,-1,-1
280,39,293,352,21,23,1,-1,-1,-1
280,40,306,440,23,22,1,-1,-1,-1
280,42,301,488,23,23,1,-1,-1,-1
280,43,352,612,21,23,1,-1,-1,-1
280,231,286,510,23,23,1,-1,-1,-1
280,303,728,612,22,21,1,-1,-1,-1
280,304,762,608,22,21,1,-1,-1,-1
280,305,809,618,23,22,1,-1,-1,-1
280,310,362,560,21,24,1,-1,-1,-1
280,324,756,135,19,23,1,-1,-1,-1
280,361,308,250,24,22,1,-1,-1,-1
280,371,758,629,24,21,1,-1,-1,-1
280,389,270,528,21,23,1,-1,-1,-1
280,395,411,629,22,23,1,-1,-1,-1
280,397,269,348,23,28,1,-1,-1,-1
280,417,758,119,18,16,1,-1,-1,-1
280,419,807,556,24,21,1,-1,-1,-1
280,433,807,640,21,20,1,-1,-1,-1
280,456,404,654,23,19,1,-1,-1,-1
280,474,494,606,21,21,1,-1,-1,-1
280,482,262,207,19,27,1,-1,-1,-1
280,483,303,537,24,22,1,-1,-1,-1
280,485,755,174,18,31,1,-1,-1,-1
280,491,792,492,17,28,1,-1,-1,-1
280,492,820,443,25,22,1,-1,-1,-1
280,494,811,472,22,21,1,-1,-1,-1
280,495,374,612,15,18,1,-1,-1,-1
280,497,309,610,20,22,1,-1,-1,-1
280,498,803,426,16,22,1,-1,-1,-1
280,500,336,608,18,22,1,-1,-1,-1
281,33,304,271,27,23,1,-1,-1,-1
281,34,458,624,23,22,1,-1,-1,-1
281,36,306,305,23,22,1,-1,-1,-1
281,37,358,584,23,22,1,-1,-1,-1
281,39,293,350,21,24,1,-1,-1,-1
281,40,306,439,24,21,1,-1,-1,-1
281,42,301,486,23,24,1,-1,-1,-1
281,43,350,610,26,24,1,-1,-1,-1
281,220,253,100,23,20,1,-1,-1,-1
281,231,286,508,22,23,1,-1,-1,-1
281,303,727,612,22,22,1,-1,-1,-1
281,304,762,608,21,21,1,-1,-1,-1
281,305,809,619,22,22,1,-1,-1,-1
281,310,361,556,22,27,1,-1,-1,-1
281,324,756,135,19,39,1,-1,-1,-1
281,361,308,249,23,22,1,-1,-1,-1
281,371,758,629,24,21,1,-1,-1,-1
281,377,226,144,21,19,1,-1,-1,-1
281,389,270,528,21,24,1,-1,-1,-1
281,395,409,629,22,23,1,-1,-1,-1
281,397,269,348,23,28,1,-1,-1,-1
281,417,759,109,19,26,1,-1,-1,-1
281,433,804,640,22,21,1,-1,-1,-1
281,456,397,653,23,20,1,-1,-1,-1
281,482,261,198,17,27,1,-1,-1,-1
281,483,301,525,24,24,1,-1,-1,-1
281,485,756,174,17,32,1,-1,-1,-1
281,492,819,445,26,23,1,-1,-1,-1
281,494,811,473,22,22,1,-1,-1,-1
281,497,304,605,20,23,1,-1,-1,-1
281,498,801,433,18,24,1,-1,-1,-1
281,500,330,604,18,22,1,-1,-1,-1
281,501,847,476,23,24,1,-1,-1,-1
282,33,304,270,27,23,1,-1,-1,-1
282,34,456,624,22,22,1,-1,-1,-1
282,36,306,303,23,23,1,-1,-1,-1
282,37,357,583,23,22,1,-1,-1,-1
282,39,292,348,22,24,1,-1,-1,-1
282,40,306,437,24,22,1,-1,-1,-1
282,42,301,484,22,24,1,-1,-1,-1
282,43,348,610,24,24,1,-1,-1,-1
282,220,252,99,24,22,1,-1,-1,-1
282,231,286,507,22,23,1,-1,-1,-1
282,303,725,612,23,22,1,-1,-1,-1
282,304,761,609,21,20,1,-1,-1,-1
282,305,809,619,22,22,1,-1,-1,-1
282,310,360,560,20,21,1,-1,-1,-1
282,324,756,135,19,39,1,-1,-1,-1
282,361,308,248,23,22,1,-1,-1,-1
282,371,758,629,24,21,1,-1,-1,-1
282,377,224,142,23,22,1,-1,-1,-1
282,389,270,528,21,24,1,-1,-1,-1
282,395,407,628,22,24,1,-1,-1,-1
282,397,269,348,23,28,1,-1,-1,-1
282,417,759,118,17,17,1,-1,-1,-1
282,433,801,641,22,22,1,-1,-1,-1
282,456,390,652,24,21,1,-1,-1,-1
282,483,301,519,21,19,1,-1,-1,-1
282,485,755,174,18,29,1,-1,-1,-1
282,491,797,512,9,21,1,-1,-1,-1
282,492,819,447,26,22,1,-1,-1,-1
282,494,810,474,23,23,1,-1,-1,-1
282,497,300,599,20,24,1,-1,-1,-1
282,498,800,440,19,26,1,-1,-1,-1
282,500,323,598,20,24,1,-1,-1,-1
282,501,847,481,22,23,1,-1,-1,-1
282,502,250,148,20,23,1,-1,-1,-1
282,503,242,168,20,19,1,-1,-1,-1
282,504,283,407,21,19,1,-1,-1,-1
282,505,344,603,17,13,1,-1,-1,-1
283,33,304,269,27,22,1,-1,-1,-1
283,34,454,624,22,22,1,-1,-1,-1
283,36,305,301,24,23,1,-1,-1,-1
283,37,355,583,23,22,1,-1,-1,-1
283,39,292,346,24,24,1,-1,-1,-1
283,40,306,436,23,21,1,-1,-1,-1
283,42,301,483,22,23,1,-1,-1,-1
283,43,347,610,24,23,1,-1,-1,-1
283,220,252,99,24,22,1,-1,-1,-1
283,231,285,506,23,23,1,-1,-1,-1
283,303,724,613,22,22,1,-1,-1,-1
283,304,760,608,22,21,1,-1,-1,-1
283,305,808,619,24,24,1,-1,-1,-1
283,310,358,559,20,21,1,-1,-1,-1
283,324,757,135,18,25,1,-1,-1,-1
283,361,307,247,24,22,1,-1,-1,-1
283,371,758,629,24,21,1,-1,-1,-1
283,377,223,141,22,22,1,-1,-1,-1
283,389,270,529,21,22,1,-1,-1,-1
283,395,406,628,22,23,1,-1,-1,-1
283,397,269,348,23,27,1,-1,-1,-1
283,417,759,119,17,16,1,-1,-1,-1
283,419,806,559,25,21,1,-1,-1,-1
283,433,797,642,23,25,1,-1,-1,-1
283,456,383,651,25,22,1,-1,-1,-1
283,483,305,510,15,24,1,-1,-1,-1
283,485,755,174,18,29,1,-1,-1,-1
283,491,796,519,8,23,1,-1,-1,-1
283,492,820,449,25,23,1,-1,-1,-1
283,494,810,476,23,23,1,-1,-1,-1
283,497,296,593,19,26,1,-1,-1,-1
283,498,799,449,20,26,1,-1,-1,-1
283,500,318,593,20,24,1,-1,-1,-1
283,501,846,487,23,22,1,-1,-1,-1
283,502,246,142,20,23,1,-1,-1,-1
283,503,236,162,21,19,1,-1,-1,-1
283,505,338,598,18,18,1,-1,-1,-1
284,33,304,268,27,22,1,-1,-1,-1
284,34,452,623,22,23,1,-1,-1,-1
284,36,305,299,24,23,1,-1,-1,-1
284,37,354,582,23,22,1,-1,-1,-1
284,39,292,344,25,24,1,-1,-1,-1
284,40,306,435,24,21,1,-1,-1,-1
284,42,300,480,23,24,1,-1,-1,-1
284,43,346,610,24,23,1,-1,-1,-1
284,220,251,99,24,22,1,-1,-1,-1
284,231,286,504,21,24,1,-1,-1,-1
284,303,723,614,22,21,1,-1,-1,-1
284,304,760,609,21,20,1,-1,-1,-1
284,305,808,620,23,22,1,-1,-1,-1
284,310,357,559,20,20,1,-1,-1,-1
284,324,756,135,19,39,1,-1,-1,-1
284,361,307,246,24,23,1,-1,-1,-1
284,371,759,629,23,21,1,-1,-1,-1
284,377,222,140,22,22,1,-1,-1,-1
284,395,405,628,21,23,1,-1,-1,-1
284,397,269,348,24,28,1,-1,-1,-1
284,417,759,109,19,26,1,-1,-1,-1
284,433,795,644,22,21,1,-1,-1,-1
284,456,377,652,24,18,1,-1,-1,-1
284,474,486,605,19,21,1,-1,-1,-1
284,491,797,527,5,21,1,-1,-1,-1
284,492,819,451,26,23,1,-1,-1,-1
284,494,810,478,23,22,1,-1,-1,-1
284,497,294,588,17,25,1,-1,-1,-1
284,498,799,458,20,24,1,-1,-1,-1
284,500,313,588,20,23,1,-1,-1,-1
284,502,239,136,22,23,1,-1,-1,-1
284,503,231,156,21,20,1,-1,-1,-1
284,504,282,391,21,19,1,-1,-1,-1
284,505,331,592,21,23,1,-1,-1,-1
285,33,304,267,27,22,1,-1,-1,-1
285,34,450,623,22,23,1,-1,-1,-1
285,36,305,298,24,22,1,-1,-1,-1
285,37,353,581,22,22,1,-1,-1,-1
285,39,292,342,27,24,1,-1,-1,-1
285,40,306,434,24,21,1,-1,-1,-1
285,42,299,478,24,24,1,-1,-1,-1
285,43,345,609,24,23,1,-1,-1,-1
285,231,285,495,22,32,1,-1,-1,-1
285,303,721,614,23,21,1,-1,-1,-1
285,304,759,609,21,20,1,-1,-1,-1
285,305,808,620,22,23,1,-1,-1,-1
285,310,356,557,20,21,1,-1,-1,-1
285,324,756,135,19,39,1,-1,-1,-1
285,361,307,245,24,22,1,-1,-1,-1
285,371,759,628,23,22,1,-1,-1,-1
285,389,271,529,20,21,1,-1,-1,-1
285,395,403,628,22,23,1,-1,-1,-1
285,397,269,348,23,27,1,-1,-1,-1
285,417,759,118,17,17,1,-1,-1,-1
285,419,805,561,25,21,1,-1,-1,-1
285,433,792,645,22,21,1,-1,-1,-1
285,456,370,651,24,19,1,-1,-1,-1
285,474,484,605,19,21,1,-1,-1,-1
285,485,756,174,17,27,1,-1,-1,-1
285,492,819,454,26,22,1,-1,-1,-1
285,494,810,479,23,24,1,-1,-1,-1
285,497,290,580,16,27,1,-1,-1,-1
285,498,797,466,22,23,1,-1,-1,-1
285,500,309,582,20,23,1,-1,-1,-1
285,501,845,497,20,20,1,-1,-1,-1
285,505,327,587,19,23,1,-1,-1,-1
285,506,1024,95,27,20,1,-1,-1,-1
285,507,796,242,24,20,1,-1,-1,-1
285,508,839,253,23,23,1,-1,-1,-1
286,33,304,266,27,22,1,-1,-1,-1
286,34,448,623,22,23,1,-1,-1,-1
286,36,305,296,23,23,1,-1,-1,-1
286,37,351,580,23,22,1,-1,-1,-1
286,39,291,340,26,24,1,-1,-1,-1
286,40,306,432,24,22,1,-1,-1,-1
286,42,296,476,27,26,1,-1,-1,-1
286,43,344,609,24,22,1,-1,-1,-1
286,231,285,497,22,28,1,-1,-1,-1
286,303,720,614,22,22,1,-1,-1,-1
286,304,758,609,22,20,1,-1,-1,-1
286,305,807,620,24,24,1,-1,-1,-1
286,310,354,556,21,21,1,-1,-1,-1
286,324,756,135,19,38,1,-1,-1,-1
286,361,307,245,24,22,1,-1,-1,-1
286,371,759,629,23,21,1,-1,-1,-1
286,395,401,628,22,23,1,-1,-1,-1
286,397,269,348,23,27,1,-1,-1,-1
286,417,759,118,17,17,1,-1,-1,-1
286,419,805,563,24,19,1,-1,-1,-1
286,433,789,646,23,24,1,-1,-1,-1
286,456,363,650,27,20,1,-1,-1,-1
286,474,482,605,20,21,1,-1,-1,-1
286,485,756,174,17,28,1,-1,-1,-1
286,497,288,574,16,24,1,-1,-1,-1
286,505,322,579,18,27,1,-1,-1,-1
286,506,1015,96,24,15,1,-1,-1,-1
286,507,796,242,24,22,1,-1,-1,-1
286,508,837,253,25,25,1,-1,-1,-1
286,509,835,219,23,26,1,-1,-1,-1
286,510,281,373,23,17,1,-1,-1,-1
287,33,304,265,27,22,1,-1,-1,-1
287,34,446,623,22,22,1,-1,-1,-1
287,36,305,294,24,23,1,-1,-1,-1
287,37,350,579,23,22,1,-1,-1,-1
287,39,291,339,24,23,1,-1,-1,-1
287,40,306,431,24,22,1,-1,-1,-1
287,42,296,472,27,26,1,-1,-1,-1
287,43,343,608,24,23,1,-1,-1,-1
287,220,251,98,21,16,1,-1,-1,-1
287,231,285,500,22,24,1,-1,-1,-1
287,303,718,614,22,22,1,-1,-1,-1
287,304,757,609,22,21,1,-1,-1,-1
287,305,806,620,25,24,1,-1,-1,-1
287,310,353,554,22,21,1,-1,-1,-1
287,324,756,135,19,39,1,-1,-1,-1
287,361,307,244,24,21,1,-1,-1,-1
287,371,759,627,24,23,1,-1,-1,-1
287,389,270,528,21,23,1,-1,-1,-1
287,395,400,628,22,23,1,-1,-1,-1
287,397,269,348,23,29,1,-1,-1,-1
287,417,759,109,19,26,1,-1,-1,-1
287,419,804,563,26,21,1,-1,-1,-1
287,433,786,646,23,24,1,-1,-1,-1
287,456,357,650,27,20,1,-1,-1,-1
287,474,480,605,21,21,1,-1,-1,-1
287,485,755,174,18,34,1,-1,-1,-1
287,492,819,459,26,21,1,-1,-1,-1
287,494,810,483,23,22,1,-1,-1,-1
287,497,285,565,15,27,1,-1,-1,-1
287,501,845,513,21,14,1,-1,-1,-1
287,505,316,573,18,25,1,-1,-1,-1
287,506,1004,98,24,15,1,-1,-1,-1
287,507,796,244,24,21,1,-1,-1,-1
287,508,837,256,26,23,1,-1,-1,-1
287,509,835,225,22,25,1,-1,-1,-1
287,510,282,365,22,20,1,-1,-1,-1
288,33,304,264,27,21,1,-1,-1,-1
288,34,444,623,22,22,1,-1,-1,-1
288,36,305,293,23,22,1,-1,-1,-1
288,37,349,579,23,22,1,-1,-1,-1
288,39,291,336,22,24,1,-1,-1,-1
288,40,306,430,24,21,1,-1,-1,-1
288,42,296,460,26,35,1,-1,-1,-1
288,43,342,608,24,23,1,-1,-1,-1
288,220,250,98,22,21,1,-1,-1,-1
288,231,285,499,21,23,1,-1,-1,-1
288,303,717,615,22,22,1,-1,-1,-1
288,304,757,609,23,21,1,-1,-1,-1
288,310,352,553,22,21,1,-1,-1,-1
288,324,757,135,18,39,1,-1,-1,-1
288,361,307,243,23,22,1,-1,-1,-1
288,371,759,627,24,23,1,-1,-1,-1
288,389,271,529,20,21,1,-1,-1,-1
288,395,398,628,22,23,1,-1,-1,-1
288,397,269,348,24,27,1,-1,-1,-1
288,419,804,564,25,21,1,-1,-1,-1
288,456,352,650,26,18,1,-1,-1,-1
288,474,478,605,21,21,1,-1,-1,-1
288,492,819,460,26,22,1,-1,-1,-1
288,494,809,485,24,22,1,-1,-1,-1
288,501,845,515,20,18,1,-1,-1,-1
288,505,311,564,18,27,1,-1,-1,-1
288,507,796,245,24,22,1,-1,-1,-1
288,508,837,257,25,23,1,-1,-1,-1
288,509,833,233,23,24,1,-1,-1,-1
289,33,304,263,27,21,1,-1,-1,-1
289,34,442,623,23,22,1,-1,-1,-1
289,36,305,291,23,23,1,-1,-1,-1
289,37,348,578,23,22,1,-1,-1,-1
289,39,290,334,23,27,1,-1,-1,-1
289,40,306,428,24,22,1,-1,-1,-1
289,42,297,451,25,42,1,-1,-1,-1
289,43,341,607,24,23,1,-1,-1,-1
289,231,284,498,22,23,1,-1,-1,-1
289,303,716,615,21,22,1,-1,-1,-1
289,304,756,609,22,21,1,-1,-1,-1
289,305,806,621,23,23,1,-1,-1,-1
289,310,350,551,24,22,1,-1,-1,-1
289,324,756,135,19,38,1,-1,-1,-1
289,361,307,242,23,22,1,-1,-1,-1
289,371,759,627,23,23,1,-1,-1,-1
289,389,271,529,20,23,1,-1,-1,-1
289,395,396,627,22,23,1,-1,-1,-1
289,397,268,348,25,28,1,-1,-1,-1
289,417,759,118,17,17,1,-1,-1,-1
289,419,803,564,26,22,1,-1,-1,-1
289,433,779,649,22,21,1,-1,-1,-1
289,456,346,650,28,19,1,-1,-1,-1
289,474,476,604,22,22,1,-1,-1,-1
289,492,819,462,26,22,1,-1,-1,-1
289,494,809,486,24,23,1,-1,-1,-1
289,501,845,518,25,22,1,-1,-1,-1
289,507,796,246,24,22,1,-1,-1,-1
289,508,836,259,27,23,1,-1,-1,-1
289,509,831,241,23,23,1,-1,-1,-1
289,511,794,498,22,27,1,-1,-1,-1
290,33,304,261,27,22,1,-1,-1,-1
290,34,440,623,23,22,1,-1,-1,-1
290,36,305,289,23,23,1,-1,-1,-1
290,37,346,577,23,22,1,-1,-1,-1
290,39,290,332,22,24,1,-1,-1,-1
290,40,306,427,24,21,1,-1,-1,-1
290,42,299,467,23,24,1,-1,-1,-1
290,43,340,607,24,23,1,-1,-1,-1
290,231,284,497,22,23,1,-1,-1,-1
290,303,714,616,22,21,1,-1,-1,-1
290,304,755,610,22,20,1,-1,-1,-1
290,310,349,550,24,22,1,-1,-1,-1
290,324,757,135,18,21,1,-1,-1,-1
290,361,307,241,23,22,1,-1,-1,-1
290,371,759,628,23,22,1,-1,-1,-1
290,389,270,529,20,28,1,-1,-1,-1
290,395,395,627,22,23,1,-1,-1,-1
290,397,269,341,23,35,1,-1,-1,-1
290,417,759,118,17,17,1,-1,-1,-1
290,419,803,566,26,21,1,-1,-1,-1
290,433,775,650,30,24,1,-1,-1,-1
290,456,341,649,27,19,1,-1,-1,-1
290,474,474,604,22,22,1,-1,-1,-1
290,492,819,464,26,22,1,-1,-1,-1
290,494,809,488,23,23,1,-1,-1,-1
290,501,844,522,23,23,1,-1,-1,-1
290,511,793,506,23,27,1,-1,-1,-1
290,512,296,441,15,28,1,-1,-1,-1
291,33,304,261,27,21,1,-1,-1,-1
291,34,438,623,23,22,1,-1,-1,-1
291,36,305,288,23,22,1,-1,-1,-1
291,37,346,576,22,22,1,-1,-1,-1
291,39,290,330,23,24,1,-1,-1,-1
291,40,307,425,23,22,1,-1,-1,-1
291,42,298,465,23,23,1,-1,-1,-1
291,43,339,606,24,24,1,-1,-1,-1
291,231,284,496,22,23,1,-1,-1,-1
291,303,713,616,21,21,1,-1,-1,-1
291,304,755,610,23,20,1,-1,-1,-1
291,310,348,549,21,21,1,-1,-1,-1
291,324,756,135,19,39,1,-1,-1,-1
291,361,307,240,23,22,1,-1,-1,-1
291,371,759,627,24,23,1,-1,-1,-1
291,395,393,627,22,23,1,-1,-1,-1
291,397,269,348,24,28,1,-1,-1,-1
291,417,758,109,19,26,1,-1,-1,-1
291,419,802,567,26,21,1,-1,-1,-1
291,456,336,649,28,19,1,-1,-1,-1
291,474,472,604,22,22,1,-1,-1,-1
291,485,755,174,18,39,1,-1,-1,-1
291,492,819,466,25,22,1,-1,-1,-1
291,494,809,490,23,22,1,-1,-1,-1
291,501,844,526,23,23,1,-1,-1,-1
291,511,792,513,22,25,1,-1,-1,-1
291,512,294,432,15,28,1,-1,-1,-1
291,513,960,101,24,13,1,-1,-1,-1
292,33,303,260,28,21,1,-1,-1,-1
292,34,436,623,23,22,1,-1,-1,-1
292,36,305,286,23,22,1,-1,-1,-1
292,37,344,575,23,22,1,-1,-1,-1
292,39,289,328,23,23,1,-1,-1,-1
292,40,308,423,22,22,1,-1,-1,-1
292,42,298,463,23,22,1,-1,-1,-1
292,43,338,606,24,23,1,-1,-1,-1
292,231,284,495,22,23,1,-1,-1,-1
292,303,711,616,22,22,1,-1,-1,-1
292,304,754,611,22,20,1,-1,-1,-1
292,310,347,548,21,22,1,-1,-1,-1
292,324,756,135,19,39,1,-1,-1,-1
292,361,307,239,23,22,1,-1,-1,-1
292,371,759,627,24,23,1,-1,-1,-1
292,389,270,528,19,22,1,-1,-1,-1
292,395,392,627,22,23,1,-1,-1,-1
292,397,268,348,24,27,1,-1,-1,-1
292,417,759,118,17,17,1,-1,-1,-1
292,419,802,568,26,21,1,-1,-1,-1
292,433,768,652,24,21,1,-1,-1,-1
292,456,331,648,28,20,1,-1,-1,-1
292,474,470,604,21,22,1,-1,-1,-1
292,501,844,530,24,23,1,-1,-1,-1
292,511,790,522,22,25,1,-1,-1,-1
292,512,293,426,15,24,1,-1,-1,-1
292,514,278,319,20,19,1,-1,-1,-1
292,515,292,531,19,20,1,-1,-1,-1
293,33,303,259,27,22,1,-1,-1,-1
293,34,434,622,23,23,1,-1,-1,-1
293,36,305,285,23,22,1,-1,-1,-1
293,37,343,574,23,22,1,-1,-1,-1
293,39,289,326,23,23,1,-1,-1,-1
293,40,308,422,23,21,1,-1,-1,-1
293,42,298,460,23,23,1,-1,-1,-1
293,43,337,605,24,24,1,-1,-1,-1
293,231,283,493,23,24,1,-1,-1,-1
293,303,710,617,22,21,1,-1,-1,-1
293,304,753,610,22,21,1,-1,-1,-1
293,310,346,546,21,22,1,-1,-1,-1
293,324,756,135,19,25,1,-1,-1,-1
293,361,307,238,23,22,1,-1,-1,-1
293,371,759,628,24,22,1,-1,-1,-1
293,389,269,510,22,42,1,-1,-1,-1
293,395,390,626,22,24,1,-1,-1,-1
293,397,268,348,24,27,1,-1,-1,-1
293,417,759,109,19,26,1,-1,-1,-1
293,433,764,654,23,19,1,-1,-1,-1
293,456,327,647,28,20,1,-1,-1,-1
293,474,468,604,22,22,1,-1,-1,-1
293,485,755,174,18,30,1,-1,-1,-1
293,512,292,412,18,28,1,-1,-1,-1
293,514,277,311,22,22,1,-1,-1,-1
293,515,289,520,20,23,1,-1,-1,-1
293,516,246,97,23,21,1,-1,-1,-1
293,517,300,513,17,28,1,-1,-1,-1
294,33,303,258,27,22,1,-1,-1,-1
294,34,433,622,22,23,1,-1,-1,-1
294,36,304,283,24,22,1,-1,-1,-1
294,37,342,573,23,23,1,-1,-1,-1
294,39,289,324,23,23,1,-1,-1,-1
294,40,307,420,23,22,1,-1,-1,-1
294,42,297,458,24,22,1,-1,-1,-1
294,43,336,605,24,23,1,-1,-1,-1
294,303,708,617,22,22,1,-1,-1,-1
294,304,752,611,23,20,1,-1,-1,-1
294,310,344,545,22,22,1,-1,-1,-1
294,324,757,135,18,34,1,-1,-1,-1
294,361,307,237,23,23,1,-1,-1,-1
294,371,759,627,24,23,1,-1,-1,-1
294,395,389,626,22,24,1,-1,-1,-1
294,397,268,347,25,28,1,-1,-1,-1
294,417,759,118,17,17,1,-1,-1,-1
294,419,802,570,25,21,1,-1,-1,-1
294,456,322,646,29,20,1,-1,-1,-1
294,474,466,604,22,22,1,-1,-1,-1
294,485,756,174,17,27,1,-1,-1,-1
294,492,819,472,25,21,1,-1,-1,-1
294,494,809,494,22,22,1,-1,-1,-1
294,512,291,403,20,27,1,-1,-1,-1
294,514,277,303,22,22,1,-1,-1,-1
294,516,246,96,23,22,1,-1,-1,-1
294,518,212,135,21,21,1,-1,-1,-1
294,519,805,621,27,27,1,-1,-1,-1
295,33,303,257,27,22,1,-1,-1,-1
295,34,431,622,23,22,1,-1,-1,-1
295,36,304,281,24,23,1,-1,-1,-1
295,37,340,572,24,23,1,-1,-1,-1
295,39,288,322,24,23,1,-1,-1,-1
295,40,306,418,24,22,1,-1,-1,-1
295,42,297,456,24,22,1,-1,-1,-1
295,43,335,604,24,24,1,-1,-1,-1
295,231,284,490,31,31,1,-1,-1,-1
295,303,706,617,22,22,1,-1,-1,-1
295,304,752,611,22,21,1,-1,-1,-1
295,310,344,543,20,22,1,-1,-1,-1
295,324,756,135,19,39,1,-1,-1,-1
295,361,307,236,23,23,1,-1,-1,-1
295,371,759,627,24,23,1,-1,-1,-1
295,389,270,529,21,22,1,-1,-1,-1
295,395,387,626,22,23,1,-1,-1,-1
295,397,268,348,25,27,1,-1,-1,-1
295,417,759,118,17,17,1,-1,-1,-1
295,456,319,645,27,20,1,-1,-1,-1
295,474,464,604,22,22,1,-1,-1,-1
295,494,809,496,21,21,1,-1,-1,-1
295,512,292,396,21,25,1,-1,-1,-1
295,514,276,293,22,25,1,-1,-1,-1
295,516,245,96,23,21,1,-1,-1,-1
295,520,274,491,11,25,1,-1,-1,-1
296,33,303,257,27,22,1,-1,-1,-1
296,34,429,622,23,22,1,-1,-1,-1
296,36,304,280,24,22,1,-1,-1,-1
296,37,339,571,23,22,1,-1,-1,-1
296,39,288,320,24,23,1,-1,-1,-1
296,40,307,416,23,22,1,-1,-1,-1
296,42,297,454,23,21,1,-1,-1,-1
296,43,334,604,24,23,1,-1,-1,-1
296,231,283,488,23,24,1,-1,-1,-1
296,303,704,618,23,21,1,-1,-1,-1
296,304,751,611,22,21,1,-1,-1,-1
296,310,343,541,21,22,1,-1,-1,-1
296,324,757,135,18,23,1,-1,-1,-1
296,361,307,236,23,23,1,-1,-1,-1
296,371,759,628,24,22,1,-1,-1,-1
296,395,386,626,22,23,1,-1,-1,-1
296,397,268,347,25,29,1,-1,-1,-1
296,417,758,119,18,16,1,-1,-1,-1
296,456,315,644,28,21,1,-1,-1,-1
296,474,462,604,22,21,1,-1,-1,-1
296,485,756,174,17,27,1,-1,-1,-1
296,514,275,285,22,24,1,-1,-1,-1
296,516,245,96,22,20,1,-1,-1,-1
296,519,805,623,23,23,1,-1,-1,-1
296,520,274,480,11,23,1,-1,-1,-1
296,521,298,483,16,22,1,-1,-1,-1
297,33,303,256,27,22,1,-1,-1,-1
297,34,427,622,23,22,1,-1,-1,-1
297,36,304,279,24,22,1,-1,-1,-1
297,37,339,570,22,23,1,-1,-1,-1
297,39,288,318,23,23,1,-1,-1,-1
297,40,307,415,23,22,1,-1,-1,-1
297,42,297,451,23,22,1,-1,-1,-1
297,43,333,603,24,24,1,-1,-1,-1
297,231,283,486,22,24,1,-1,-1,-1
297,303,703,617,22,22,1,-1,-1,-1
297,304,751,611,21,21,1,-1,-1,-1
297,310,342,540,20,22,1,-1,-1,-1
297,324,757,135,18,38,1,-1,-1,-1
297,361,307,235,23,23,1,-1,-1,-1
297,371,759,627,24,23,1,-1,-1,-1
297,389,270,528,21,24,1,-1,-1,-1
297,395,384,625,22,24,1,-1,-1,-1
297,397,269,348,23,27,1,-1,-1,-1
297,417,759,118,17,17,1,-1,-1,-1
297,433,748,657,20,17,1,-1,-1,-1
297,456,311,643,28,20,1,-1,-1,-1
297,474,460,604,22,21,1,-1,-1,-1
297,514,275,277,21,24,1,-1,-1,-1
297,516,244,95,23,21,1,-1,-1,-1
297,519,804,622,24,25,1,-1,-1,-1
297,520,273,466,12,28,1,-1,-1,-1
297,521,296,470,17,27,1,-1,-1,-1
298,33,303,255,27,22,1,-1,-1,-1
298,34,426,621,22,23,1,-1,-1,-1
298,36,304,277,23,22,1,-1,-1,-1
298,37,338,569,22,22,1,-1,-1,-1
298,39,289,317,22,22,1,-1,-1,-1
298,40,306,414,24,22,1,-1,-1,-1
298,42,295,448,26,36,1,-1,-1,-1
298,43,332,603,25,23,1,-1,-1,-1
298,231,283,483,21,26,1,-1,-1,-1
298,303,701,618,22,22,1,-1,-1,-1
298,304,749,611,23,21,1,-1,-1,-1
298,310,341,539,19,22,1,-1,-1,-1
298,324,757,135,18,38,1,-1,-1,-1
298,361,307,234,22,23,1,-1,-1,-1
298,371,759,628,23,22,1,-1,-1,-1
298,389,270,528,21,23,1,-1,-1,-1
298,395,383,625,22,24,1,-1,-1,-1
298,397,269,348,23,27,1,-1,-1,-1
298,419,800,574,25,21,1,-1,-1,-1
298,456,308,641,27,21,1,-1,-1,-1
298,474,458,604,22,21,1,-1,-1,-1
298,492,819,480,25,21,1,-1,-1,-1
298,494,808,500,22,22,1,-1,-1,-1
298,514,274,269,22,24,1,-1,-1,-1
298,516,243,95,23,20,1,-1,-1,-1
298,519,804,623,23,24,1,-1,-1,-1
298,522,796,259,22,20,1,-1,-1,-1
298,523,841,555,25,26,1,-1,-1,-1
298,524,772,564,24,21,1,-1,-1,-1
298,525,710,598,24,16,1,-1,-1,-1
299,33,302,254,27,22,1,-1,-1,-1
299,34,424,621,22,23,1,-1,-1,-1
299,36,304,276,23,22,1,-1,-1,-1
299,37,337,568,22,22,1,-1,-1,-1
299,39,289,314,22,23,1,-1,-1,-1
299,40,307,412,23,22,1,-1,-1,-1
299,42,294,445,27,27,1,-1,-1,-1
299,43,331,603,25,23,1,-1,-1,-1
299,231,283,483,21,24,1,-1,-1,-1
299,303,700,618,22,22,1,-1,-1,-1
299,304,748,611,23,21,1,-1,-1,-1
299,310,340,537,20,22,1,-1,-1,-1
299,324,756,135,19,38,1,-1,-1,-1
299,361,307,233,23,23,1,-1,-1,-1
299,371,759,628,23,22,1,-1,-1,-1
299,389,269,528,22,23,1,-1,-1,-1
299,395,382,625,21,23,1,-1,-1,-1
299,417,759,109,18,26,1,-1,-1,-1
299,419,799,574,26,22,1,-1,-1,-1
299,456,305,640,27,21,1,-1,-1,-1
299,474,456,604,22,21,1,-1,-1,-1
299,494,808,502,22,23,1,-1,-1,-1
299,516,242,94,23,21,1,-1,-1,-1
299,519,804,624,23,22,1,-1,-1,-1
299,523,840,561,23,24,1,-1,-1,-1
299,524,769,570,22,20,1,-1,-1,-1
299,525,702,600,26,17,1,-1,-1,-1
300,33,302,253,27,21,1,-1,-1,-1
300,34,422,621,22,23,1,-1,-1,-1
300,36,304,275,23,22,1,-1,-1,-1
300,37,336,567,22,22,1,-1,-1,-1
300,39,288,312,23,23,1,-1,-1,-1
300,40,306,411,24,22,1,-1,-1,-1
300,42,297,443,24,23,1,-1,-1,-1
300,43,331,602,24,23,1,-1,-1,-1
300,231,282,481,22,24,1,-1,-1,-1
300,303,698,618,22,22,1,-1,-1,-1
300,304,748,612,22,21,1,-1,-1,-1
300,310,339,536,19,21,1,-1,-1,-1
300,324,756,135,19,23,1,-1,-1,-1
300,361,307,232,22,23,1,-1,-1,-1
300,371,759,628,24,22,1,-1,-1,-1
300,389,269,528,22,23,1,-1,-1,-1
300,395,380,625,22,23,1,-1,-1,-1
300,397,269,348,24,27,1,-1,-1,-1
300,417,759,119,17,16,1,-1,-1,-1
300,419,799,575,25,22,1,-1,-1,-1
300,433,734,656,21,19,1,-1,-1,-1
300,456,302,638,26,21,1,-1,-1,-1
300,474,455,603,21,22,1,-1,-1,-1
300,485,756,174,17,26,1,-1,-1,-1
300,492,819,484,26,21,1,-1,-1,-1
300,494,807,504,24,29,1,-1,-1,-1
300,516,242,94,23,21,1,-1,-1,-1
300,519,803,623,24,24,1,-1,-1,-1
300,523,840,566,22,23,1,-1,-1,-1
300,525,697,603,20,15,1,-1,-1,-1
300,526,756,158,16,15,1,-1,-1,-1
